edge_id,source_id,relation,target_id,evidence_ids,confidence,valid_from,valid_to,qualifiers_json,review_status
EDGE_000001,PLACE_000001,HAS_ADDRESS,ADDRESS_000001,EVD_000001,1.00,,,"{""source_relations"":[""has_address""],""source_datasets"":[""hoang_thanh_thang_long""]}",approved
EDGE_000002,PLACE_000001,LOCATED_IN,ADMIN_000001,EVD_000001,1.00,,,"{""source_relations"":[""located_in""],""source_datasets"":[""hoang_thanh_thang_long""]}",approved
EDGE_000003,PLACE_000001,LOCATED_IN,ADMIN_000002,EVD_000001,1.00,,,"{""source_relations"":[""located_in""],""source_datasets"":[""hoang_thanh_thang_long""]}",approved
EDGE_000004,PLACE_000001,HAS_CATEGORY,CATEGORY_000001,EVD_000001,0.95,,,"{""source_relations"":[""has_category""],""source_datasets"":[""hoang_thanh_thang_long""]}",approved
EDGE_000005,PLACE_000001,HAS_CATEGORY,CATEGORY_000002,EVD_000005|EVD_000025,0.95,,,"{""source_relations"":[""has_category""],""source_datasets"":[""hoang_thanh_thang_long""]}",approved
EDGE_000006,PLACE_000001,HAS_MEASUREMENT,VALUE_000002,EVD_000002|EVD_000006,1.00,,,"{""source_relations"":[""has_measurement""],""source_datasets"":[""hoang_thanh_thang_long""],""measurement_type"":""area"",""approximate"":true,""measurement_kind"":""area""}",approved
EDGE_000007,PLACE_000001,HAS_MEASUREMENT,VALUE_000003,EVD_000006,1.00,,,"{""source_relations"":[""has_measurement""],""source_datasets"":[""hoang_thanh_thang_long""],""measurement_type"":""buffer_area"",""measurement_kind"":""buffer_area""}",approved
EDGE_000008,PLACE_000001,HAS_COMPONENT,ARCH_000001,EVD_000002|EVD_000012,1.00,,,"{""source_relations"":[""has_component""],""source_datasets"":[""hoang_thanh_thang_long""]}",approved
EDGE_000009,PLACE_000001,HAS_COMPONENT,ARCH_000002,EVD_000002|EVD_000024,1.00,,,"{""source_relations"":[""has_component""],""source_datasets"":[""hoang_thanh_thang_long""]}",approved
EDGE_000010,PLACE_000001,HAS_COMPONENT,ARCH_000003,EVD_000002|EVD_000013,1.00,,,"{""source_relations"":[""has_component""],""source_datasets"":[""hoang_thanh_thang_long""]}",approved
EDGE_000011,PLACE_000001,HAS_COMPONENT,ARCH_000004,EVD_000002|EVD_000008,1.00,,,"{""source_relations"":[""has_component""],""source_datasets"":[""hoang_thanh_thang_long""]}",approved
EDGE_000012,PLACE_000001,HAS_COMPONENT,ARCHSITE_000001,EVD_000002|EVD_000005|EVD_000025,1.00,,,"{""source_relations"":[""has_component""],""source_datasets"":[""hoang_thanh_thang_long""]}",approved
EDGE_000013,PLACE_000001,HAS_COMPONENT,PLACE_000003,EVD_000002|EVD_000023,1.00,,,"{""source_relations"":[""has_component""],""source_datasets"":[""hoang_thanh_thang_long""]}",approved
EDGE_000014,PLACE_000001,HAS_COMPONENT,ARCH_000005,EVD_000017,1.00,,,"{""source_relations"":[""has_component""],""source_datasets"":[""hoang_thanh_thang_long""]}",approved
EDGE_000015,PLACE_000001,HAS_COMPONENT,ARCH_000006,EVD_000017,1.00,,,"{""source_relations"":[""has_component""],""source_datasets"":[""hoang_thanh_thang_long""]}",approved
EDGE_000016,PLACE_000001,RECOGNIZED_AS,HSTATUS_000001,EVD_000003|EVD_000006,1.00,2010-07-31,,"{""source_relations"":[""recognized_as""],""source_datasets"":[""hoang_thanh_thang_long""]}",approved
EDGE_000017,PLACE_000001,RECOGNIZED_BY,ORG_000001,EVD_000003|EVD_000006,1.00,2010-07-31,,"{""source_relations"":[""recognized_by""],""source_datasets"":[""hoang_thanh_thang_long""]}",approved
EDGE_000018,PLACE_000001,RECOGNIZED_IN,TIME_000001,EVD_000003|EVD_000006,1.00,,,"{""source_relations"":[""recognized_in""],""source_datasets"":[""hoang_thanh_thang_long""]}",approved
EDGE_000019,PLACE_000001,BUILT_IN,TIME_000002,EVD_000004,1.00,,,"{""source_relations"":[""built_in""],""source_datasets"":[""hoang_thanh_thang_long""]}",approved
EDGE_000020,PLACE_000001,BUILT_BY,PERSON_000001,EVD_000004,1.00,,,"{""source_relations"":[""built_by""],""source_datasets"":[""hoang_thanh_thang_long""]}",approved
EDGE_000021,PLACE_000001,HAS_EVENT,EVENT_000001,EVD_000004,1.00,,,"{""source_relations"":[""has_event""],""source_datasets"":[""hoang_thanh_thang_long""]}",approved
EDGE_000022,EVENT_000001,OCCURRED_IN,TIME_000002,EVD_000004,1.00,,,"{""source_relations"":[""occurred_in""],""source_datasets"":[""hoang_thanh_thang_long""]}",approved
EDGE_000023,EVENT_000001,INVOLVED_PERSON,PERSON_000001,EVD_000004,1.00,,,"{""source_relations"":[""involved_person""],""source_datasets"":[""hoang_thanh_thang_long""]}",approved
EDGE_000024,PLACE_000001,HAS_EVENT,EVENT_000002,EVD_000025,1.00,,,"{""source_relations"":[""has_event""],""source_datasets"":[""hoang_thanh_thang_long""]}",approved
EDGE_000025,EVENT_000002,OCCURRED_IN,TIME_000009,EVD_000025,1.00,,,"{""source_relations"":[""occurred_in""],""source_datasets"":[""hoang_thanh_thang_long""]}",approved
EDGE_000026,PLACE_000001,HAS_EVENT,EVENT_000003,EVD_000006,1.00,,,"{""source_relations"":[""has_event""],""source_datasets"":[""hoang_thanh_thang_long""]}",approved
EDGE_000027,EVENT_000003,OCCURRED_IN,TIME_000001,EVD_000006,1.00,,,"{""source_relations"":[""occurred_in""],""source_datasets"":[""hoang_thanh_thang_long""]}",approved
EDGE_000028,PLACE_000001,MANAGED_BY,ORG_000002,EVD_000007|EVD_000019,1.00,,,"{""source_relations"":[""managed_by""],""source_datasets"":[""hoang_thanh_thang_long""]}",approved
EDGE_000029,ORG_000002,ESTABLISHED_IN,TIME_000010,EVD_000020,1.00,,,"{""source_relations"":[""established_in""],""source_datasets"":[""hoang_thanh_thang_long""]}",approved
EDGE_000030,ORG_000002,ESTABLISHED_BY,ORG_000004,EVD_000020,1.00,,,"{""source_relations"":[""established_by""],""source_datasets"":[""hoang_thanh_thang_long""]}",approved
EDGE_000031,PLACE_000001,ASSOCIATED_WITH_PERIOD,HPERIOD_000001,EVD_000005|EVD_000026,1.00,,,"{""source_relations"":[""associated_with_period""],""source_datasets"":[""hoang_thanh_thang_long""]}",approved
EDGE_000032,PLACE_000001,ASSOCIATED_WITH_DYNASTY,DYNASTY_000001,EVD_000004|EVD_000005|EVD_000026,1.00,,,"{""source_relations"":[""associated_with_dynasty""],""source_datasets"":[""hoang_thanh_thang_long""]}",approved
EDGE_000033,PLACE_000001,ASSOCIATED_WITH_DYNASTY,DYNASTY_000002,EVD_000026,1.00,,,"{""source_relations"":[""associated_with_dynasty""],""source_datasets"":[""hoang_thanh_thang_long""]}",approved
EDGE_000034,PLACE_000001,ASSOCIATED_WITH_DYNASTY,DYNASTY_000003,EVD_000026,1.00,,,"{""source_relations"":[""associated_with_dynasty""],""source_datasets"":[""hoang_thanh_thang_long""]}",approved
EDGE_000035,PLACE_000001,ASSOCIATED_WITH_DYNASTY,DYNASTY_000004,EVD_000026,1.00,,,"{""source_relations"":[""associated_with_dynasty""],""source_datasets"":[""hoang_thanh_thang_long""]}",approved
EDGE_000036,PLACE_000001,ASSOCIATED_WITH_DYNASTY,DYNASTY_000005,EVD_000026,1.00,,,"{""source_relations"":[""associated_with_dynasty""],""source_datasets"":[""hoang_thanh_thang_long""]}",approved
EDGE_000037,PLACE_000001,ASSOCIATED_WITH_DYNASTY,DYNASTY_000006,EVD_000026,1.00,,,"{""source_relations"":[""associated_with_dynasty""],""source_datasets"":[""hoang_thanh_thang_long""]}",approved
EDGE_000038,PERSON_000001,ASSOCIATED_WITH_DYNASTY,DYNASTY_000001,EVD_000004,1.00,,,"{""source_relations"":[""associated_with_dynasty""],""source_datasets"":[""hoang_thanh_thang_long""]}",approved
EDGE_000039,PERSON_000002,ASSOCIATED_WITH_DYNASTY,DYNASTY_000003,EVD_000009,1.00,,,"{""source_relations"":[""associated_with_dynasty""],""source_datasets"":[""hoang_thanh_thang_long""]}",approved
EDGE_000040,PERSON_000003,ASSOCIATED_WITH_DYNASTY,DYNASTY_000003,EVD_000011,1.00,,,"{""source_relations"":[""associated_with_dynasty""],""source_datasets"":[""hoang_thanh_thang_long""]}",approved
EDGE_000041,PERSON_000004,ASSOCIATED_WITH_DYNASTY,DYNASTY_000006,EVD_000023,1.00,,,"{""source_relations"":[""associated_with_dynasty""],""source_datasets"":[""hoang_thanh_thang_long""]}",approved
EDGE_000042,PERSON_000005,ASSOCIATED_WITH_DYNASTY,DYNASTY_000006,EVD_000013,1.00,,,"{""source_relations"":[""associated_with_dynasty""],""source_datasets"":[""hoang_thanh_thang_long""]}",approved
EDGE_000043,PERSON_000001,HELD_ROLE,ROLE_000001,EVD_000004,1.00,,,"{""source_relations"":[""held_role""],""source_datasets"":[""hoang_thanh_thang_long""]}",approved
EDGE_000044,PERSON_000002,HELD_ROLE,ROLE_000001,EVD_000009,1.00,,,"{""source_relations"":[""held_role""],""source_datasets"":[""hoang_thanh_thang_long""]}",approved
EDGE_000045,PERSON_000005,HELD_ROLE,ROLE_000001,EVD_000013,1.00,,,"{""source_relations"":[""held_role""],""source_datasets"":[""hoang_thanh_thang_long""]}",approved
EDGE_000046,PERSON_000006,HELD_ROLE,ROLE_000002,EVD_000018,1.00,,,"{""source_relations"":[""held_role""],""source_datasets"":[""hoang_thanh_thang_long""]}",approved
EDGE_000047,PERSON_000007,HELD_ROLE,ROLE_000002,EVD_000018,1.00,,,"{""source_relations"":[""held_role""],""source_datasets"":[""hoang_thanh_thang_long""]}",approved
EDGE_000048,PLACE_000001,HAS_CULTURAL_LAYER,HPERIOD_000001,EVD_000005|EVD_000014,1.00,,,"{""source_relations"":[""has_cultural_layer""],""source_datasets"":[""hoang_thanh_thang_long""]}",approved
EDGE_000049,ARCHSITE_000001,HAS_CULTURAL_LAYER,HPERIOD_000001,EVD_000014,1.00,,,"{""source_relations"":[""has_cultural_layer""],""source_datasets"":[""hoang_thanh_thang_long""]}",approved
EDGE_000050,ARCHSITE_000001,HAS_CULTURAL_LAYER,DYNASTY_000001,EVD_000015,1.00,,,"{""source_relations"":[""has_cultural_layer""],""source_datasets"":[""hoang_thanh_thang_long""]}",approved
EDGE_000051,ARCHSITE_000001,HAS_CULTURAL_LAYER,DYNASTY_000002,EVD_000015,1.00,,,"{""source_relations"":[""has_cultural_layer""],""source_datasets"":[""hoang_thanh_thang_long""]}",approved
EDGE_000052,ARCHSITE_000001,HAS_CULTURAL_LAYER,DYNASTY_000003,EVD_000016,1.00,,,"{""source_relations"":[""has_cultural_layer""],""source_datasets"":[""hoang_thanh_thang_long""]}",approved
EDGE_000053,ARCHSITE_000001,HAS_CULTURAL_LAYER,DYNASTY_000005,EVD_000016,1.00,,,"{""source_relations"":[""has_cultural_layer""],""source_datasets"":[""hoang_thanh_thang_long""]}",approved
EDGE_000054,ARCHSITE_000001,HAS_COMPONENT,HOBJ_000002,EVD_000014,1.00,,,"{""source_relations"":[""has_component""],""source_datasets"":[""hoang_thanh_thang_long""]}",approved
EDGE_000055,ARCHSITE_000001,HAS_COMPONENT,HOBJ_000003,EVD_000015,1.00,,,"{""source_relations"":[""has_component""],""source_datasets"":[""hoang_thanh_thang_long""]}",approved
EDGE_000056,ARCHSITE_000001,HAS_COMPONENT,HOBJ_000004,EVD_000016,1.00,,,"{""source_relations"":[""has_component""],""source_datasets"":[""hoang_thanh_thang_long""]}",approved
EDGE_000057,HOBJ_000002,ASSOCIATED_WITH_PERIOD,HPERIOD_000001,EVD_000014,1.00,,,"{""source_relations"":[""associated_with_period""],""source_datasets"":[""hoang_thanh_thang_long""]}",approved
EDGE_000058,HOBJ_000003,ASSOCIATED_WITH_DYNASTY,DYNASTY_000001,EVD_000015,1.00,,,"{""source_relations"":[""associated_with_dynasty""],""source_datasets"":[""hoang_thanh_thang_long""]}",approved
EDGE_000059,HOBJ_000003,ASSOCIATED_WITH_DYNASTY,DYNASTY_000002,EVD_000015,1.00,,,"{""source_relations"":[""associated_with_dynasty""],""source_datasets"":[""hoang_thanh_thang_long""]}",approved
EDGE_000060,HOBJ_000004,ASSOCIATED_WITH_DYNASTY,DYNASTY_000003,EVD_000016,1.00,,,"{""source_relations"":[""associated_with_dynasty""],""source_datasets"":[""hoang_thanh_thang_long""]}",approved
EDGE_000061,HOBJ_000004,ASSOCIATED_WITH_DYNASTY,DYNASTY_000005,EVD_000016,1.00,,,"{""source_relations"":[""associated_with_dynasty""],""source_datasets"":[""hoang_thanh_thang_long""]}",approved
EDGE_000062,ARCH_000004,LOCATED_IN,LOCATION_000001,EVD_000008,1.00,,,"{""source_relations"":[""located_in""],""source_datasets"":[""hoang_thanh_thang_long""]}",approved
EDGE_000063,ARCH_000004,BUILT_IN,TIME_000004,EVD_000009,1.00,,,"{""source_relations"":[""built_in""],""source_datasets"":[""hoang_thanh_thang_long""]}",approved
EDGE_000064,ARCH_000004,BUILT_BY,PERSON_000002,EVD_000009,1.00,,,"{""source_relations"":[""built_by""],""source_datasets"":[""hoang_thanh_thang_long""]}",approved
EDGE_000065,ARCH_000004,ASSOCIATED_WITH_DYNASTY,DYNASTY_000003,EVD_000009|EVD_000010,1.00,,,"{""source_relations"":[""associated_with_dynasty""],""source_datasets"":[""hoang_thanh_thang_long""]}",approved
EDGE_000066,ARCH_000004,ASSOCIATED_WITH_DYNASTY,DYNASTY_000005,EVD_000009|EVD_000010,1.00,,,"{""source_relations"":[""associated_with_dynasty""],""source_datasets"":[""hoang_thanh_thang_long""]}",approved
EDGE_000067,ARCH_000004,HAS_ARCHITECTURAL_STYLE,ASTYLE_000001,EVD_000011,1.00,,,"{""source_relations"":[""has_architectural_style""],""source_datasets"":[""hoang_thanh_thang_long""]}",approved
EDGE_000068,ARCH_000004,BUILT_WITH,MATERIAL_000001,EVD_000011,1.00,,,"{""source_relations"":[""built_with""],""source_datasets"":[""hoang_thanh_thang_long""]}",approved
EDGE_000069,ARCH_000004,USED_FOR,ACTIVITY_000001,EVD_000008|EVD_000010,1.00,,,"{""source_relations"":[""used_for""],""source_datasets"":[""hoang_thanh_thang_long""]}",approved
EDGE_000070,ARCH_000004,USED_FOR,ACTIVITY_000002,EVD_000008|EVD_000010,1.00,,,"{""source_relations"":[""used_for""],""source_datasets"":[""hoang_thanh_thang_long""]}",approved
EDGE_000071,ARCH_000004,USED_FOR,ACTIVITY_000003,EVD_000008|EVD_000010,1.00,,,"{""source_relations"":[""used_for""],""source_datasets"":[""hoang_thanh_thang_long""]}",approved
EDGE_000072,ARCH_000004,HAS_COMPONENT,ARCH_000007,EVD_000011,1.00,,,"{""source_relations"":[""has_component""],""source_datasets"":[""hoang_thanh_thang_long""]}",approved
EDGE_000073,ARCH_000007,HAS_COMPONENT,HOBJ_000001,EVD_000011,1.00,,,"{""source_relations"":[""has_component""],""source_datasets"":[""hoang_thanh_thang_long""]}",approved
EDGE_000074,ARCH_000007,BUILT_IN,TIME_000005,EVD_000011,1.00,,,"{""source_relations"":[""built_in""],""source_datasets"":[""hoang_thanh_thang_long""]}",approved
EDGE_000075,ARCH_000007,ASSOCIATED_WITH_PERSON,PERSON_000003,EVD_000011,1.00,,,"{""source_relations"":[""associated_with_person""],""source_datasets"":[""hoang_thanh_thang_long""]}",approved
EDGE_000076,ARCH_000007,ASSOCIATED_WITH_DYNASTY,DYNASTY_000003,EVD_000011,1.00,,,"{""source_relations"":[""associated_with_dynasty""],""source_datasets"":[""hoang_thanh_thang_long""]}",approved
EDGE_000077,HOBJ_000001,BUILT_WITH,MATERIAL_000002,EVD_000011,1.00,,,"{""source_relations"":[""built_with""],""source_datasets"":[""hoang_thanh_thang_long""]}",approved
EDGE_000078,HOBJ_000001,ASSOCIATED_WITH_PERSON,PERSON_000003,EVD_000011,1.00,,,"{""source_relations"":[""associated_with_person""],""source_datasets"":[""hoang_thanh_thang_long""]}",approved
EDGE_000079,HOBJ_000001,ASSOCIATED_WITH_DYNASTY,DYNASTY_000003,EVD_000011,1.00,,,"{""source_relations"":[""associated_with_dynasty""],""source_datasets"":[""hoang_thanh_thang_long""]}",approved
EDGE_000080,ARCH_000004,HAS_MEASUREMENT,VALUE_000004,EVD_000011,1.00,,,"{""source_relations"":[""has_measurement""],""source_datasets"":[""hoang_thanh_thang_long""],""measurement_type"":""length"",""approximate"":true,""measurement_kind"":""length""}",approved
EDGE_000081,ARCH_000004,HAS_MEASUREMENT,VALUE_000005,EVD_000011,1.00,,,"{""source_relations"":[""has_measurement""],""source_datasets"":[""hoang_thanh_thang_long""],""measurement_type"":""width"",""measurement_kind"":""width""}",approved
EDGE_000082,ARCH_000004,HAS_MEASUREMENT,VALUE_000006,EVD_000011,1.00,,,"{""source_relations"":[""has_measurement""],""source_datasets"":[""hoang_thanh_thang_long""],""measurement_type"":""height"",""approximate"":true,""measurement_kind"":""height""}",approved
EDGE_000083,ARCH_000007,HAS_MEASUREMENT,VALUE_000007,EVD_000011,1.00,,,"{""source_relations"":[""has_measurement""],""source_datasets"":[""hoang_thanh_thang_long""],""measurement_type"":""step_count"",""measurement_kind"":""step_count""}",approved
EDGE_000084,ARCH_000001,ASSOCIATED_WITH_DYNASTY,DYNASTY_000003,EVD_000012,1.00,,,"{""source_relations"":[""associated_with_dynasty""],""source_datasets"":[""hoang_thanh_thang_long""]}",approved
EDGE_000085,ARCH_000001,RENOVATED_BY,DYNASTY_000006,EVD_000012,1.00,,,"{""source_relations"":[""renovated_by""],""source_datasets"":[""hoang_thanh_thang_long""]}",approved
EDGE_000086,ARCH_000001,RENOVATED_IN,TIME_000011,EVD_000012,1.00,,,"{""source_relations"":[""renovated_in""],""source_datasets"":[""hoang_thanh_thang_long""]}",approved
EDGE_000087,ARCH_000001,HAS_ARCHITECTURAL_STYLE,ASTYLE_000001,EVD_000012,0.95,,,"{""source_relations"":[""has_architectural_style""],""source_datasets"":[""hoang_thanh_thang_long""]}",approved
EDGE_000088,ARCH_000001,USED_FOR,ACTIVITY_000002,EVD_000012,1.00,,,"{""source_relations"":[""used_for""],""source_datasets"":[""hoang_thanh_thang_long""]}",approved
EDGE_000089,ARCH_000003,BUILT_IN,TIME_000007,EVD_000013,1.00,,,"{""source_relations"":[""built_in""],""source_datasets"":[""hoang_thanh_thang_long""]}",approved
EDGE_000090,ARCH_000003,BUILT_BY,PERSON_000005,EVD_000013,1.00,,,"{""source_relations"":[""built_by""],""source_datasets"":[""hoang_thanh_thang_long""]}",approved
EDGE_000091,ARCH_000003,ASSOCIATED_WITH_DYNASTY,DYNASTY_000006,EVD_000013,1.00,,,"{""source_relations"":[""associated_with_dynasty""],""source_datasets"":[""hoang_thanh_thang_long""]}",approved
EDGE_000092,ARCH_000003,BUILT_WITH,MATERIAL_000003,EVD_000013,1.00,,,"{""source_relations"":[""built_with""],""source_datasets"":[""hoang_thanh_thang_long""]}",approved
EDGE_000093,ARCH_000003,HAS_ARCHITECTURAL_STYLE,ASTYLE_000002,EVD_000013,1.00,,,"{""source_relations"":[""has_architectural_style""],""source_datasets"":[""hoang_thanh_thang_long""]}",approved
EDGE_000094,ARCH_000002,ASSOCIATED_WITH_DYNASTY,DYNASTY_000006,EVD_000024,1.00,,,"{""source_relations"":[""associated_with_dynasty""],""source_datasets"":[""hoang_thanh_thang_long""]}",approved
EDGE_000095,PLACE_000003,BUILT_IN,TIME_000006,EVD_000023|EVD_000187,1.00,,,"{""source_relations"":[""built_in""],""source_datasets"":[""hoang_thanh_thang_long""],""construction_phase"":""completion""}",approved
EDGE_000096,PLACE_000003,BUILT_BY,DYNASTY_000006,EVD_000023|EVD_000187,0.95,,,"{""source_relations"":[""built_by""],""source_datasets"":[""hoang_thanh_thang_long""]}",approved
EDGE_000097,PLACE_000003,ASSOCIATED_WITH_PERSON,PERSON_000004,EVD_000023|EVD_000187,1.00,,,"{""source_relations"":[""associated_with_person""],""source_datasets"":[""hoang_thanh_thang_long""]}",approved
EDGE_000098,PLACE_000003,ASSOCIATED_WITH_DYNASTY,DYNASTY_000006,EVD_000023|EVD_000187,1.00,,,"{""source_relations"":[""associated_with_dynasty""],""source_datasets"":[""hoang_thanh_thang_long""]}",approved
EDGE_000099,PLACE_000003,HAS_MEASUREMENT,VALUE_000008,EVD_000023,1.00,,,"{""source_relations"":[""has_measurement""],""source_datasets"":[""hoang_thanh_thang_long""],""measurement_type"":""height"",""measurement_kind"":""height""}",approved
EDGE_000100,ARCH_000005,BUILT_IN,TIME_000008,EVD_000017,1.00,,,"{""source_relations"":[""built_in""],""source_datasets"":[""hoang_thanh_thang_long""]}",approved
EDGE_000101,ARCH_000005,BUILT_BY,ORG_000003,EVD_000017,1.00,,,"{""source_relations"":[""built_by""],""source_datasets"":[""hoang_thanh_thang_long""]}",approved
EDGE_000102,ARCH_000005,ASSOCIATED_WITH_PERIOD,HPERIOD_000002,EVD_000017|EVD_000018,1.00,,,"{""source_relations"":[""associated_with_period""],""source_datasets"":[""hoang_thanh_thang_long""]}",approved
EDGE_000103,ARCH_000005,HAS_ARCHITECTURAL_STYLE,ASTYLE_000003,EVD_000017,1.00,,,"{""source_relations"":[""has_architectural_style""],""source_datasets"":[""hoang_thanh_thang_long""]}",approved
EDGE_000104,ARCH_000005,USED_FOR,ACTIVITY_000008,EVD_000017|EVD_000018,1.00,,,"{""source_relations"":[""used_for""],""source_datasets"":[""hoang_thanh_thang_long""]}",approved
EDGE_000105,ARCH_000005,ASSOCIATED_WITH_PERSON,PERSON_000006,EVD_000018,1.00,,,"{""source_relations"":[""associated_with_person""],""source_datasets"":[""hoang_thanh_thang_long""]}",approved
EDGE_000106,ARCH_000005,ASSOCIATED_WITH_PERSON,PERSON_000007,EVD_000018,1.00,,,"{""source_relations"":[""associated_with_person""],""source_datasets"":[""hoang_thanh_thang_long""]}",approved
EDGE_000107,ARCH_000005,HAS_MEASUREMENT,VALUE_000010,EVD_000018,1.00,,,"{""source_relations"":[""has_measurement""],""source_datasets"":[""hoang_thanh_thang_long""],""measurement_type"":""wall_thickness"",""measurement_kind"":""wall_thickness""}",approved
EDGE_000108,ARCH_000006,BUILT_IN,TIME_000008,EVD_000017,1.00,,,"{""source_relations"":[""built_in""],""source_datasets"":[""hoang_thanh_thang_long""]}",approved
EDGE_000109,ARCH_000006,BUILT_BY,ORG_000003,EVD_000017,1.00,,,"{""source_relations"":[""built_by""],""source_datasets"":[""hoang_thanh_thang_long""]}",approved
EDGE_000110,ARCH_000006,ASSOCIATED_WITH_PERIOD,HPERIOD_000002,EVD_000017|EVD_000018,1.00,,,"{""source_relations"":[""associated_with_period""],""source_datasets"":[""hoang_thanh_thang_long""]}",approved
EDGE_000111,ARCH_000006,USED_FOR,ACTIVITY_000008,EVD_000017|EVD_000018,1.00,,,"{""source_relations"":[""used_for""],""source_datasets"":[""hoang_thanh_thang_long""]}",approved
EDGE_000112,ARCH_000006,HAS_MEASUREMENT,VALUE_000009,EVD_000018,1.00,,,"{""source_relations"":[""has_measurement""],""source_datasets"":[""hoang_thanh_thang_long""],""measurement_type"":""depth"",""measurement_kind"":""depth""}",approved
EDGE_000113,PLACE_000001,HAS_ACTIVITY,ACTIVITY_000004,EVD_000021|EVD_000022,1.00,,,"{""source_relations"":[""has_activity""],""source_datasets"":[""hoang_thanh_thang_long""]}",approved
EDGE_000114,PLACE_000001,HAS_ACTIVITY,ACTIVITY_000005,EVD_000021|EVD_000022,1.00,,,"{""source_relations"":[""has_activity""],""source_datasets"":[""hoang_thanh_thang_long""]}",approved
EDGE_000115,PLACE_000001,HAS_ACTIVITY,ACTIVITY_000006,EVD_000022,1.00,,,"{""source_relations"":[""has_activity""],""source_datasets"":[""hoang_thanh_thang_long""]}",approved
EDGE_000116,PLACE_000001,HAS_ACTIVITY,ACTIVITY_000007,EVD_000022,1.00,,,"{""source_relations"":[""has_activity""],""source_datasets"":[""hoang_thanh_thang_long""]}",approved
EDGE_000117,PLACE_000001,SUITABLE_FOR,VISITOR_000001,EVD_000021,1.00,,,"{""source_relations"":[""suitable_for""],""source_datasets"":[""hoang_thanh_thang_long""]}",approved
EDGE_000118,PLACE_000004,HAS_ADDRESS,ADDRESS_000002,EVD_000027,1.00,,,"{""source_relations"":[""has_address""],""source_datasets"":[""van_mieu_quoc_tu_giam""]}",approved
EDGE_000119,PLACE_000004,LOCATED_IN,ADMIN_000003,EVD_000028,1.00,,,"{""source_relations"":[""located_in""],""source_datasets"":[""van_mieu_quoc_tu_giam""]}",approved
EDGE_000120,PLACE_000004,LOCATED_IN,ADMIN_000002,EVD_000029,1.00,,,"{""source_relations"":[""located_in""],""source_datasets"":[""van_mieu_quoc_tu_giam""]}",approved
EDGE_000121,PLACE_000004,HAS_CATEGORY,CATEGORY_000001,EVD_000030,1.00,,,"{""source_relations"":[""has_category""],""source_datasets"":[""van_mieu_quoc_tu_giam""]}",approved
EDGE_000122,PLACE_000004,HAS_COMPONENT,ARCH_000008,EVD_000031,1.00,,,"{""source_relations"":[""has_component""],""source_datasets"":[""van_mieu_quoc_tu_giam""]}",approved
EDGE_000123,PLACE_000004,HAS_COMPONENT,ARCH_000009,EVD_000032,1.00,,,"{""source_relations"":[""has_component""],""source_datasets"":[""van_mieu_quoc_tu_giam""]}",approved
EDGE_000124,PLACE_000004,HAS_COMPONENT,ARCH_000010,EVD_000033,1.00,,,"{""source_relations"":[""has_component""],""source_datasets"":[""van_mieu_quoc_tu_giam""]}",approved
EDGE_000125,PLACE_000004,HAS_COMPONENT,ARCH_000011,EVD_000034,1.00,,,"{""source_relations"":[""has_component""],""source_datasets"":[""van_mieu_quoc_tu_giam""]}",approved
EDGE_000126,PLACE_000004,HAS_COMPONENT,ARCH_000012,EVD_000035,1.00,,,"{""source_relations"":[""has_component""],""source_datasets"":[""van_mieu_quoc_tu_giam""]}",approved
EDGE_000127,PLACE_000004,HAS_COMPONENT,ARCH_000013,EVD_000036,1.00,,,"{""source_relations"":[""has_component""],""source_datasets"":[""van_mieu_quoc_tu_giam""]}",approved
EDGE_000128,PLACE_000004,HAS_COMPONENT,ARCH_000014,EVD_000037,1.00,,,"{""source_relations"":[""has_component""],""source_datasets"":[""van_mieu_quoc_tu_giam""]}",approved
EDGE_000129,PLACE_000004,HAS_COMPONENT,ARCH_000015,EVD_000038,1.00,,,"{""source_relations"":[""has_component""],""source_datasets"":[""van_mieu_quoc_tu_giam""]}",approved
EDGE_000130,PLACE_000004,HAS_COMPONENT,ARCH_000016,EVD_000039,1.00,,,"{""source_relations"":[""has_component""],""source_datasets"":[""van_mieu_quoc_tu_giam""]}",approved
EDGE_000131,ARCH_000013,HAS_COMPONENT,ARCH_000017,EVD_000040,1.00,,,"{""source_relations"":[""has_component""],""source_datasets"":[""van_mieu_quoc_tu_giam""]}",approved
EDGE_000132,ARCH_000014,HAS_COMPONENT,ARCH_000024,EVD_000041,1.00,,,"{""source_relations"":[""has_component""],""source_datasets"":[""van_mieu_quoc_tu_giam""]}",approved
EDGE_000133,ARCH_000014,HAS_COMPONENT,HOBJ_000005,EVD_000042,1.00,,,"{""source_relations"":[""has_component""],""source_datasets"":[""van_mieu_quoc_tu_giam""]}",approved
EDGE_000134,ARCH_000015,HAS_COMPONENT,ARCH_000018,EVD_000043,1.00,,,"{""source_relations"":[""has_component""],""source_datasets"":[""van_mieu_quoc_tu_giam""]}",approved
EDGE_000135,ARCH_000016,HAS_COMPONENT,ARCH_000019,EVD_000044,1.00,,,"{""source_relations"":[""has_component""],""source_datasets"":[""van_mieu_quoc_tu_giam""]}",approved
EDGE_000136,ARCH_000019,HAS_COMPONENT,ARCH_000020,EVD_000045,1.00,,,"{""source_relations"":[""has_component""],""source_datasets"":[""van_mieu_quoc_tu_giam""]}",approved
EDGE_000137,ARCH_000019,HAS_COMPONENT,ARCH_000021,EVD_000046,1.00,,,"{""source_relations"":[""has_component""],""source_datasets"":[""van_mieu_quoc_tu_giam""]}",approved
EDGE_000138,ARCH_000016,HAS_COMPONENT,ARCH_000022,EVD_000047,1.00,,,"{""source_relations"":[""has_component""],""source_datasets"":[""van_mieu_quoc_tu_giam""]}",approved
EDGE_000139,ARCH_000016,HAS_COMPONENT,ARCH_000023,EVD_000048,1.00,,,"{""source_relations"":[""has_component""],""source_datasets"":[""van_mieu_quoc_tu_giam""]}",approved
EDGE_000140,ARCH_000008,BUILT_IN,TIME_000012,EVD_000049,1.00,,,"{""source_relations"":[""built_in""],""source_datasets"":[""van_mieu_quoc_tu_giam""]}",approved
EDGE_000141,ARCH_000008,BUILT_BY,PERSON_000008,EVD_000050,1.00,,,"{""source_relations"":[""built_by""],""source_datasets"":[""van_mieu_quoc_tu_giam""]}",approved
EDGE_000142,ARCH_000008,HONORS,PERSON_000011,EVD_000051,1.00,,,"{""source_relations"":[""honors""],""source_datasets"":[""van_mieu_quoc_tu_giam""]}",approved
EDGE_000143,ARCH_000009,BUILT_IN,TIME_000013,EVD_000052,1.00,,,"{""source_relations"":[""built_in""],""source_datasets"":[""van_mieu_quoc_tu_giam""]}",approved
EDGE_000144,ARCH_000009,BUILT_BY,PERSON_000009,EVD_000053,1.00,,,"{""source_relations"":[""built_by""],""source_datasets"":[""van_mieu_quoc_tu_giam""]}",approved
EDGE_000145,ARCH_000017,BUILT_IN,TIME_000014,EVD_000054,1.00,,,"{""source_relations"":[""built_in""],""source_datasets"":[""van_mieu_quoc_tu_giam""]}",approved
EDGE_000146,ARCH_000017,BUILT_BY,PERSON_000012,EVD_000055,1.00,,,"{""source_relations"":[""built_by""],""source_datasets"":[""van_mieu_quoc_tu_giam""]}",approved
EDGE_000147,HOBJ_000005,RECOGNIZED_AS,HSTATUS_000002,EVD_000056,1.00,,,"{""source_relations"":[""recognized_as""],""source_datasets"":[""van_mieu_quoc_tu_giam""]}",approved
EDGE_000148,HOBJ_000005,RECOGNIZED_BY,ORG_000001,EVD_000057,1.00,,,"{""source_relations"":[""recognized_by""],""source_datasets"":[""van_mieu_quoc_tu_giam""]}",approved
EDGE_000149,HOBJ_000005,ASSOCIATED_WITH_PERSON,PERSON_000003,EVD_000058,1.00,,,"{""source_relations"":[""associated_with_person""],""source_datasets"":[""van_mieu_quoc_tu_giam""]}",approved
EDGE_000150,ARCH_000018,HONORS,PERSON_000011,EVD_000059,1.00,,,"{""source_relations"":[""honors""],""source_datasets"":[""van_mieu_quoc_tu_giam""]}",approved
EDGE_000151,ARCH_000021,HONORS,PERSON_000010,EVD_000060,1.00,,,"{""source_relations"":[""honors""],""source_datasets"":[""van_mieu_quoc_tu_giam""]}",approved
EDGE_000152,ARCH_000021,HONORS,PERSON_000008,EVD_000061,1.00,,,"{""source_relations"":[""honors""],""source_datasets"":[""van_mieu_quoc_tu_giam""]}",approved
EDGE_000153,ARCH_000021,HONORS,PERSON_000009,EVD_000062,1.00,,,"{""source_relations"":[""honors""],""source_datasets"":[""van_mieu_quoc_tu_giam""]}",approved
EDGE_000154,ARCH_000021,HONORS,PERSON_000003,EVD_000063,1.00,,,"{""source_relations"":[""honors""],""source_datasets"":[""van_mieu_quoc_tu_giam""]}",approved
EDGE_000155,PLACE_000004,ASSOCIATED_WITH_PERSON,PERSON_000010,EVD_000064,1.00,,,"{""source_relations"":[""associated_with_person""],""source_datasets"":[""van_mieu_quoc_tu_giam""]}",approved
EDGE_000156,PLACE_000004,ASSOCIATED_WITH_PERSON,PERSON_000008,EVD_000065,1.00,,,"{""source_relations"":[""associated_with_person""],""source_datasets"":[""van_mieu_quoc_tu_giam""]}",approved
EDGE_000157,PLACE_000004,ASSOCIATED_WITH_PERSON,PERSON_000009,EVD_000066,1.00,,,"{""source_relations"":[""associated_with_person""],""source_datasets"":[""van_mieu_quoc_tu_giam""]}",approved
EDGE_000158,PLACE_000002,LOCATED_IN,ADMIN_000002,EVD_000067,1.00,,,"{""source_relations"":[""located_in""],""source_datasets"":[""khu_di_tich_co_loa""]}",approved
EDGE_000159,PLACE_000002,HAS_CATEGORY,CATEGORY_000001,EVD_000068,1.00,,,"{""source_relations"":[""has_category""],""source_datasets"":[""khu_di_tich_co_loa""]}",approved
EDGE_000160,PLACE_000002,HAS_CATEGORY,CATEGORY_000002,EVD_000069,1.00,,,"{""source_relations"":[""has_category""],""source_datasets"":[""khu_di_tich_co_loa""]}",approved
EDGE_000161,PLACE_000002,RECOGNIZED_AS,HSTATUS_000003,EVD_000070,1.00,,,"{""source_relations"":[""recognized_as""],""source_datasets"":[""khu_di_tich_co_loa""]}",approved
EDGE_000162,PLACE_000002,HAS_COMPONENT,ARCH_000025,EVD_000071,1.00,,,"{""source_relations"":[""has_component""],""source_datasets"":[""khu_di_tich_co_loa""]}",approved
EDGE_000163,ARCH_000025,HAS_COMPONENT,ARCH_000026,EVD_000072,1.00,,,"{""source_relations"":[""has_component""],""source_datasets"":[""khu_di_tich_co_loa""]}",approved
EDGE_000164,ARCH_000025,HAS_COMPONENT,ARCH_000027,EVD_000073,1.00,,,"{""source_relations"":[""has_component""],""source_datasets"":[""khu_di_tich_co_loa""]}",approved
EDGE_000165,ARCH_000025,HAS_COMPONENT,ARCH_000028,EVD_000074,1.00,,,"{""source_relations"":[""has_component""],""source_datasets"":[""khu_di_tich_co_loa""]}",approved
EDGE_000166,ARCH_000025,HAS_COMPONENT,ARCH_000029,EVD_000075,1.00,,,"{""source_relations"":[""has_component""],""source_datasets"":[""khu_di_tich_co_loa""]}",approved
EDGE_000167,PLACE_000002,HAS_COMPONENT,ARCH_000030,EVD_000076,1.00,,,"{""source_relations"":[""has_component""],""source_datasets"":[""khu_di_tich_co_loa""]}",approved
EDGE_000168,PLACE_000002,HAS_COMPONENT,ARCH_000031,EVD_000077,1.00,,,"{""source_relations"":[""has_component""],""source_datasets"":[""khu_di_tich_co_loa""]}",approved
EDGE_000169,PLACE_000002,HAS_COMPONENT,ARCH_000032,EVD_000078,1.00,,,"{""source_relations"":[""has_component""],""source_datasets"":[""khu_di_tich_co_loa""]}",approved
EDGE_000170,PLACE_000002,HAS_COMPONENT,ARCH_000033,EVD_000079,1.00,,,"{""source_relations"":[""has_component""],""source_datasets"":[""khu_di_tich_co_loa""]}",approved
EDGE_000171,PLACE_000002,HAS_COMPONENT,ARCH_000034,EVD_000080,1.00,,,"{""source_relations"":[""has_component""],""source_datasets"":[""khu_di_tich_co_loa""]}",approved
EDGE_000172,PLACE_000002,HAS_COMPONENT,ARCH_000035,EVD_000081,1.00,,,"{""source_relations"":[""has_component""],""source_datasets"":[""khu_di_tich_co_loa""]}",approved
EDGE_000173,PLACE_000002,HAS_COMPONENT,ARCH_000036,EVD_000082,1.00,,,"{""source_relations"":[""has_component""],""source_datasets"":[""khu_di_tich_co_loa""]}",approved
EDGE_000174,PLACE_000002,HAS_COMPONENT,ARCHSITE_000002,EVD_000083,1.00,,,"{""source_relations"":[""has_component""],""source_datasets"":[""khu_di_tich_co_loa""]}",approved
EDGE_000175,PLACE_000002,HAS_COMPONENT,ARCHSITE_000003,EVD_000084,1.00,,,"{""source_relations"":[""has_component""],""source_datasets"":[""khu_di_tich_co_loa""]}",approved
EDGE_000176,PLACE_000002,HAS_COMPONENT,ARCHSITE_000004,EVD_000085,1.00,,,"{""source_relations"":[""has_component""],""source_datasets"":[""khu_di_tich_co_loa""]}",approved
EDGE_000177,PLACE_000002,ASSOCIATED_WITH_PERSON,PERSON_000013,EVD_000086,1.00,,,"{""source_relations"":[""associated_with_person""],""source_datasets"":[""khu_di_tich_co_loa""]}",approved
EDGE_000178,PLACE_000002,ASSOCIATED_WITH_PERSON,PERSON_000014,EVD_000087,1.00,,,"{""source_relations"":[""associated_with_person""],""source_datasets"":[""khu_di_tich_co_loa""]}",approved
EDGE_000179,PLACE_000002,ASSOCIATED_WITH_PERSON,PERSON_000015,EVD_000088,1.00,,,"{""source_relations"":[""associated_with_person""],""source_datasets"":[""khu_di_tich_co_loa""]}",approved
EDGE_000180,PLACE_000002,ASSOCIATED_WITH_PERSON,PERSON_000016,EVD_000089,1.00,,,"{""source_relations"":[""associated_with_person""],""source_datasets"":[""khu_di_tich_co_loa""]}",approved
EDGE_000181,ARCH_000025,BUILT_IN,TIME_000015,EVD_000090,1.00,,,"{""source_relations"":[""built_in""],""source_datasets"":[""khu_di_tich_co_loa""]}",approved
EDGE_000182,ARCH_000025,BUILT_BY,PERSON_000013,EVD_000091,1.00,,,"{""source_relations"":[""built_by""],""source_datasets"":[""khu_di_tich_co_loa""]}",approved
EDGE_000183,ARCH_000030,HONORS,PERSON_000013,EVD_000092,1.00,,,"{""source_relations"":[""honors""],""source_datasets"":[""khu_di_tich_co_loa""]}",approved
EDGE_000184,ARCH_000032,HONORS,PERSON_000014,EVD_000093,1.00,,,"{""source_relations"":[""honors""],""source_datasets"":[""khu_di_tich_co_loa""]}",approved
EDGE_000185,ARCH_000031,ASSOCIATED_WITH_PERSON,PERSON_000013,EVD_000094,1.00,,,"{""source_relations"":[""associated_with_person""],""source_datasets"":[""khu_di_tich_co_loa""]}",approved
EDGE_000186,ARCH_000034,HONORS,PERSON_000015,EVD_000095,1.00,,,"{""source_relations"":[""honors""],""source_datasets"":[""khu_di_tich_co_loa""]}",approved
EDGE_000187,ARCHSITE_000002,HAS_COMPONENT,HOBJ_000006,EVD_000096,1.00,,,"{""source_relations"":[""has_component""],""source_datasets"":[""khu_di_tich_co_loa""]}",approved
EDGE_000188,ARCHSITE_000003,HAS_COMPONENT,HOBJ_000007,EVD_000097,1.00,,,"{""source_relations"":[""has_component""],""source_datasets"":[""khu_di_tich_co_loa""]}",approved
EDGE_000189,ARCHSITE_000004,HAS_COMPONENT,HOBJ_000008,EVD_000098,1.00,,,"{""source_relations"":[""has_component""],""source_datasets"":[""khu_di_tich_co_loa""]}",approved
EDGE_000190,PLACE_000002,HAS_EVENT,EVENT_000004,EVD_000099,1.00,,,"{""source_relations"":[""has_event""],""source_datasets"":[""khu_di_tich_co_loa""]}",approved
EDGE_000191,EVENT_000004,OCCURRED_IN,TIME_000016,EVD_000100,1.00,,,"{""source_relations"":[""occurred_in""],""source_datasets"":[""khu_di_tich_co_loa""]}",approved
EDGE_000192,PLACE_000002,HAS_EVENT,EVENT_000005,EVD_000101,1.00,,,"{""source_relations"":[""has_event""],""source_datasets"":[""khu_di_tich_co_loa""]}",approved
EDGE_000193,EVENT_000005,OCCURRED_IN,TIME_000017,EVD_000102,1.00,,,"{""source_relations"":[""occurred_in""],""source_datasets"":[""khu_di_tich_co_loa""]}",approved
EDGE_000194,HOBJ_000007,RECOGNIZED_AS,HSTATUS_000004,EVD_000103,1.00,,,"{""source_relations"":[""recognized_as""],""source_datasets"":[""khu_di_tich_co_loa""]}",approved
EDGE_000195,HOBJ_000008,RECOGNIZED_AS,HSTATUS_000004,EVD_000104,1.00,,,"{""source_relations"":[""recognized_as""],""source_datasets"":[""khu_di_tich_co_loa""]}",approved
EDGE_000196,ARCHSITE_000004,ASSOCIATED_WITH_PERSON,PERSON_000013,EVD_000105,1.00,,,"{""source_relations"":[""associated_with_person""],""source_datasets"":[""khu_di_tich_co_loa""]}",approved
EDGE_000197,PLACE_000002,MANAGED_BY,ORG_000002,EVD_000106,1.00,,,"{""source_relations"":[""managed_by""],""source_datasets"":[""khu_di_tich_co_loa""]}",approved
EDGE_000198,PLACE_000005,HAS_ADDRESS,ADDRESS_000003,EVD_000107,1.00,,,"{""source_relations"":[""has_address""],""source_datasets"":[""di_tich_nha_tu_hoa_lo""]}",approved
EDGE_000199,PLACE_000005,LOCATED_IN,ADMIN_000004,EVD_000108,1.00,,,"{""source_relations"":[""located_in""],""source_datasets"":[""di_tich_nha_tu_hoa_lo""]}",approved
EDGE_000200,PLACE_000005,LOCATED_IN,ADMIN_000002,EVD_000109,1.00,,,"{""source_relations"":[""located_in""],""source_datasets"":[""di_tich_nha_tu_hoa_lo""]}",approved
EDGE_000201,PLACE_000005,HAS_CATEGORY,CATEGORY_000001,EVD_000110,1.00,,,"{""source_relations"":[""has_category""],""source_datasets"":[""di_tich_nha_tu_hoa_lo""]}",approved
EDGE_000202,PLACE_000005,BUILT_IN,TIME_000018,EVD_000111,1.00,,,"{""source_relations"":[""built_in""],""source_datasets"":[""di_tich_nha_tu_hoa_lo""]}",approved
EDGE_000203,PLACE_000005,BUILT_BY,ORG_000006,EVD_000112,1.00,,,"{""source_relations"":[""built_by""],""source_datasets"":[""di_tich_nha_tu_hoa_lo""]}",approved
EDGE_000204,PLACE_000005,RECOGNIZED_AS,HSTATUS_000005,EVD_000113,1.00,,,"{""source_relations"":[""recognized_as""],""source_datasets"":[""di_tich_nha_tu_hoa_lo""]}",approved
EDGE_000205,PLACE_000005,RECOGNIZED_IN,TIME_000021,EVD_000114,1.00,,,"{""source_relations"":[""recognized_in""],""source_datasets"":[""di_tich_nha_tu_hoa_lo""]}",approved
EDGE_000206,PLACE_000005,MANAGED_BY,ORG_000005,EVD_000115,1.00,,,"{""source_relations"":[""managed_by""],""source_datasets"":[""di_tich_nha_tu_hoa_lo""]}",approved
EDGE_000207,PLACE_000005,HAS_MEASUREMENT,VALUE_000011,EVD_000116,1.00,,,"{""source_relations"":[""has_measurement""],""source_datasets"":[""di_tich_nha_tu_hoa_lo""],""measurement_kind"":""area""}",approved
EDGE_000208,PLACE_000005,HAS_MEASUREMENT,VALUE_000012,EVD_000117,1.00,,,"{""source_relations"":[""has_measurement""],""source_datasets"":[""di_tich_nha_tu_hoa_lo""],""measurement_kind"":""area""}",approved
EDGE_000209,PLACE_000005,HAS_COMPONENT,ARCH_000037,EVD_000118,1.00,,,"{""source_relations"":[""has_component""],""source_datasets"":[""di_tich_nha_tu_hoa_lo""]}",approved
EDGE_000210,PLACE_000005,HAS_COMPONENT,ARCH_000038,EVD_000119,1.00,,,"{""source_relations"":[""has_component""],""source_datasets"":[""di_tich_nha_tu_hoa_lo""]}",approved
EDGE_000211,PLACE_000005,HAS_COMPONENT,ARCH_000039,EVD_000120,1.00,,,"{""source_relations"":[""has_component""],""source_datasets"":[""di_tich_nha_tu_hoa_lo""]}",approved
EDGE_000212,PLACE_000005,HAS_COMPONENT,ARCH_000040,EVD_000121,1.00,,,"{""source_relations"":[""has_component""],""source_datasets"":[""di_tich_nha_tu_hoa_lo""]}",approved
EDGE_000213,PLACE_000005,HAS_COMPONENT,ARCH_000041,EVD_000122,1.00,,,"{""source_relations"":[""has_component""],""source_datasets"":[""di_tich_nha_tu_hoa_lo""]}",approved
EDGE_000214,PLACE_000005,HAS_COMPONENT,ARCH_000042,EVD_000123,1.00,,,"{""source_relations"":[""has_component""],""source_datasets"":[""di_tich_nha_tu_hoa_lo""]}",approved
EDGE_000215,PLACE_000005,HAS_COMPONENT,ARCH_000043,EVD_000124,1.00,,,"{""source_relations"":[""has_component""],""source_datasets"":[""di_tich_nha_tu_hoa_lo""]}",approved
EDGE_000216,PLACE_000005,HAS_COMPONENT,HOBJ_000009,EVD_000125,1.00,,,"{""source_relations"":[""has_component""],""source_datasets"":[""di_tich_nha_tu_hoa_lo""]}",approved
EDGE_000217,PLACE_000005,HAS_COMPONENT,HOBJ_000010,EVD_000126,1.00,,,"{""source_relations"":[""has_component""],""source_datasets"":[""di_tich_nha_tu_hoa_lo""]}",approved
EDGE_000218,ARCH_000037,LOCATED_IN,PLACE_000005,EVD_000127,1.00,,,"{""source_relations"":[""located_in""],""source_datasets"":[""di_tich_nha_tu_hoa_lo""]}",approved
EDGE_000219,ARCH_000038,LOCATED_IN,PLACE_000005,EVD_000128,1.00,,,"{""source_relations"":[""located_in""],""source_datasets"":[""di_tich_nha_tu_hoa_lo""]}",approved
EDGE_000220,ARCH_000039,LOCATED_IN,PLACE_000005,EVD_000129,1.00,,,"{""source_relations"":[""located_in""],""source_datasets"":[""di_tich_nha_tu_hoa_lo""]}",approved
EDGE_000221,ARCH_000040,LOCATED_IN,PLACE_000005,EVD_000130,1.00,,,"{""source_relations"":[""located_in""],""source_datasets"":[""di_tich_nha_tu_hoa_lo""]}",approved
EDGE_000222,ARCH_000041,LOCATED_IN,PLACE_000005,EVD_000131,1.00,,,"{""source_relations"":[""located_in""],""source_datasets"":[""di_tich_nha_tu_hoa_lo""]}",approved
EDGE_000223,ARCH_000042,LOCATED_IN,PLACE_000005,EVD_000132,1.00,,,"{""source_relations"":[""located_in""],""source_datasets"":[""di_tich_nha_tu_hoa_lo""]}",approved
EDGE_000224,PLACE_000005,HAS_EVENT,EVENT_000006,EVD_000133,1.00,,,"{""source_relations"":[""has_event""],""source_datasets"":[""di_tich_nha_tu_hoa_lo""]}",approved
EDGE_000225,PLACE_000005,HAS_EVENT,EVENT_000007,EVD_000134,1.00,,,"{""source_relations"":[""has_event""],""source_datasets"":[""di_tich_nha_tu_hoa_lo""]}",approved
EDGE_000226,PLACE_000005,HAS_EVENT,EVENT_000008,EVD_000135,1.00,,,"{""source_relations"":[""has_event""],""source_datasets"":[""di_tich_nha_tu_hoa_lo""]}",approved
EDGE_000227,PLACE_000005,HAS_EVENT,EVENT_000009,EVD_000136,1.00,,,"{""source_relations"":[""has_event""],""source_datasets"":[""di_tich_nha_tu_hoa_lo""]}",approved
EDGE_000228,EVENT_000006,OCCURRED_IN,TIME_000018,EVD_000137,1.00,,,"{""source_relations"":[""occurred_in""],""source_datasets"":[""di_tich_nha_tu_hoa_lo""]}",approved
EDGE_000229,EVENT_000007,OCCURRED_IN,TIME_000019,EVD_000138,1.00,,,"{""source_relations"":[""occurred_in""],""source_datasets"":[""di_tich_nha_tu_hoa_lo""]}",approved
EDGE_000230,EVENT_000008,OCCURRED_IN,TIME_000020,EVD_000139,1.00,,,"{""source_relations"":[""occurred_in""],""source_datasets"":[""di_tich_nha_tu_hoa_lo""]}",approved
EDGE_000231,EVENT_000009,OCCURRED_IN,TIME_000022,EVD_000140,1.00,,,"{""source_relations"":[""occurred_in""],""source_datasets"":[""di_tich_nha_tu_hoa_lo""]}",approved
EDGE_000232,PLACE_000005,ASSOCIATED_WITH_PERSON,PERSON_000017,EVD_000141,1.00,,,"{""source_relations"":[""associated_with_person""],""source_datasets"":[""di_tich_nha_tu_hoa_lo""]}",approved
EDGE_000233,PLACE_000005,ASSOCIATED_WITH_PERSON,PERSON_000018,EVD_000142,1.00,,,"{""source_relations"":[""associated_with_person""],""source_datasets"":[""di_tich_nha_tu_hoa_lo""]}",approved
EDGE_000234,ARCH_000043,ASSOCIATED_WITH_PERSON,PERSON_000017,EVD_000143,1.00,,,"{""source_relations"":[""associated_with_person""],""source_datasets"":[""di_tich_nha_tu_hoa_lo""]}",approved
EDGE_000235,EVENT_000009,INVOLVED_PERSON,PERSON_000017,EVD_000144,1.00,,,"{""source_relations"":[""involved_person""],""source_datasets"":[""di_tich_nha_tu_hoa_lo""]}",approved
EDGE_000236,PLACE_000005,HAS_ACTIVITY,ACTIVITY_000009,EVD_000145,1.00,,,"{""source_relations"":[""has_activity""],""source_datasets"":[""di_tich_nha_tu_hoa_lo""]}",approved
EDGE_000237,PLACE_000005,HAS_ACTIVITY,ACTIVITY_000010,EVD_000146,1.00,,,"{""source_relations"":[""has_activity""],""source_datasets"":[""di_tich_nha_tu_hoa_lo""]}",approved
EDGE_000238,PLACE_000006,HAS_ADDRESS,ADDRESS_000004,EVD_000147,1.00,,,"{""source_relations"":[""has_address""],""source_datasets"":[""di_tich_go_dong_da""]}",approved
EDGE_000239,PLACE_000006,LOCATED_IN,ADMIN_000005,EVD_000148,1.00,,,"{""source_relations"":[""located_in""],""source_datasets"":[""di_tich_go_dong_da""]}",approved
EDGE_000240,PLACE_000006,LOCATED_IN,ADMIN_000002,EVD_000149,1.00,,,"{""source_relations"":[""located_in""],""source_datasets"":[""di_tich_go_dong_da""]}",approved
EDGE_000241,PLACE_000006,HAS_CATEGORY,CATEGORY_000001,EVD_000150,1.00,,,"{""source_relations"":[""has_category""],""source_datasets"":[""di_tich_go_dong_da""]}",approved
EDGE_000242,PLACE_000006,MANAGED_BY,ORG_000007,EVD_000151,1.00,,,"{""source_relations"":[""managed_by""],""source_datasets"":[""di_tich_go_dong_da""]}",approved
EDGE_000243,PLACE_000006,RECOGNIZED_AS,HSTATUS_000003,EVD_000152,1.00,,,"{""source_relations"":[""recognized_as""],""source_datasets"":[""di_tich_go_dong_da""]}",approved
EDGE_000244,PLACE_000006,RECOGNIZED_IN,TIME_000025,EVD_000153,1.00,,,"{""source_relations"":[""recognized_in""],""source_datasets"":[""di_tich_go_dong_da""]}",approved
EDGE_000245,PLACE_000006,HAS_MEASUREMENT,VALUE_000013,EVD_000154,1.00,,,"{""source_relations"":[""has_measurement""],""source_datasets"":[""di_tich_go_dong_da""],""measurement_kind"":""area""}",approved
EDGE_000246,PLACE_000006,ASSOCIATED_WITH_PERSON,PERSON_000019,EVD_000155,1.00,,,"{""source_relations"":[""associated_with_person""],""source_datasets"":[""di_tich_go_dong_da""]}",approved
EDGE_000247,PLACE_000006,ASSOCIATED_WITH_PERSON,PERSON_000020,EVD_000156,1.00,,,"{""source_relations"":[""associated_with_person""],""source_datasets"":[""di_tich_go_dong_da""]}",approved
EDGE_000248,PLACE_000006,ASSOCIATED_WITH_PERSON,PERSON_000021,EVD_000157,1.00,,,"{""source_relations"":[""associated_with_person""],""source_datasets"":[""di_tich_go_dong_da""]}",approved
EDGE_000249,PLACE_000006,ASSOCIATED_WITH_DYNASTY,DYNASTY_000007,EVD_000158,1.00,,,"{""source_relations"":[""associated_with_dynasty""],""source_datasets"":[""di_tich_go_dong_da""]}",approved
EDGE_000250,PLACE_000006,ASSOCIATED_WITH_DYNASTY,DYNASTY_000008,EVD_000159,1.00,,,"{""source_relations"":[""associated_with_dynasty""],""source_datasets"":[""di_tich_go_dong_da""]}",approved
EDGE_000251,PLACE_000006,HAS_EVENT,EVENT_000010,EVD_000160,1.00,,,"{""source_relations"":[""has_event""],""source_datasets"":[""di_tich_go_dong_da""]}",approved
EDGE_000252,PLACE_000006,HAS_EVENT,EVENT_000011,EVD_000161,1.00,,,"{""source_relations"":[""has_event""],""source_datasets"":[""di_tich_go_dong_da""]}",approved
EDGE_000253,PLACE_000006,HAS_EVENT,EVENT_000012,EVD_000162,1.00,,,"{""source_relations"":[""has_event""],""source_datasets"":[""di_tich_go_dong_da""]}",approved
EDGE_000254,PLACE_000006,HAS_EVENT,EVENT_000013,EVD_000163,1.00,,,"{""source_relations"":[""has_event""],""source_datasets"":[""di_tich_go_dong_da""]}",approved
EDGE_000255,EVENT_000010,OCCURRED_IN,TIME_000023,EVD_000164,1.00,,,"{""source_relations"":[""occurred_in""],""source_datasets"":[""di_tich_go_dong_da""]}",approved
EDGE_000256,EVENT_000011,OCCURRED_IN,TIME_000024,EVD_000165,1.00,,,"{""source_relations"":[""occurred_in""],""source_datasets"":[""di_tich_go_dong_da""]}",approved
EDGE_000257,EVENT_000012,OCCURRED_IN,TIME_000025,EVD_000166,1.00,,,"{""source_relations"":[""occurred_in""],""source_datasets"":[""di_tich_go_dong_da""]}",approved
EDGE_000258,EVENT_000013,OCCURRED_IN,TIME_000026,EVD_000167,1.00,,,"{""source_relations"":[""occurred_in""],""source_datasets"":[""di_tich_go_dong_da""]}",approved
EDGE_000259,PLACE_000006,HAS_COMPONENT,ARCHSITE_000005,EVD_000168,1.00,,,"{""source_relations"":[""has_component""],""source_datasets"":[""di_tich_go_dong_da""]}",approved
EDGE_000260,PLACE_000006,HAS_COMPONENT,ARCH_000044,EVD_000169,1.00,,,"{""source_relations"":[""has_component""],""source_datasets"":[""di_tich_go_dong_da""]}",approved
EDGE_000261,PLACE_000006,HAS_COMPONENT,ARCH_000045,EVD_000170,1.00,,,"{""source_relations"":[""has_component""],""source_datasets"":[""di_tich_go_dong_da""]}",approved
EDGE_000262,PLACE_000006,HAS_COMPONENT,ARCH_000046,EVD_000171,1.00,,,"{""source_relations"":[""has_component""],""source_datasets"":[""di_tich_go_dong_da""]}",approved
EDGE_000263,PLACE_000006,HAS_COMPONENT,ARCH_000047,EVD_000172,1.00,,,"{""source_relations"":[""has_component""],""source_datasets"":[""di_tich_go_dong_da""]}",approved
EDGE_000264,PLACE_000006,HAS_COMPONENT,ARCH_000048,EVD_000173,1.00,,,"{""source_relations"":[""has_component""],""source_datasets"":[""di_tich_go_dong_da""]}",approved
EDGE_000265,PLACE_000006,HAS_COMPONENT,ARCH_000049,EVD_000174,1.00,,,"{""source_relations"":[""has_component""],""source_datasets"":[""di_tich_go_dong_da""]}",approved
EDGE_000266,PLACE_000006,HAS_COMPONENT,HOBJ_000011,EVD_000175,1.00,,,"{""source_relations"":[""has_component""],""source_datasets"":[""di_tich_go_dong_da""]}",approved
EDGE_000267,ARCH_000047,HAS_MEASUREMENT,VALUE_000014,EVD_000176,1.00,,,"{""source_relations"":[""has_measurement""],""source_datasets"":[""di_tich_go_dong_da""],""measurement_kind"":""area""}",approved
EDGE_000268,ARCH_000047,BUILT_IN,TIME_000027,EVD_000177,1.00,,,"{""source_relations"":[""built_in""],""source_datasets"":[""di_tich_go_dong_da""]}",approved
EDGE_000269,ARCH_000047,HONORS,PERSON_000019,EVD_000178,1.00,,,"{""source_relations"":[""honors""],""source_datasets"":[""di_tich_go_dong_da""]}",approved
EDGE_000270,ARCH_000047,HONORS,PERSON_000020,EVD_000179,1.00,,,"{""source_relations"":[""honors""],""source_datasets"":[""di_tich_go_dong_da""]}",approved
EDGE_000271,EVENT_000010,INVOLVED_PERSON,PERSON_000019,EVD_000180,1.00,,,"{""source_relations"":[""involved_person""],""source_datasets"":[""di_tich_go_dong_da""]}",approved
EDGE_000272,EVENT_000010,INVOLVED_PERSON,PERSON_000021,EVD_000181,1.00,,,"{""source_relations"":[""involved_person""],""source_datasets"":[""di_tich_go_dong_da""]}",approved
EDGE_000273,PERSON_000019,ASSOCIATED_WITH_DYNASTY,DYNASTY_000007,EVD_000182,1.00,,,"{""source_relations"":[""associated_with_dynasty""],""source_datasets"":[""di_tich_go_dong_da""]}",approved
EDGE_000274,PERSON_000021,ASSOCIATED_WITH_DYNASTY,DYNASTY_000008,EVD_000183,1.00,,,"{""source_relations"":[""associated_with_dynasty""],""source_datasets"":[""di_tich_go_dong_da""]}",approved
EDGE_000275,PLACE_000006,HAS_ACTIVITY,ACTIVITY_000011,EVD_000184,1.00,,,"{""source_relations"":[""has_activity""],""source_datasets"":[""di_tich_go_dong_da""]}",approved
EDGE_000276,PLACE_000006,HAS_ACTIVITY,ACTIVITY_000012,EVD_000185,1.00,,,"{""source_relations"":[""has_activity""],""source_datasets"":[""di_tich_go_dong_da""]}",approved
EDGE_000277,ARCH_000048,HAS_COMPONENT,HOBJ_000011,EVD_000186,1.00,,,"{""source_relations"":[""has_component""],""source_datasets"":[""di_tich_go_dong_da""]}",approved
EDGE_000278,PLACE_000003,HAS_COMPONENT,ARCH_000050,EVD_000189,0.95,,,"{""source_datasets"":[""cot_co_ha_noi""],""verification"":""web_source_checked""}",approved
EDGE_000279,PLACE_000003,HAS_COMPONENT,ARCH_000051,EVD_000189,0.95,,,"{""source_datasets"":[""cot_co_ha_noi""],""verification"":""web_source_checked""}",approved
EDGE_000280,PLACE_000003,HAS_COMPONENT,ARCH_000052,EVD_000189,0.95,,,"{""source_datasets"":[""cot_co_ha_noi""],""verification"":""web_source_checked""}",approved
EDGE_000281,PLACE_000003,HAS_COMPONENT,ARCH_000053,EVD_000189,0.95,,,"{""source_datasets"":[""cot_co_ha_noi""],""verification"":""web_source_checked""}",approved
EDGE_000282,PLACE_000003,HAS_COMPONENT,ARCH_000054,EVD_000189,0.95,,,"{""source_datasets"":[""cot_co_ha_noi""],""verification"":""web_source_checked""}",approved
EDGE_000283,ARCH_000053,HAS_COMPONENT,ARCH_000055,EVD_000192,0.95,,,"{""source_datasets"":[""cot_co_ha_noi""],""verification"":""web_source_checked""}",approved
EDGE_000284,ARCH_000053,HAS_COMPONENT,ARCH_000059,EVD_000192,0.95,,,"{""source_datasets"":[""cot_co_ha_noi""],""verification"":""web_source_checked""}",approved
EDGE_000285,ARCH_000053,HAS_COMPONENT,ARCH_000060,EVD_000192,0.95,,,"{""source_datasets"":[""cot_co_ha_noi""],""verification"":""web_source_checked""}",approved
EDGE_000286,ARCH_000054,HAS_COMPONENT,ARCH_000061,EVD_000192,0.95,,,"{""source_datasets"":[""cot_co_ha_noi""],""verification"":""web_source_checked""}",approved
EDGE_000287,ARCH_000054,HAS_COMPONENT,ARCH_000062,EVD_000192,0.95,,,"{""source_datasets"":[""cot_co_ha_noi""],""verification"":""web_source_checked""}",approved
EDGE_000288,PLACE_000003,HAS_COMPONENT,ARCH_000056,EVD_000193,0.95,,,"{""source_datasets"":[""cot_co_ha_noi""],""verification"":""web_source_checked"",""placement_note"":""Nguồn khác nhau về tầng đặt cửa; chưa gán cửa vào tầng đế cụ thể.""}",approved
EDGE_000289,PLACE_000003,HAS_COMPONENT,ARCH_000057,EVD_000193,0.95,,,"{""source_datasets"":[""cot_co_ha_noi""],""verification"":""web_source_checked"",""placement_note"":""Nguồn khác nhau về tầng đặt cửa; chưa gán cửa vào tầng đế cụ thể.""}",approved
EDGE_000290,PLACE_000003,HAS_COMPONENT,ARCH_000058,EVD_000193,0.95,,,"{""source_datasets"":[""cot_co_ha_noi""],""verification"":""web_source_checked"",""placement_note"":""Nguồn khác nhau về tầng đặt cửa; chưa gán cửa vào tầng đế cụ thể.""}",approved
EDGE_000291,ARCH_000050,HAS_MEASUREMENT,VALUE_000015,EVD_000190,0.95,,,"{""source_datasets"":[""cot_co_ha_noi""],""verification"":""web_source_checked"",""measurement_kind"":""height"",""measurement_type"":""height""}",approved
EDGE_000292,ARCH_000050,HAS_MEASUREMENT,VALUE_000016,EVD_000190,0.95,,,"{""source_datasets"":[""cot_co_ha_noi""],""verification"":""web_source_checked"",""measurement_kind"":""side_length"",""measurement_type"":""side_length""}",approved
EDGE_000293,ARCH_000051,HAS_MEASUREMENT,VALUE_000017,EVD_000190,0.95,,,"{""source_datasets"":[""cot_co_ha_noi""],""verification"":""web_source_checked"",""measurement_kind"":""height"",""measurement_type"":""height""}",approved
EDGE_000294,ARCH_000051,HAS_MEASUREMENT,VALUE_000018,EVD_000190,0.95,,,"{""source_datasets"":[""cot_co_ha_noi""],""verification"":""web_source_checked"",""measurement_kind"":""side_length"",""measurement_type"":""side_length""}",approved
EDGE_000295,ARCH_000052,HAS_MEASUREMENT,VALUE_000019,EVD_000190,0.95,,,"{""source_datasets"":[""cot_co_ha_noi""],""verification"":""web_source_checked"",""measurement_kind"":""height"",""measurement_type"":""height""}",approved
EDGE_000296,ARCH_000052,HAS_MEASUREMENT,VALUE_000020,EVD_000190,0.95,,,"{""source_datasets"":[""cot_co_ha_noi""],""verification"":""web_source_checked"",""measurement_kind"":""side_length"",""measurement_type"":""side_length""}",approved
EDGE_000297,ARCH_000055,HAS_MEASUREMENT,VALUE_000021,EVD_000192,0.95,,,"{""source_datasets"":[""cot_co_ha_noi""],""verification"":""web_source_checked"",""measurement_kind"":""step_count"",""measurement_type"":""step_count""}",approved
EDGE_000298,ARCH_000059,HAS_MEASUREMENT,VALUE_000022,EVD_000192,0.95,,,"{""source_datasets"":[""cot_co_ha_noi""],""verification"":""web_source_checked"",""measurement_kind"":""opening_count"",""measurement_type"":""opening_count""}",approved
EDGE_000299,ARCH_000060,HAS_MEASUREMENT,VALUE_000023,EVD_000192,0.95,,,"{""source_datasets"":[""cot_co_ha_noi""],""verification"":""web_source_checked"",""measurement_kind"":""opening_count"",""measurement_type"":""opening_count""}",approved
EDGE_000300,ARCH_000061,HAS_MEASUREMENT,VALUE_000024,EVD_000192,0.95,,,"{""source_datasets"":[""cot_co_ha_noi""],""verification"":""web_source_checked"",""measurement_kind"":""window_count"",""measurement_type"":""window_count""}",approved
EDGE_000301,ARCH_000054,HAS_MEASUREMENT,VALUE_000025,EVD_000192,0.95,,,"{""source_datasets"":[""cot_co_ha_noi""],""verification"":""web_source_checked"",""measurement_kind"":""height"",""measurement_type"":""height""}",approved
EDGE_000302,ARCH_000062,HAS_MEASUREMENT,VALUE_000026,EVD_000192,0.95,,,"{""source_datasets"":[""cot_co_ha_noi""],""verification"":""web_source_checked"",""measurement_kind"":""diameter"",""measurement_type"":""diameter""}",approved
EDGE_000303,PLACE_000003,LOCATED_IN,LOCATION_000002,EVD_000188,0.95,,,"{""source_datasets"":[""cot_co_ha_noi""],""verification"":""web_source_checked""}",approved
EDGE_000304,PLACE_000003,LOCATED_IN,ADMIN_000002,EVD_000188,0.95,,,"{""source_datasets"":[""cot_co_ha_noi""],""verification"":""web_source_checked""}",approved
EDGE_000305,PLACE_000003,RECOGNIZED_AS,HSTATUS_000005,EVD_000194,0.95,,,"{""source_datasets"":[""cot_co_ha_noi""],""verification"":""web_source_checked"",""designation"":""Di tích quốc gia""}",approved
EDGE_000306,PLACE_000003,RECOGNIZED_IN,TIME_000028,EVD_000194,0.95,,,"{""source_datasets"":[""cot_co_ha_noi""],""verification"":""web_source_checked"",""designation"":""Di tích quốc gia""}",approved
EDGE_000307,PLACE_000003,HAS_EVENT,EVENT_000014,EVD_000195,0.95,,,"{""source_datasets"":[""cot_co_ha_noi""],""verification"":""web_source_checked""}",approved
EDGE_000308,EVENT_000014,OCCURRED_IN,TIME_000029,EVD_000195,0.95,,,"{""source_datasets"":[""cot_co_ha_noi""],""verification"":""web_source_checked"",""time_of_day"":""15:00""}",approved
EDGE_000309,PLACE_000003,USED_FOR,ACTIVITY_000013,EVD_000196,0.95,,,"{""source_datasets"":[""cot_co_ha_noi""],""verification"":""web_source_checked"",""temporal_scope"":""historical""}",approved
EDGE_000310,ARCH_000054,USED_FOR,ACTIVITY_000013,EVD_000196,0.95,,,"{""source_datasets"":[""cot_co_ha_noi""],""verification"":""web_source_checked"",""temporal_scope"":""historical""}",approved
EDGE_000311,PLACE_000003,BUILT_IN,TIME_000014,EVD_000187,0.95,,,"{""source_datasets"":[""cot_co_ha_noi""],""verification"":""web_source_checked"",""construction_phase"":""start""}",approved
EDGE_000312,PLACE_000003,BUILT_BY,PERSON_000004,EVD_000187,0.95,,,"{""source_datasets"":[""cot_co_ha_noi""],""verification"":""web_source_checked"",""agent_role"":""commissioned_by""}",approved
EDGE_000313,ARCH_000050,BUILT_WITH,MATERIAL_000003,EVD_000191,0.95,,,"{""source_datasets"":[""cot_co_ha_noi""],""verification"":""web_source_checked""}",approved
EDGE_000314,ARCH_000051,BUILT_WITH,MATERIAL_000003,EVD_000191,0.95,,,"{""source_datasets"":[""cot_co_ha_noi""],""verification"":""web_source_checked""}",approved
EDGE_000315,ARCH_000052,BUILT_WITH,MATERIAL_000003,EVD_000191,0.95,,,"{""source_datasets"":[""cot_co_ha_noi""],""verification"":""web_source_checked""}",approved
EDGE_000316,PLACE_000003,HAS_CATEGORY,CATEGORY_000001,EVD_000194,0.95,,,"{""source_datasets"":[""cot_co_ha_noi""],""verification"":""web_source_checked""}",approved
EDGE_000317,PLACE_000007,HAS_ADDRESS,ADDRESS_000005,EVD_000197,0.95,,,"{""source_datasets"":[""o_quan_chuong""],""verification"":""web_source_checked"",""address_as_of_source"":""2025-08-10"",""address_precision"":""street_intersection""}",approved
EDGE_000318,PLACE_000007,LOCATED_IN,ADMIN_000006,EVD_000197,0.95,,,"{""source_datasets"":[""o_quan_chuong""],""verification"":""web_source_checked"",""administrative_context"":""post_2025_reorganization""}",approved
EDGE_000319,PLACE_000007,LOCATED_IN,ADMIN_000002,EVD_000197,0.95,,,"{""source_datasets"":[""o_quan_chuong""],""verification"":""web_source_checked""}",approved
EDGE_000320,PLACE_000007,LOCATED_IN,LOCATION_000003,EVD_000198,0.95,,,"{""source_datasets"":[""o_quan_chuong""],""verification"":""web_source_checked"",""position"":""street_end""}",approved
EDGE_000321,PLACE_000007,LOCATED_IN,LOCATION_000004,EVD_000198,0.95,,,"{""source_datasets"":[""o_quan_chuong""],""verification"":""web_source_checked"",""position"":""street_start""}",approved
EDGE_000322,PLACE_000007,BUILT_IN,TIME_000030,EVD_000199,0.95,,,"{""source_datasets"":[""o_quan_chuong""],""verification"":""web_source_checked"",""construction_phase"":""initial_construction""}",approved
EDGE_000323,PLACE_000007,ASSOCIATED_WITH_DYNASTY,DYNASTY_000005,EVD_000199,0.95,,,"{""source_datasets"":[""o_quan_chuong""],""verification"":""web_source_checked"",""historical_context"":""Lê Trung hưng; niên hiệu Cảnh Hưng""}",approved
EDGE_000324,PLACE_000007,RENOVATED_IN,TIME_000031,EVD_000199,0.95,,,"{""source_datasets"":[""o_quan_chuong""],""verification"":""web_source_checked"",""renovation_kind"":""major_repair""}",approved
EDGE_000325,PLACE_000007,RENOVATED_IN,TIME_000032,EVD_000199,0.95,,,"{""source_datasets"":[""o_quan_chuong""],""verification"":""web_source_checked"",""renovation_kind"":""reconstruction""}",approved
EDGE_000326,PLACE_000007,HAS_ARCHITECTURAL_STYLE,ASTYLE_000004,EVD_000200,0.95,,,"{""source_datasets"":[""o_quan_chuong""],""verification"":""web_source_checked""}",approved
EDGE_000327,PLACE_000007,HAS_COMPONENT,ARCH_000063,EVD_000200,0.95,,,"{""source_datasets"":[""o_quan_chuong""],""verification"":""web_source_checked""}",approved
EDGE_000328,PLACE_000007,HAS_COMPONENT,ARCH_000067,EVD_000200,0.95,,,"{""source_datasets"":[""o_quan_chuong""],""verification"":""web_source_checked""}",approved
EDGE_000329,PLACE_000007,HAS_COMPONENT,ARCH_000068,EVD_000200,0.95,,,"{""source_datasets"":[""o_quan_chuong""],""verification"":""web_source_checked""}",approved
EDGE_000330,ARCH_000063,HAS_COMPONENT,ARCH_000064,EVD_000200,0.95,,,"{""source_datasets"":[""o_quan_chuong""],""verification"":""web_source_checked""}",approved
EDGE_000331,ARCH_000063,HAS_COMPONENT,ARCH_000065,EVD_000200,0.95,,,"{""source_datasets"":[""o_quan_chuong""],""verification"":""web_source_checked"",""orientation_reference"":""Nhìn từ ngoài về mặt trước cổng; trái/phải chỉ định danh hai cửa đối xứng, không suy ra hướng địa lý.""}",approved
EDGE_000332,ARCH_000063,HAS_COMPONENT,ARCH_000066,EVD_000200,0.95,,,"{""source_datasets"":[""o_quan_chuong""],""verification"":""web_source_checked"",""orientation_reference"":""Nhìn từ ngoài về mặt trước cổng; trái/phải chỉ định danh hai cửa đối xứng, không suy ra hướng địa lý.""}",approved
EDGE_000333,ARCH_000067,HAS_COMPONENT,ARCH_000069,EVD_000201,0.95,,,"{""source_datasets"":[""o_quan_chuong""],""verification"":""web_source_checked""}",approved
EDGE_000334,PLACE_000007,HAS_COMPONENT,HOBJ_000012,EVD_000205,0.95,,,"{""source_datasets"":[""o_quan_chuong""],""verification"":""web_source_checked""}",approved
EDGE_000335,PLACE_000007,HAS_COMPONENT,HOBJ_000013,EVD_000204,0.95,,,"{""source_datasets"":[""o_quan_chuong""],""verification"":""web_source_checked""}",approved
EDGE_000336,ARCH_000063,BUILT_WITH,MATERIAL_000004,EVD_000203,0.95,,,"{""source_datasets"":[""o_quan_chuong""],""verification"":""web_source_checked"",""scope_note"":""Vật liệu kết cấu cổng theo nguồn.""}",approved
EDGE_000337,ARCH_000063,BUILT_WITH,MATERIAL_000002,EVD_000203,0.95,,,"{""source_datasets"":[""o_quan_chuong""],""verification"":""web_source_checked"",""scope_note"":""Vật liệu kết cấu cổng theo nguồn.""}",approved
EDGE_000338,HOBJ_000012,BUILT_WITH,MATERIAL_000002,EVD_000205,0.95,,,"{""source_datasets"":[""o_quan_chuong""],""verification"":""web_source_checked""}",approved
EDGE_000339,HOBJ_000012,ASSOCIATED_WITH_PERSON,PERSON_000022,EVD_000205,0.95,,,"{""source_datasets"":[""o_quan_chuong""],""verification"":""web_source_checked""}",approved
EDGE_000340,HOBJ_000012,ASSOCIATED_WITH_PERSON,PERSON_000023,EVD_000205,0.95,,,"{""source_datasets"":[""o_quan_chuong""],""verification"":""web_source_checked""}",approved
EDGE_000341,PLACE_000007,ASSOCIATED_WITH_PERSON,PERSON_000022,EVD_000205,0.95,,,"{""source_datasets"":[""o_quan_chuong""],""verification"":""web_source_checked""}",approved
EDGE_000342,PLACE_000007,HAS_EVENT,EVENT_000015,EVD_000205,0.95,,,"{""source_datasets"":[""o_quan_chuong""],""verification"":""web_source_checked""}",approved
EDGE_000343,EVENT_000015,OCCURRED_IN,TIME_000033,EVD_000205,0.95,,,"{""source_datasets"":[""o_quan_chuong""],""verification"":""web_source_checked""}",approved
EDGE_000344,EVENT_000015,INVOLVED_PERSON,PERSON_000022,EVD_000205,0.95,,,"{""source_datasets"":[""o_quan_chuong""],""verification"":""web_source_checked""}",approved
EDGE_000345,EVENT_000015,INVOLVED_PERSON,PERSON_000023,EVD_000205,0.95,,,"{""source_datasets"":[""o_quan_chuong""],""verification"":""web_source_checked""}",approved
EDGE_000346,ARCH_000064,HAS_MEASUREMENT,VALUE_000027,EVD_000202,0.95,,,"{""source_datasets"":[""o_quan_chuong""],""verification"":""web_source_checked"",""measurement_kind"":""height"",""measurement_type"":""height""}",approved
EDGE_000347,ARCH_000065,HAS_MEASUREMENT,VALUE_000028,EVD_000202,0.95,,,"{""source_datasets"":[""o_quan_chuong""],""verification"":""web_source_checked"",""measurement_kind"":""height"",""measurement_type"":""height""}",approved
EDGE_000348,ARCH_000065,HAS_MEASUREMENT,VALUE_000029,EVD_000202,0.95,,,"{""source_datasets"":[""o_quan_chuong""],""verification"":""web_source_checked"",""measurement_kind"":""width"",""measurement_type"":""width""}",approved
EDGE_000349,ARCH_000066,HAS_MEASUREMENT,VALUE_000028,EVD_000202,0.95,,,"{""source_datasets"":[""o_quan_chuong""],""verification"":""web_source_checked"",""measurement_kind"":""height"",""measurement_type"":""height""}",approved
EDGE_000350,ARCH_000066,HAS_MEASUREMENT,VALUE_000029,EVD_000202,0.95,,,"{""source_datasets"":[""o_quan_chuong""],""verification"":""web_source_checked"",""measurement_kind"":""width"",""measurement_type"":""width""}",approved
EDGE_000351,PLACE_000007,HAS_MEASUREMENT,VALUE_000030,EVD_000203,0.95,,,"{""source_datasets"":[""o_quan_chuong""],""verification"":""web_source_checked"",""measurement_kind"":""thickness"",""measurement_type"":""thickness""}",approved
EDGE_000352,HOBJ_000012,HAS_MEASUREMENT,VALUE_000031,EVD_000205,0.95,,,"{""source_datasets"":[""o_quan_chuong""],""verification"":""web_source_checked"",""measurement_kind"":""dimension"",""measurement_type"":""dimension"",""dimension_axis"":""unspecified_in_source"",""dimension_pair_m"":[0.8,1]}",approved
EDGE_000353,HOBJ_000012,HAS_MEASUREMENT,VALUE_000032,EVD_000205,0.95,,,"{""source_datasets"":[""o_quan_chuong""],""verification"":""web_source_checked"",""measurement_kind"":""dimension"",""measurement_type"":""dimension"",""dimension_axis"":""unspecified_in_source"",""dimension_pair_m"":[0.8,1]}",approved
EDGE_000354,ARCH_000067,USED_FOR,ACTIVITY_000014,EVD_000206,0.95,,,"{""source_datasets"":[""o_quan_chuong""],""verification"":""web_source_checked"",""temporal_scope"":""historical""}",approved
EDGE_000355,PLACE_000007,USED_FOR,ACTIVITY_000014,EVD_000206,0.95,,,"{""source_datasets"":[""o_quan_chuong""],""verification"":""web_source_checked"",""temporal_scope"":""historical""}",approved
EDGE_000356,PLACE_000007,RECOGNIZED_AS,HSTATUS_000005,EVD_000207,0.95,,,"{""source_datasets"":[""o_quan_chuong""],""verification"":""web_source_checked""}",approved
EDGE_000357,PLACE_000007,HAS_CATEGORY,CATEGORY_000001,EVD_000207,0.95,,,"{""source_datasets"":[""o_quan_chuong""],""verification"":""web_source_checked""}",approved
EDGE_000358,PLACE_000008,HAS_ADDRESS,ADDRESS_000006,EVD_000208,0.95,,,"{""source_datasets"":[""thap_rua""],""verification"":""web_source_checked"",""address_precision"":""islet_and_lake"",""normalization_note"":""Địa chỉ vị trí từ mô tả nguồn; không có số nhà, không gán địa chỉ đường ven hồ.""}",approved
EDGE_000359,PLACE_000008,LOCATED_IN,LOCATION_000005,EVD_000208,0.95,,,"{""source_datasets"":[""thap_rua""],""verification"":""web_source_checked""}",approved
EDGE_000360,PLACE_000008,LOCATED_IN,PLACE_000009,EVD_000209,0.95,,,"{""source_datasets"":[""thap_rua""],""verification"":""web_source_checked""}",approved
EDGE_000361,PLACE_000008,LOCATED_IN,ADMIN_000002,EVD_000208,0.95,,,"{""source_datasets"":[""thap_rua""],""verification"":""web_source_checked""}",approved
EDGE_000362,PLACE_000009,HAS_COMPONENT,PLACE_000008,EVD_000209,0.95,,,"{""source_datasets"":[""thap_rua""],""verification"":""web_source_checked""}",approved
EDGE_000363,PLACE_000008,BUILT_IN,TIME_000034,EVD_000210,0.95,,,"{""source_datasets"":[""thap_rua""],""verification"":""web_source_checked"",""construction_phase"":""construction_interval"",""date_precision"":""approximate""}",approved
EDGE_000364,PLACE_000008,HAS_COMPONENT,ARCH_000070,EVD_000213,0.95,,,"{""source_datasets"":[""thap_rua""],""verification"":""web_source_checked""}",approved
EDGE_000365,PLACE_000008,HAS_COMPONENT,ARCH_000071,EVD_000213,0.95,,,"{""source_datasets"":[""thap_rua""],""verification"":""web_source_checked""}",approved
EDGE_000366,PLACE_000008,HAS_COMPONENT,ARCH_000072,EVD_000213,0.95,,,"{""source_datasets"":[""thap_rua""],""verification"":""web_source_checked""}",approved
EDGE_000367,PLACE_000008,HAS_COMPONENT,ARCH_000073,EVD_000213,0.95,,,"{""source_datasets"":[""thap_rua""],""verification"":""web_source_checked""}",approved
EDGE_000368,PLACE_000008,HAS_COMPONENT,ARCH_000074,EVD_000213,0.95,,,"{""source_datasets"":[""thap_rua""],""verification"":""web_source_checked""}",approved
EDGE_000369,PLACE_000008,HAS_COMPONENT,ARCH_000076,EVD_000213,0.95,,,"{""source_datasets"":[""thap_rua""],""verification"":""web_source_checked""}",approved
EDGE_000370,PLACE_000008,HAS_COMPONENT,ARCH_000077,EVD_000213,0.95,,,"{""source_datasets"":[""thap_rua""],""verification"":""web_source_checked""}",approved
EDGE_000371,ARCH_000072,HAS_COMPONENT,ARCH_000075,EVD_000212,0.95,,,"{""source_datasets"":[""thap_rua""],""verification"":""web_source_checked""}",approved
EDGE_000372,ARCH_000072,HAS_COMPONENT,HOBJ_000014,EVD_000212,0.95,,,"{""source_datasets"":[""thap_rua""],""verification"":""web_source_checked""}",approved
EDGE_000373,ARCH_000070,HAS_MEASUREMENT,VALUE_000033,EVD_000211,0.95,,,"{""source_datasets"":[""thap_rua""],""verification"":""web_source_checked"",""measurement_kind"":""length"",""measurement_type"":""length""}",approved
EDGE_000374,ARCH_000070,HAS_MEASUREMENT,VALUE_000034,EVD_000211,0.95,,,"{""source_datasets"":[""thap_rua""],""verification"":""web_source_checked"",""measurement_kind"":""width"",""measurement_type"":""width""}",approved
EDGE_000375,ARCH_000071,HAS_MEASUREMENT,VALUE_000035,EVD_000211,0.95,,,"{""source_datasets"":[""thap_rua""],""verification"":""web_source_checked"",""measurement_kind"":""length"",""measurement_type"":""length""}",approved
EDGE_000376,ARCH_000071,HAS_MEASUREMENT,VALUE_000036,EVD_000211,0.95,,,"{""source_datasets"":[""thap_rua""],""verification"":""web_source_checked"",""measurement_kind"":""width"",""measurement_type"":""width""}",approved
EDGE_000377,ARCH_000072,HAS_MEASUREMENT,VALUE_000037,EVD_000211,0.95,,,"{""source_datasets"":[""thap_rua""],""verification"":""web_source_checked"",""measurement_kind"":""length"",""measurement_type"":""length""}",approved
EDGE_000378,ARCH_000072,HAS_MEASUREMENT,VALUE_000038,EVD_000211,0.95,,,"{""source_datasets"":[""thap_rua""],""verification"":""web_source_checked"",""measurement_kind"":""width"",""measurement_type"":""width""}",approved
EDGE_000379,ARCH_000073,HAS_MEASUREMENT,VALUE_000040,EVD_000211,0.95,,,"{""source_datasets"":[""thap_rua""],""verification"":""web_source_checked"",""measurement_kind"":""side_length"",""measurement_type"":""side_length""}",approved
EDGE_000380,ARCH_000075,HAS_MEASUREMENT,VALUE_000039,EVD_000212,0.95,,,"{""source_datasets"":[""thap_rua""],""verification"":""web_source_checked"",""measurement_kind"":""diameter"",""measurement_type"":""diameter""}",approved
EDGE_000381,ARCH_000074,HAS_MEASUREMENT,VALUE_000031,EVD_000215,0.95,,,"{""source_datasets"":[""thap_rua""],""verification"":""web_source_checked"",""measurement_kind"":""height"",""measurement_type"":""height"",""value_reuse_note"":""0,8 m dùng lại node độ dài hiện hữu; đại lượng cụ thể nằm trên edge.""}",approved
EDGE_000382,PLACE_000008,HAS_MEASUREMENT,VALUE_000041,EVD_000215,0.95,,,"{""source_datasets"":[""thap_rua""],""verification"":""web_source_checked"",""measurement_kind"":""height"",""measurement_type"":""height"",""reference_level"":""ground_of_islet""}",approved
EDGE_000383,LOCATION_000005,HAS_MEASUREMENT,VALUE_000042,EVD_000216,0.95,,,"{""source_datasets"":[""thap_rua""],""verification"":""web_source_checked"",""measurement_kind"":""area"",""measurement_type"":""area"",""approximate"":true}",approved
EDGE_000384,ARCH_000070,HAS_MEASUREMENT,VALUE_000043,EVD_000217,0.95,,,"{""source_datasets"":[""thap_rua""],""verification"":""web_source_checked"",""measurement_kind"":""exterior_opening_count"",""measurement_type"":""exterior_opening_count""}",approved
EDGE_000385,ARCH_000070,HAS_MEASUREMENT,VALUE_000044,EVD_000217,0.95,,,"{""source_datasets"":[""thap_rua""],""verification"":""web_source_checked"",""measurement_kind"":""total_opening_count"",""measurement_type"":""total_opening_count"",""includes"":""exterior_and_internal""}",approved
EDGE_000386,ARCH_000071,HAS_MEASUREMENT,VALUE_000043,EVD_000217,0.95,,,"{""source_datasets"":[""thap_rua""],""verification"":""web_source_checked"",""measurement_kind"":""exterior_opening_count"",""measurement_type"":""exterior_opening_count"",""derivation"":""Nguồn nói tầng hai có kết cấu như tầng một.""}",approved
EDGE_000387,ARCH_000071,HAS_MEASUREMENT,VALUE_000044,EVD_000217,0.95,,,"{""source_datasets"":[""thap_rua""],""verification"":""web_source_checked"",""measurement_kind"":""total_opening_count"",""measurement_type"":""total_opening_count"",""includes"":""exterior_and_internal""}",approved
EDGE_000388,PLACE_000008,HAS_ARCHITECTURAL_STYLE,ASTYLE_000005,EVD_000214,0.95,,,"{""source_datasets"":[""thap_rua""],""verification"":""web_source_checked""}",approved
EDGE_000389,PLACE_000008,HAS_ARCHITECTURAL_STYLE,ASTYLE_000006,EVD_000214,0.95,,,"{""source_datasets"":[""thap_rua""],""verification"":""web_source_checked""}",approved
EDGE_000390,ARCH_000070,HAS_ARCHITECTURAL_STYLE,ASTYLE_000005,EVD_000214,0.95,,,"{""source_datasets"":[""thap_rua""],""verification"":""web_source_checked""}",approved
EDGE_000391,ARCH_000071,HAS_ARCHITECTURAL_STYLE,ASTYLE_000005,EVD_000214,0.95,,,"{""source_datasets"":[""thap_rua""],""verification"":""web_source_checked""}",approved
EDGE_000392,ARCH_000076,HAS_ARCHITECTURAL_STYLE,ASTYLE_000006,EVD_000214,0.95,,,"{""source_datasets"":[""thap_rua""],""verification"":""web_source_checked""}",approved
EDGE_000393,ARCH_000073,HAS_ARCHITECTURAL_STYLE,ASTYLE_000004,EVD_000213,0.95,,,"{""source_datasets"":[""thap_rua""],""verification"":""web_source_checked"",""style_scope"":""vong_lau_form""}",approved
EDGE_000394,PLACE_000008,HAS_EVENT,EVENT_000016,EVD_000218,0.95,,,"{""source_datasets"":[""thap_rua""],""verification"":""web_source_checked""}",approved
EDGE_000395,EVENT_000016,OCCURRED_IN,TIME_000035,EVD_000218,0.95,,,"{""source_datasets"":[""thap_rua""],""verification"":""web_source_checked"",""start_date"":""2025-12-24"",""end_date"":""2026-01-04""}",approved
EDGE_000396,PLACE_000009,LOCATED_IN,ADMIN_000002,EVD_000209,0.95,,,"{""source_datasets"": [""thap_rua""], ""verification"": ""web_source_checked"", ""scope"": ""supporting_place_seed""}",approved
EDGE_000397,PLACE_000009,HAS_EVENT,EVENT_000016,EVD_000218,0.95,,,"{""source_datasets"": [""thap_rua""], ""verification"": ""web_source_checked"", ""scope"": ""supporting_place_seed""}",approved
EDGE_000398,PLACE_000010,HAS_ADDRESS,ADDRESS_000007,EVD_000219,0.95,,,"{""source_datasets"":[""khu_di_tich_ho_chi_minh_phu_chu_tich""],""verification"":""web_source_checked"",""address_scope"":""official_contact_address_cong_do"",""administrative_note"":""Giữ Ba Đình đúng cách ghi của nguồn; không tự xác định là phường hay quận hiện hành.""}",approved
EDGE_000399,PLACE_000010,LOCATED_IN,ADMIN_000002,EVD_000219,0.95,,,"{""source_datasets"":[""khu_di_tich_ho_chi_minh_phu_chu_tich""],""verification"":""web_source_checked""}",approved
EDGE_000400,PLACE_000010,ASSOCIATED_WITH_PERSON,PERSON_000024,EVD_000223,0.95,,,"{""source_datasets"":[""khu_di_tich_ho_chi_minh_phu_chu_tich""],""verification"":""web_source_checked""}",approved
EDGE_000401,PLACE_000010,HAS_COMPONENT,ARCH_000078,EVD_000220,0.95,,,"{""source_datasets"":[""khu_di_tich_ho_chi_minh_phu_chu_tich""],""verification"":""web_source_checked""}",approved
EDGE_000402,PLACE_000010,HAS_COMPONENT,ARCH_000079,EVD_000223,0.95,,,"{""source_datasets"":[""khu_di_tich_ho_chi_minh_phu_chu_tich""],""verification"":""web_source_checked""}",approved
EDGE_000403,PLACE_000010,HAS_COMPONENT,ARCH_000080,EVD_000225,0.95,,,"{""source_datasets"":[""khu_di_tich_ho_chi_minh_phu_chu_tich""],""verification"":""web_source_checked""}",approved
EDGE_000404,ARCH_000078,HAS_COMPONENT,ARCH_000081,EVD_000221,0.95,,,"{""source_datasets"":[""khu_di_tich_ho_chi_minh_phu_chu_tich""],""verification"":""web_source_checked""}",approved
EDGE_000405,ARCH_000078,HAS_COMPONENT,ARCH_000082,EVD_000221,0.95,,,"{""source_datasets"":[""khu_di_tich_ho_chi_minh_phu_chu_tich""],""verification"":""web_source_checked""}",approved
EDGE_000406,ARCH_000078,HAS_COMPONENT,ARCH_000083,EVD_000221,0.95,,,"{""source_datasets"":[""khu_di_tich_ho_chi_minh_phu_chu_tich""],""verification"":""web_source_checked""}",approved
EDGE_000407,PLACE_000010,HAS_COMPONENT,ARCH_000084,EVD_000230,0.95,,,"{""source_datasets"":[""khu_di_tich_ho_chi_minh_phu_chu_tich""],""verification"":""web_source_checked""}",approved
EDGE_000408,ARCH_000084,HAS_MEASUREMENT,VALUE_000045,EVD_000230,0.95,,,"{""source_datasets"":[""khu_di_tich_ho_chi_minh_phu_chu_tich""],""verification"":""web_source_checked"",""measurement_kind"":""area"",""measurement_type"":""area"",""approximate"":true}",approved
EDGE_000409,ARCH_000082,HAS_COMPONENT,HOBJ_000015,EVD_000222,0.95,,,"{""source_datasets"":[""khu_di_tich_ho_chi_minh_phu_chu_tich""],""verification"":""web_source_checked""}",approved
EDGE_000410,ARCH_000083,HAS_COMPONENT,HOBJ_000016,EVD_000222,0.95,,,"{""source_datasets"":[""khu_di_tich_ho_chi_minh_phu_chu_tich""],""verification"":""web_source_checked""}",approved
EDGE_000411,ARCH_000083,HAS_COMPONENT,HOBJ_000017,EVD_000222,0.95,,,"{""source_datasets"":[""khu_di_tich_ho_chi_minh_phu_chu_tich""],""verification"":""web_source_checked""}",approved
EDGE_000412,ARCH_000080,HAS_COMPONENT,HOBJ_000018,EVD_000228,0.95,,,"{""source_datasets"":[""khu_di_tich_ho_chi_minh_phu_chu_tich""],""verification"":""web_source_checked""}",approved
EDGE_000413,ARCH_000080,HAS_COMPONENT,HOBJ_000019,EVD_000228,0.95,,,"{""source_datasets"":[""khu_di_tich_ho_chi_minh_phu_chu_tich""],""verification"":""web_source_checked""}",approved
EDGE_000414,ARCH_000080,HAS_COMPONENT,HOBJ_000020,EVD_000228,0.95,,,"{""source_datasets"":[""khu_di_tich_ho_chi_minh_phu_chu_tich""],""verification"":""web_source_checked""}",approved
EDGE_000415,ARCH_000078,ASSOCIATED_WITH_PERSON,PERSON_000024,EVD_000220,0.95,,,"{""source_datasets"":[""khu_di_tich_ho_chi_minh_phu_chu_tich""],""verification"":""web_source_checked""}",approved
EDGE_000416,ARCH_000079,ASSOCIATED_WITH_PERSON,PERSON_000024,EVD_000223,0.95,,,"{""source_datasets"":[""khu_di_tich_ho_chi_minh_phu_chu_tich""],""verification"":""web_source_checked""}",approved
EDGE_000417,ARCH_000080,ASSOCIATED_WITH_PERSON,PERSON_000024,EVD_000225,0.95,,,"{""source_datasets"":[""khu_di_tich_ho_chi_minh_phu_chu_tich""],""verification"":""web_source_checked""}",approved
EDGE_000418,ARCH_000078,HAS_EVENT,EVENT_000017,EVD_000220,0.95,,,"{""source_datasets"":[""khu_di_tich_ho_chi_minh_phu_chu_tich""],""verification"":""web_source_checked""}",approved
EDGE_000419,EVENT_000017,OCCURRED_IN,TIME_000040,EVD_000220,0.95,,,"{""source_datasets"":[""khu_di_tich_ho_chi_minh_phu_chu_tich""],""verification"":""web_source_checked""}",approved
EDGE_000420,EVENT_000017,INVOLVED_PERSON,PERSON_000024,EVD_000220,0.95,,,"{""source_datasets"":[""khu_di_tich_ho_chi_minh_phu_chu_tich""],""verification"":""web_source_checked""}",approved
EDGE_000421,ARCH_000079,HAS_EVENT,EVENT_000018,EVD_000223,0.95,,,"{""source_datasets"":[""khu_di_tich_ho_chi_minh_phu_chu_tich""],""verification"":""web_source_checked""}",approved
EDGE_000422,EVENT_000018,OCCURRED_IN,TIME_000041,EVD_000223,0.95,,,"{""source_datasets"":[""khu_di_tich_ho_chi_minh_phu_chu_tich""],""verification"":""web_source_checked""}",approved
EDGE_000423,EVENT_000018,INVOLVED_PERSON,PERSON_000024,EVD_000223,0.95,,,"{""source_datasets"":[""khu_di_tich_ho_chi_minh_phu_chu_tich""],""verification"":""web_source_checked""}",approved
EDGE_000424,ARCH_000080,HAS_EVENT,EVENT_000019,EVD_000229,0.95,,,"{""source_datasets"":[""khu_di_tich_ho_chi_minh_phu_chu_tich""],""verification"":""web_source_checked""}",approved
EDGE_000425,EVENT_000019,OCCURRED_IN,TIME_000039,EVD_000229,0.95,,,"{""source_datasets"":[""khu_di_tich_ho_chi_minh_phu_chu_tich""],""verification"":""web_source_checked"",""time_of_day"":""09:47""}",approved
EDGE_000426,EVENT_000019,INVOLVED_PERSON,PERSON_000024,EVD_000229,0.95,,,"{""source_datasets"":[""khu_di_tich_ho_chi_minh_phu_chu_tich""],""verification"":""web_source_checked""}",approved
EDGE_000427,ARCH_000080,BUILT_IN,TIME_000037,EVD_000225,0.95,,,"{""source_datasets"":[""khu_di_tich_ho_chi_minh_phu_chu_tich""],""verification"":""web_source_checked"",""construction_phase"":""start""}",approved
EDGE_000428,ARCH_000079,BUILT_IN,TIME_000038,EVD_000224,0.95,,,"{""source_datasets"":[""khu_di_tich_ho_chi_minh_phu_chu_tich""],""verification"":""web_source_checked"",""construction_phase"":""completion""}",approved
EDGE_000429,ARCH_000080,BUILT_WITH,MATERIAL_000005,EVD_000226,0.95,,,"{""source_datasets"":[""khu_di_tich_ho_chi_minh_phu_chu_tich""],""verification"":""web_source_checked""}",approved
EDGE_000430,ARCH_000079,BUILT_WITH,MATERIAL_000001,EVD_000224,0.95,,,"{""source_datasets"":[""khu_di_tich_ho_chi_minh_phu_chu_tich""],""verification"":""web_source_checked""}",approved
EDGE_000431,ARCH_000079,ASSOCIATED_WITH_PERSON,PERSON_000025,EVD_000224,0.95,,,"{""source_datasets"":[""khu_di_tich_ho_chi_minh_phu_chu_tich""],""verification"":""web_source_checked"",""person_role"":""architect""}",approved
EDGE_000432,ARCH_000079,HAS_ARCHITECTURAL_STYLE,ASTYLE_000007,EVD_000224,0.95,,,"{""source_datasets"":[""khu_di_tich_ho_chi_minh_phu_chu_tich""],""verification"":""web_source_checked""}",approved
EDGE_000433,PLACE_000010,RECOGNIZED_AS,HSTATUS_000003,EVD_000231,0.95,,,"{""source_datasets"":[""khu_di_tich_ho_chi_minh_phu_chu_tich""],""verification"":""web_source_checked"",""decision_number"":""1272/QĐ-TTg""}",approved
EDGE_000434,PLACE_000010,RECOGNIZED_IN,TIME_000036,EVD_000231,0.95,,,"{""source_datasets"":[""khu_di_tich_ho_chi_minh_phu_chu_tich""],""verification"":""web_source_checked"",""designation"":""Di tích quốc gia đặc biệt"",""decision_number"":""1272/QĐ-TTg""}",approved
EDGE_000435,ARCH_000080,USED_FOR,ACTIVITY_000015,EVD_000227,0.95,,,"{""source_datasets"":[""khu_di_tich_ho_chi_minh_phu_chu_tich""],""verification"":""web_source_checked"",""temporal_scope"":""historical""}",approved
EDGE_000436,PLACE_000010,HAS_CATEGORY,CATEGORY_000001,EVD_000231,0.95,,,"{""source_datasets"":[""khu_di_tich_ho_chi_minh_phu_chu_tich""],""verification"":""web_source_checked""}",approved
EDGE_000437,HOBJ_000018,ASSOCIATED_WITH_PERSON,PERSON_000024,EVD_000228,0.95,,,"{""source_datasets"":[""khu_di_tich_ho_chi_minh_phu_chu_tich""],""verification"":""web_source_checked""}",approved
EDGE_000438,PLACE_000011,HAS_ADDRESS,ADDRESS_000008,EVD_000233|EVD_000232,0.95,,,"{""source_datasets"":[""lang_chu_tich_ho_chi_minh""],""verification"":""web_source_checked"",""address_precision"":""square_and_street"",""normalization_note"":""Tổng hợp vị trí từ hai nguồn; không phải địa chỉ cổng đón khách.""}",approved
EDGE_000439,PLACE_000011,LOCATED_IN,LOCATION_000006,EVD_000232,0.95,,,"{""source_datasets"":[""lang_chu_tich_ho_chi_minh""],""verification"":""web_source_checked""}",approved
EDGE_000440,PLACE_000011,LOCATED_IN,ADMIN_000002,EVD_000233,0.95,,,"{""source_datasets"":[""lang_chu_tich_ho_chi_minh""],""verification"":""web_source_checked""}",approved
EDGE_000441,PLACE_000011,HONORS,PERSON_000024,EVD_000232,0.95,,,"{""source_datasets"":[""lang_chu_tich_ho_chi_minh""],""verification"":""web_source_checked""}",approved
EDGE_000442,PLACE_000011,HAS_COMPONENT,ARCH_000085,EVD_000234,0.95,,,"{""source_datasets"":[""lang_chu_tich_ho_chi_minh""],""verification"":""web_source_checked""}",approved
EDGE_000443,PLACE_000011,HAS_COMPONENT,ARCH_000086,EVD_000234,0.95,,,"{""source_datasets"":[""lang_chu_tich_ho_chi_minh""],""verification"":""web_source_checked""}",approved
EDGE_000444,PLACE_000011,HAS_COMPONENT,ARCH_000087,EVD_000234,0.95,,,"{""source_datasets"":[""lang_chu_tich_ho_chi_minh""],""verification"":""web_source_checked""}",approved
EDGE_000445,PLACE_000011,HAS_COMPONENT,ARCH_000091,EVD_000234,0.95,,,"{""source_datasets"":[""lang_chu_tich_ho_chi_minh""],""verification"":""web_source_checked""}",approved
EDGE_000446,PLACE_000011,HAS_COMPONENT,ARCH_000092,EVD_000234,0.95,,,"{""source_datasets"":[""lang_chu_tich_ho_chi_minh""],""verification"":""web_source_checked""}",approved
EDGE_000447,PLACE_000011,HAS_COMPONENT,ARCH_000093,EVD_000234,0.95,,,"{""source_datasets"":[""lang_chu_tich_ho_chi_minh""],""verification"":""web_source_checked""}",approved
EDGE_000448,PLACE_000011,HAS_COMPONENT,ARCH_000094,EVD_000234,0.95,,,"{""source_datasets"":[""lang_chu_tich_ho_chi_minh""],""verification"":""web_source_checked""}",approved
EDGE_000449,ARCH_000086,HAS_COMPONENT,ARCH_000088,EVD_000237,0.95,,,"{""source_datasets"":[""lang_chu_tich_ho_chi_minh""],""verification"":""web_source_checked""}",approved
EDGE_000450,ARCH_000086,HAS_COMPONENT,ARCH_000089,EVD_000237,0.95,,,"{""source_datasets"":[""lang_chu_tich_ho_chi_minh""],""verification"":""web_source_checked""}",approved
EDGE_000451,ARCH_000086,HAS_COMPONENT,ARCH_000090,EVD_000237,0.95,,,"{""source_datasets"":[""lang_chu_tich_ho_chi_minh""],""verification"":""web_source_checked""}",approved
EDGE_000452,PLACE_000011,HAS_COMPONENT,HOBJ_000021,EVD_000236,0.95,,,"{""source_datasets"":[""lang_chu_tich_ho_chi_minh""],""verification"":""web_source_checked""}",approved
EDGE_000453,ARCH_000088,HAS_COMPONENT,HOBJ_000022,EVD_000236,0.95,,,"{""source_datasets"":[""lang_chu_tich_ho_chi_minh""],""verification"":""web_source_checked""}",approved
EDGE_000454,PLACE_000011,HAS_MEASUREMENT,VALUE_000046,EVD_000235,0.95,,,"{""source_datasets"":[""lang_chu_tich_ho_chi_minh""],""verification"":""web_source_checked"",""measurement_kind"":""height"",""measurement_type"":""height""}",approved
EDGE_000455,PLACE_000011,HAS_MEASUREMENT,VALUE_000047,EVD_000235,0.95,,,"{""source_datasets"":[""lang_chu_tich_ho_chi_minh""],""verification"":""web_source_checked"",""measurement_kind"":""width"",""measurement_type"":""width""}",approved
EDGE_000456,ARCH_000093,HAS_MEASUREMENT,VALUE_000048,EVD_000234,0.95,,,"{""source_datasets"":[""lang_chu_tich_ho_chi_minh""],""verification"":""web_source_checked"",""measurement_kind"":""length"",""measurement_type"":""length""}",approved
EDGE_000457,ARCH_000094,HAS_MEASUREMENT,VALUE_000048,EVD_000234,0.95,,,"{""source_datasets"":[""lang_chu_tich_ho_chi_minh""],""verification"":""web_source_checked"",""measurement_kind"":""length"",""measurement_type"":""length""}",approved
EDGE_000458,PLACE_000011,HAS_EVENT,EVENT_000020,EVD_000239,0.95,,,"{""source_datasets"":[""lang_chu_tich_ho_chi_minh""],""verification"":""web_source_checked"",""event_location"":""Lăng Chủ tịch Hồ Chí Minh""}",approved
EDGE_000459,EVENT_000020,OCCURRED_IN,TIME_000042,EVD_000239,0.95,,,"{""source_datasets"":[""lang_chu_tich_ho_chi_minh""],""verification"":""web_source_checked""}",approved
EDGE_000460,PLACE_000011,HAS_EVENT,EVENT_000021,EVD_000239,0.95,,,"{""source_datasets"":[""lang_chu_tich_ho_chi_minh""],""verification"":""web_source_checked"",""event_location"":""Lăng Chủ tịch Hồ Chí Minh""}",approved
EDGE_000461,EVENT_000021,OCCURRED_IN,TIME_000043,EVD_000239,0.95,,,"{""source_datasets"":[""lang_chu_tich_ho_chi_minh""],""verification"":""web_source_checked""}",approved
EDGE_000462,PLACE_000011,HAS_EVENT,EVENT_000022,EVD_000239,0.95,,,"{""source_datasets"":[""lang_chu_tich_ho_chi_minh""],""verification"":""web_source_checked"",""event_location"":""Lăng Chủ tịch Hồ Chí Minh""}",approved
EDGE_000463,EVENT_000022,OCCURRED_IN,TIME_000044,EVD_000239,0.95,,,"{""source_datasets"":[""lang_chu_tich_ho_chi_minh""],""verification"":""web_source_checked""}",approved
EDGE_000464,PLACE_000011,HAS_EVENT,EVENT_000023,EVD_000240,0.95,,,"{""source_datasets"":[""lang_chu_tich_ho_chi_minh""],""verification"":""web_source_checked"",""event_location"":""Trước Lăng, trên Quảng trường Ba Đình""}",approved
EDGE_000465,EVENT_000023,OCCURRED_IN,TIME_000045,EVD_000240,0.95,,,"{""source_datasets"":[""lang_chu_tich_ho_chi_minh""],""verification"":""web_source_checked"",""time_of_day"":""06:30""}",approved
EDGE_000466,PLACE_000011,BUILT_IN,TIME_000042,EVD_000239,0.95,,,"{""source_datasets"":[""lang_chu_tich_ho_chi_minh""],""verification"":""web_source_checked"",""construction_phase"":""start""}",approved
EDGE_000467,ARCH_000092,BUILT_WITH,MATERIAL_000001,EVD_000238,0.95,,,"{""source_datasets"":[""lang_chu_tich_ho_chi_minh""],""verification"":""web_source_checked""}",approved
EDGE_000468,ARCH_000091,BUILT_WITH,MATERIAL_000006,EVD_000238,0.95,,,"{""source_datasets"":[""lang_chu_tich_ho_chi_minh""],""verification"":""web_source_checked""}",approved
EDGE_000469,ARCH_000088,BUILT_WITH,MATERIAL_000007,EVD_000237,0.95,,,"{""source_datasets"":[""lang_chu_tich_ho_chi_minh""],""verification"":""web_source_checked"",""material_scope"":""wall_cladding""}",approved
EDGE_000470,ARCH_000089,BUILT_WITH,MATERIAL_000008,EVD_000237,0.95,,,"{""source_datasets"":[""lang_chu_tich_ho_chi_minh""],""verification"":""web_source_checked"",""material_scope"":""main_wall_cladding""}",approved
EDGE_000471,HOBJ_000021,ASSOCIATED_WITH_PERSON,PERSON_000024,EVD_000236,0.95,,,"{""source_datasets"":[""lang_chu_tich_ho_chi_minh""],""verification"":""web_source_checked""}",approved
EDGE_000472,PLACE_000011,ASSOCIATED_WITH_PERSON,PERSON_000024,EVD_000232,0.95,,,"{""source_datasets"":[""lang_chu_tich_ho_chi_minh""],""verification"":""web_source_checked""}",approved
EDGE_000473,PLACE_000011,HAS_ACTIVITY,ACTIVITY_000016,EVD_000241,0.95,,,"{""source_datasets"":[""lang_chu_tich_ho_chi_minh""],""verification"":""web_source_checked"",""activity_scope"":""visitation_not_current_opening_schedule""}",approved
EDGE_000474,ARCH_000088,USED_FOR,ACTIVITY_000016,EVD_000241,0.95,,,"{""source_datasets"":[""lang_chu_tich_ho_chi_minh""],""verification"":""web_source_checked""}",approved
EDGE_000475,PLACE_000011,LOCATED_IN,ADMIN_000001,EVD_000233,0.95,,,"{""source_datasets"":[""lang_chu_tich_ho_chi_minh""],""verification"":""web_source_checked"",""derivation"":""Vị trí tại Quảng trường Ba Đình; nguồn địa chỉ phường của quảng trường.""}",approved
EDGE_000476,ARCH_000090,BUILT_WITH,MATERIAL_000007,EVD_000237,0.95,,,"{""source_datasets"":[""lang_chu_tich_ho_chi_minh""],""verification"":""web_source_checked"",""material_scope"":""walls_along_stairway""}",approved
EDGE_000477,ARCH_000089,LOCATED_IN,PLACE_000011,EVD_000237,0.95,,,"{""source_datasets"":[""lang_chu_tich_ho_chi_minh""],""verification"":""web_source_checked""}",approved
EDGE_000478,PLACE_000012,HAS_ADDRESS,ADDRESS_000009,EVD_000242,0.95,,,"{""source_datasets"":[""k9_da_chong""],""verification"":""web_source_checked"",""address_precision"":""locality_and_commune"",""source_publication_date"":""2026-05-11"",""administrative_note"":""Theo Bộ Tư lệnh Lăng năm 2026; không dùng địa chỉ Minh Quang, huyện Ba Vì trong tư liệu cũ làm địa chỉ hiện hành.""}",approved
EDGE_000479,PLACE_000012,LOCATED_IN,ADMIN_000007,EVD_000242,0.95,,,"{""source_datasets"":[""k9_da_chong""],""verification"":""web_source_checked""}",approved
EDGE_000480,PLACE_000012,LOCATED_IN,ADMIN_000002,EVD_000242,0.95,,,"{""source_datasets"":[""k9_da_chong""],""verification"":""web_source_checked""}",approved
EDGE_000481,PLACE_000012,ASSOCIATED_WITH_PERSON,PERSON_000024,EVD_000243,0.95,,,"{""source_datasets"":[""k9_da_chong""],""verification"":""web_source_checked""}",approved
EDGE_000482,PLACE_000012,HAS_CATEGORY,CATEGORY_000001,EVD_000243,0.95,,,"{""source_datasets"":[""k9_da_chong""],""verification"":""web_source_checked""}",approved
EDGE_000483,PLACE_000012,HAS_COMPONENT,ARCH_000095,EVD_000244,0.95,,,"{""source_datasets"":[""k9_da_chong""],""verification"":""web_source_checked""}",approved
EDGE_000484,PLACE_000012,HAS_COMPONENT,ARCH_000096,EVD_000248,0.95,,,"{""source_datasets"":[""k9_da_chong""],""verification"":""web_source_checked""}",approved
EDGE_000485,PLACE_000012,HAS_COMPONENT,ARCH_000097,EVD_000252,0.95,,,"{""source_datasets"":[""k9_da_chong""],""verification"":""web_source_checked""}",approved
EDGE_000486,PLACE_000012,HAS_COMPONENT,ARCH_000098,EVD_000244,0.95,,,"{""source_datasets"":[""k9_da_chong""],""verification"":""web_source_checked""}",approved
EDGE_000487,PLACE_000012,HAS_COMPONENT,ARCH_000099,EVD_000244,0.95,,,"{""source_datasets"":[""k9_da_chong""],""verification"":""web_source_checked""}",approved
EDGE_000488,PLACE_000012,HAS_COMPONENT,ARCH_000100,EVD_000244,0.95,,,"{""source_datasets"":[""k9_da_chong""],""verification"":""web_source_checked""}",approved
EDGE_000489,PLACE_000012,HAS_COMPONENT,ARCH_000101,EVD_000244,0.95,,,"{""source_datasets"":[""k9_da_chong""],""verification"":""web_source_checked""}",approved
EDGE_000490,ARCH_000096,HAS_COMPONENT,ARCH_000102,EVD_000248,0.95,,,"{""source_datasets"":[""k9_da_chong""],""verification"":""web_source_checked""}",approved
EDGE_000491,ARCH_000096,HAS_COMPONENT,ARCH_000103,EVD_000248,0.95,,,"{""source_datasets"":[""k9_da_chong""],""verification"":""web_source_checked""}",approved
EDGE_000492,PLACE_000012,HAS_COMPONENT,HOBJ_000023,EVD_000251,0.95,,,"{""source_datasets"":[""k9_da_chong""],""verification"":""web_source_checked""}",approved
EDGE_000493,PLACE_000012,HAS_COMPONENT,HOBJ_000024,EVD_000251,0.95,,,"{""source_datasets"":[""k9_da_chong""],""verification"":""web_source_checked""}",approved
EDGE_000494,PLACE_000012,HAS_COMPONENT,HOBJ_000025,EVD_000251,0.95,,,"{""source_datasets"":[""k9_da_chong""],""verification"":""web_source_checked""}",approved
EDGE_000495,PLACE_000012,HAS_COMPONENT,HOBJ_000026,EVD_000244,0.95,,,"{""source_datasets"":[""k9_da_chong""],""verification"":""web_source_checked""}",approved
EDGE_000496,HOBJ_000023,ASSOCIATED_WITH_PERSON,PERSON_000024,EVD_000251,0.95,,,"{""source_datasets"":[""k9_da_chong""],""verification"":""web_source_checked"",""association_scope"":""Phương tiện lịch sử di chuyển thi hài""}",approved
EDGE_000497,HOBJ_000024,ASSOCIATED_WITH_PERSON,PERSON_000024,EVD_000251,0.95,,,"{""source_datasets"":[""k9_da_chong""],""verification"":""web_source_checked"",""association_scope"":""Phương tiện lịch sử di chuyển thi hài""}",approved
EDGE_000498,HOBJ_000025,ASSOCIATED_WITH_PERSON,PERSON_000024,EVD_000251,0.95,,,"{""source_datasets"":[""k9_da_chong""],""verification"":""web_source_checked"",""association_scope"":""Phương tiện lịch sử di chuyển thi hài""}",approved
EDGE_000499,ARCH_000095,ASSOCIATED_WITH_PERSON,PERSON_000024,EVD_000245,0.95,,,"{""source_datasets"":[""k9_da_chong""],""verification"":""web_source_checked""}",approved
EDGE_000500,ARCH_000096,HONORS,PERSON_000024,EVD_000248,0.95,,,"{""source_datasets"":[""k9_da_chong""],""verification"":""web_source_checked""}",approved
EDGE_000501,ARCH_000095,BUILT_IN,TIME_000048,EVD_000255,0.95,,,"{""source_datasets"":[""k9_da_chong""],""verification"":""web_source_checked"",""construction_phase"":""completion""}",approved
EDGE_000502,ARCH_000096,BUILT_IN,TIME_000049,EVD_000249,0.95,,,"{""source_datasets"":[""k9_da_chong""],""verification"":""web_source_checked"",""construction_phase"":""start""}",approved
EDGE_000503,PLACE_000012,HAS_EVENT,EVENT_000024,EVD_000246,0.95,,,"{""source_datasets"":[""k9_da_chong""],""verification"":""web_source_checked""}",approved
EDGE_000504,EVENT_000024,OCCURRED_IN,TIME_000046,EVD_000246,0.95,,,"{""source_datasets"":[""k9_da_chong""],""verification"":""web_source_checked""}",approved
EDGE_000505,PLACE_000012,HAS_EVENT,EVENT_000025,EVD_000247,0.95,,,"{""source_datasets"":[""k9_da_chong""],""verification"":""web_source_checked""}",approved
EDGE_000506,EVENT_000025,OCCURRED_IN,TIME_000047,EVD_000247,0.95,,,"{""source_datasets"":[""k9_da_chong""],""verification"":""web_source_checked""}",approved
EDGE_000507,PLACE_000012,HAS_EVENT,EVENT_000026,EVD_000250,0.95,,,"{""source_datasets"":[""k9_da_chong""],""verification"":""web_source_checked""}",approved
EDGE_000508,EVENT_000026,OCCURRED_IN,TIME_000050,EVD_000250,0.95,,,"{""source_datasets"":[""k9_da_chong""],""verification"":""web_source_checked""}",approved
EDGE_000509,PLACE_000012,HAS_EVENT,EVENT_000027,EVD_000253,0.95,,,"{""source_datasets"":[""k9_da_chong""],""verification"":""web_source_checked""}",approved
EDGE_000510,EVENT_000027,OCCURRED_IN,TIME_000051,EVD_000253,0.95,,,"{""source_datasets"":[""k9_da_chong""],""verification"":""web_source_checked""}",approved
EDGE_000511,PLACE_000012,HAS_EVENT,EVENT_000028,EVD_000254,0.95,,,"{""source_datasets"":[""k9_da_chong""],""verification"":""web_source_checked""}",approved
EDGE_000512,EVENT_000028,OCCURRED_IN,TIME_000052,EVD_000254,0.95,,,"{""source_datasets"":[""k9_da_chong""],""verification"":""web_source_checked""}",approved
EDGE_000513,EVENT_000024,INVOLVED_PERSON,PERSON_000024,EVD_000246,0.95,,,"{""source_datasets"":[""k9_da_chong""],""verification"":""web_source_checked""}",approved
EDGE_000514,EVENT_000025,INVOLVED_PERSON,PERSON_000024,EVD_000247,0.95,,,"{""source_datasets"":[""k9_da_chong""],""verification"":""web_source_checked""}",approved
EDGE_000515,EVENT_000027,INVOLVED_PERSON,PERSON_000026,EVD_000253,0.95,,,"{""source_datasets"":[""k9_da_chong""],""verification"":""web_source_checked""}",approved
EDGE_000516,EVENT_000028,INVOLVED_PERSON,PERSON_000027,EVD_000254,0.95,,,"{""source_datasets"":[""k9_da_chong""],""verification"":""web_source_checked""}",approved
EDGE_000517,ARCH_000096,HAS_ARCHITECTURAL_STYLE,ASTYLE_000006,EVD_000248,0.95,,,"{""source_datasets"":[""k9_da_chong""],""verification"":""web_source_checked""}",approved
EDGE_000518,PLACE_000013,HAS_ADDRESS,ADDRESS_000010,EVD_000256,0.95,,,"{""source_datasets"":[""nha_48_hang_ngang""],""verification"":""web_source_checked"",""entrance"":""main"",""address_precision"":""house_number_street_city""}",approved
EDGE_000519,PLACE_000013,HAS_ADDRESS,ADDRESS_000011,EVD_000256,0.95,,,"{""source_datasets"":[""nha_48_hang_ngang""],""verification"":""web_source_checked"",""entrance"":""rear"",""address_precision"":""house_number_street_city""}",approved
EDGE_000520,PLACE_000013,LOCATED_IN,LOCATION_000007,EVD_000256,0.95,,,"{""source_datasets"":[""nha_48_hang_ngang""],""verification"":""web_source_checked"",""location_scope"":""street_frontage""}",approved
EDGE_000521,PLACE_000013,LOCATED_IN,LOCATION_000008,EVD_000256,0.95,,,"{""source_datasets"":[""nha_48_hang_ngang""],""verification"":""web_source_checked"",""location_scope"":""street_frontage""}",approved
EDGE_000522,PLACE_000013,LOCATED_IN,ADMIN_000002,EVD_000256,0.95,,,"{""source_datasets"":[""nha_48_hang_ngang""],""verification"":""web_source_checked""}",approved
EDGE_000523,PLACE_000013,ASSOCIATED_WITH_PERSON,PERSON_000028,EVD_000257,0.95,,,"{""source_datasets"":[""nha_48_hang_ngang""],""verification"":""web_source_checked"",""association_scope"":""historical_owner_1945""}",approved
EDGE_000524,PLACE_000013,ASSOCIATED_WITH_PERSON,PERSON_000029,EVD_000257,0.95,,,"{""source_datasets"":[""nha_48_hang_ngang""],""verification"":""web_source_checked"",""association_scope"":""historical_owner_1945""}",approved
EDGE_000525,PLACE_000013,ASSOCIATED_WITH_PERSON,PERSON_000024,EVD_000259,0.95,,,"{""source_datasets"":[""nha_48_hang_ngang""],""verification"":""web_source_checked""}",approved
EDGE_000526,PLACE_000013,HAS_CATEGORY,CATEGORY_000001,EVD_000266,0.95,,,"{""source_datasets"":[""nha_48_hang_ngang""],""verification"":""web_source_checked""}",approved
EDGE_000527,PLACE_000013,HAS_COMPONENT,ARCH_000104,EVD_000261,0.95,,,"{""source_datasets"":[""nha_48_hang_ngang""],""verification"":""web_source_checked""}",approved
EDGE_000528,PLACE_000013,HAS_COMPONENT,ARCH_000105,EVD_000261,0.95,,,"{""source_datasets"":[""nha_48_hang_ngang""],""verification"":""web_source_checked""}",approved
EDGE_000529,PLACE_000013,HAS_COMPONENT,ARCH_000113,EVD_000261,0.95,,,"{""source_datasets"":[""nha_48_hang_ngang""],""verification"":""web_source_checked""}",approved
EDGE_000530,ARCH_000105,HAS_COMPONENT,ARCH_000106,EVD_000262,0.95,,,"{""source_datasets"":[""nha_48_hang_ngang""],""verification"":""web_source_checked""}",approved
EDGE_000531,ARCH_000105,HAS_COMPONENT,ARCH_000107,EVD_000262,0.95,,,"{""source_datasets"":[""nha_48_hang_ngang""],""verification"":""web_source_checked""}",approved
EDGE_000532,ARCH_000105,HAS_COMPONENT,ARCH_000108,EVD_000262,0.95,,,"{""source_datasets"":[""nha_48_hang_ngang""],""verification"":""web_source_checked""}",approved
EDGE_000533,PLACE_000013,HAS_COMPONENT,ARCH_000109,EVD_000263,0.95,,,"{""source_datasets"":[""nha_48_hang_ngang""],""verification"":""web_source_checked""}",approved
EDGE_000534,PLACE_000013,HAS_COMPONENT,ARCH_000111,EVD_000263,0.95,,,"{""source_datasets"":[""nha_48_hang_ngang""],""verification"":""web_source_checked""}",approved
EDGE_000535,PLACE_000013,HAS_COMPONENT,ARCH_000112,EVD_000263,0.95,,,"{""source_datasets"":[""nha_48_hang_ngang""],""verification"":""web_source_checked""}",approved
EDGE_000536,ARCH_000109,HAS_COMPONENT,ARCH_000110,EVD_000263,0.95,,,"{""source_datasets"":[""nha_48_hang_ngang""],""verification"":""web_source_checked""}",approved
EDGE_000537,PLACE_000013,HAS_COMPONENT,HOBJ_000027,EVD_000264,0.95,,,"{""source_datasets"":[""nha_48_hang_ngang""],""verification"":""web_source_checked"",""placement_note"":""Ghi nhận ở cấp di tích; không tự suy ra phòng đặt hiện vật hiện hành.""}",approved
EDGE_000538,PLACE_000013,HAS_COMPONENT,HOBJ_000028,EVD_000264,0.95,,,"{""source_datasets"":[""nha_48_hang_ngang""],""verification"":""web_source_checked"",""placement_note"":""Ghi nhận ở cấp di tích; không tự suy ra phòng đặt hiện vật hiện hành.""}",approved
EDGE_000539,PLACE_000013,HAS_COMPONENT,HOBJ_000029,EVD_000264,0.95,,,"{""source_datasets"":[""nha_48_hang_ngang""],""verification"":""web_source_checked"",""placement_note"":""Ghi nhận ở cấp di tích; không tự suy ra phòng đặt hiện vật hiện hành.""}",approved
EDGE_000540,PLACE_000013,HAS_COMPONENT,HOBJ_000030,EVD_000264,0.95,,,"{""source_datasets"":[""nha_48_hang_ngang""],""verification"":""web_source_checked"",""placement_note"":""Ghi nhận ở cấp di tích; không tự suy ra phòng đặt hiện vật hiện hành.""}",approved
EDGE_000541,PLACE_000013,HAS_EVENT,EVENT_000029,EVD_000258,0.95,,,"{""source_datasets"":[""nha_48_hang_ngang""],""verification"":""web_source_checked""}",approved
EDGE_000542,EVENT_000029,OCCURRED_IN,TIME_000053,EVD_000258,0.95,,,"{""source_datasets"":[""nha_48_hang_ngang""],""verification"":""web_source_checked""}",approved
EDGE_000543,EVENT_000029,INVOLVED_PERSON,PERSON_000024,EVD_000258,0.95,,,"{""source_datasets"":[""nha_48_hang_ngang""],""verification"":""web_source_checked""}",approved
EDGE_000544,PLACE_000013,HAS_EVENT,EVENT_000030,EVD_000260,0.95,,,"{""source_datasets"":[""nha_48_hang_ngang""],""verification"":""web_source_checked""}",approved
EDGE_000545,EVENT_000030,OCCURRED_IN,TIME_000054,EVD_000260,0.95,,,"{""source_datasets"":[""nha_48_hang_ngang""],""verification"":""web_source_checked""}",approved
EDGE_000546,EVENT_000030,INVOLVED_PERSON,PERSON_000024,EVD_000260,0.95,,,"{""source_datasets"":[""nha_48_hang_ngang""],""verification"":""web_source_checked""}",approved
EDGE_000547,PLACE_000013,HAS_EVENT,EVENT_000031,EVD_000259,0.95,,,"{""source_datasets"":[""nha_48_hang_ngang""],""verification"":""web_source_checked""}",approved
EDGE_000548,EVENT_000031,OCCURRED_IN,TIME_000056,EVD_000259,0.95,,,"{""source_datasets"":[""nha_48_hang_ngang""],""verification"":""web_source_checked"",""temporal_precision"":""within_residence_interval"",""note"":""Khoảng thời gian bao chứa việc soạn thảo; không khẳng định viết liên tục toàn kỳ.""}",approved
EDGE_000549,EVENT_000031,INVOLVED_PERSON,PERSON_000024,EVD_000259,0.95,,,"{""source_datasets"":[""nha_48_hang_ngang""],""verification"":""web_source_checked""}",approved
EDGE_000550,PLACE_000013,RECOGNIZED_IN,TIME_000055,EVD_000265,0.95,,,"{""source_datasets"":[""nha_48_hang_ngang""],""verification"":""web_source_checked"",""decision_number"":""54 VH/QĐ"",""recognition_scope"":""historical_designation_1979""}",approved
EDGE_000551,PLACE_000013,HAS_ACTIVITY,ACTIVITY_000017,EVD_000259,0.95,,,"{""source_datasets"":[""nha_48_hang_ngang""],""verification"":""web_source_checked"",""activity_scope"":""historical_1945""}",approved
EDGE_000552,PLACE_000013,HAS_ACTIVITY,ACTIVITY_000018,EVD_000267,0.95,,,"{""source_datasets"":[""nha_48_hang_ngang""],""verification"":""web_source_checked"",""observed_on"":""2026-05-18""}",approved
EDGE_000553,HOBJ_000027,ASSOCIATED_WITH_PERSON,PERSON_000024,EVD_000264,0.95,,,"{""source_datasets"":[""nha_48_hang_ngang""],""verification"":""web_source_checked""}",approved
EDGE_000554,HOBJ_000030,ASSOCIATED_WITH_PERSON,PERSON_000024,EVD_000264,0.95,,,"{""source_datasets"":[""nha_48_hang_ngang""],""verification"":""web_source_checked""}",approved
EDGE_000555,ARCH_000106,USED_FOR,ACTIVITY_000017,EVD_000259,0.95,,,"{""source_datasets"":[""nha_48_hang_ngang""],""verification"":""web_source_checked""}",approved
EDGE_000556,ARCH_000113,HONORS,PERSON_000024,EVD_000261,0.95,,,"{""source_datasets"":[""nha_48_hang_ngang""],""verification"":""web_source_checked""}",approved
EDGE_000557,PLACE_000013,RECOGNIZED_AS,HSTATUS_000005,EVD_000266,0.95,,,"{""source_datasets"":[""nha_48_hang_ngang""],""verification"":""web_source_checked"",""status_scope"":""documented_in_2018_not_exclusive_current_status""}",approved
EDGE_000558,PLACE_000014,HAS_ADDRESS,ADDRESS_000012,EVD_000268,0.95,,,"{""source_datasets"":[""5d_ham_long""],""verification"":""web_source_checked"",""source_publication_date"":""2026-03-26""}",approved
EDGE_000559,PLACE_000014,LOCATED_IN,ADMIN_000004,EVD_000268,0.95,,,"{""source_datasets"":[""5d_ham_long""],""verification"":""web_source_checked""}",approved
EDGE_000560,PLACE_000014,LOCATED_IN,LOCATION_000009,EVD_000268,0.95,,,"{""source_datasets"":[""5d_ham_long""],""verification"":""web_source_checked""}",approved
EDGE_000561,PLACE_000014,HAS_CATEGORY,CATEGORY_000001,EVD_000278,0.95,,,"{""source_datasets"":[""5d_ham_long""],""verification"":""web_source_checked""}",approved
EDGE_000562,PLACE_000014,ASSOCIATED_WITH_PERSON,PERSON_000030,EVD_000270,0.95,,,"{""source_datasets"":[""5d_ham_long""],""verification"":""web_source_checked"",""association_scope"":""founding_cell_member""}",approved
EDGE_000563,PLACE_000014,ASSOCIATED_WITH_PERSON,PERSON_000031,EVD_000270,0.95,,,"{""source_datasets"":[""5d_ham_long""],""verification"":""web_source_checked"",""association_scope"":""founding_cell_member""}",approved
EDGE_000564,PLACE_000014,ASSOCIATED_WITH_PERSON,PERSON_000032,EVD_000270,0.95,,,"{""source_datasets"":[""5d_ham_long""],""verification"":""web_source_checked"",""association_scope"":""founding_cell_member""}",approved
EDGE_000565,PLACE_000014,ASSOCIATED_WITH_PERSON,PERSON_000033,EVD_000270,0.95,,,"{""source_datasets"":[""5d_ham_long""],""verification"":""web_source_checked"",""association_scope"":""founding_cell_member""}",approved
EDGE_000566,PLACE_000014,ASSOCIATED_WITH_PERSON,PERSON_000034,EVD_000270,0.95,,,"{""source_datasets"":[""5d_ham_long""],""verification"":""web_source_checked"",""association_scope"":""founding_cell_member""}",approved
EDGE_000567,PLACE_000014,ASSOCIATED_WITH_PERSON,PERSON_000035,EVD_000270,0.95,,,"{""source_datasets"":[""5d_ham_long""],""verification"":""web_source_checked"",""association_scope"":""founding_cell_member""}",approved
EDGE_000568,PLACE_000014,ASSOCIATED_WITH_PERSON,PERSON_000036,EVD_000270,0.95,,,"{""source_datasets"":[""5d_ham_long""],""verification"":""web_source_checked"",""association_scope"":""founding_cell_member""}",approved
EDGE_000569,PLACE_000014,ASSOCIATED_WITH_PERSON,PERSON_000037,EVD_000270,0.95,,,"{""source_datasets"":[""5d_ham_long""],""verification"":""web_source_checked"",""association_scope"":""founding_cell_member"",""identity_note"":""Nhân vật của Chi bộ 5D Hàm Long; không đồng nhất tự động với nhà văn cùng tên.""}",approved
EDGE_000570,PLACE_000014,ASSOCIATED_WITH_PERSON,PERSON_000038,EVD_000272,0.95,,,"{""source_datasets"":[""5d_ham_long""],""verification"":""web_source_checked"",""association_scope"":""caretaker""}",approved
EDGE_000571,PLACE_000014,HAS_COMPONENT,ARCH_000114,EVD_000273,0.95,,,"{""source_datasets"":[""5d_ham_long""],""verification"":""web_source_checked"",""description_scope"":""historical_house_not_entire_expanded_site""}",approved
EDGE_000572,PLACE_000014,HAS_COMPONENT,ARCH_000115,EVD_000273,0.95,,,"{""source_datasets"":[""5d_ham_long""],""verification"":""web_source_checked"",""description_scope"":""historical_house_not_entire_expanded_site""}",approved
EDGE_000573,PLACE_000014,HAS_COMPONENT,ARCH_000116,EVD_000273,0.95,,,"{""source_datasets"":[""5d_ham_long""],""verification"":""web_source_checked"",""description_scope"":""historical_house_not_entire_expanded_site""}",approved
EDGE_000574,PLACE_000014,HAS_COMPONENT,ARCH_000117,EVD_000274,0.95,,,"{""source_datasets"":[""5d_ham_long""],""verification"":""web_source_checked"",""description_scope"":""historical_house_not_entire_expanded_site""}",approved
EDGE_000575,PLACE_000014,HAS_COMPONENT,HOBJ_000031,EVD_000275,0.95,,,"{""source_datasets"":[""5d_ham_long""],""verification"":""web_source_checked"",""object_authenticity"":""replica"",""source_publication_year"":2014}",approved
EDGE_000576,PLACE_000014,HAS_COMPONENT,HOBJ_000032,EVD_000275,0.95,,,"{""source_datasets"":[""5d_ham_long""],""verification"":""web_source_checked"",""object_authenticity"":""replica"",""source_publication_year"":2014}",approved
EDGE_000577,PLACE_000014,HAS_COMPONENT,HOBJ_000033,EVD_000275,0.95,,,"{""source_datasets"":[""5d_ham_long""],""verification"":""web_source_checked"",""object_authenticity"":""replica"",""source_publication_year"":2014}",approved
EDGE_000578,PLACE_000014,HAS_COMPONENT,HOBJ_000034,EVD_000275,0.95,,,"{""source_datasets"":[""5d_ham_long""],""verification"":""web_source_checked"",""object_authenticity"":""replica"",""source_publication_year"":2014}",approved
EDGE_000579,PLACE_000014,HAS_COMPONENT,HOBJ_000035,EVD_000275,0.95,,,"{""source_datasets"":[""5d_ham_long""],""verification"":""web_source_checked"",""object_authenticity"":""replica"",""source_publication_year"":2014}",approved
EDGE_000580,PLACE_000014,HAS_COMPONENT,HOBJ_000036,EVD_000275,0.95,,,"{""source_datasets"":[""5d_ham_long""],""verification"":""web_source_checked"",""object_authenticity"":""replica"",""source_publication_year"":2014}",approved
EDGE_000581,PLACE_000014,HAS_EVENT,EVENT_000032,EVD_000269|EVD_000271|EVD_000279,0.95,,,"{""source_datasets"":[""5d_ham_long""],""verification"":""web_source_checked"",""attendee_count"":7,""founding_member_count"":8}",approved
EDGE_000582,EVENT_000032,OCCURRED_IN,TIME_000057,EVD_000269,0.95,,,"{""source_datasets"":[""5d_ham_long""],""verification"":""web_source_checked"",""temporal_precision"":""late_month_no_exact_day""}",approved
EDGE_000583,EVENT_000032,INVOLVED_PERSON,PERSON_000030,EVD_000270|EVD_000271,0.95,,,"{""source_datasets"":[""5d_ham_long""],""verification"":""web_source_checked"",""participation"":""present_at_meeting""}",approved
EDGE_000584,EVENT_000032,INVOLVED_PERSON,PERSON_000031,EVD_000270|EVD_000271,0.95,,,"{""source_datasets"":[""5d_ham_long""],""verification"":""web_source_checked"",""participation"":""present_at_meeting""}",approved
EDGE_000585,EVENT_000032,INVOLVED_PERSON,PERSON_000032,EVD_000270|EVD_000271,0.95,,,"{""source_datasets"":[""5d_ham_long""],""verification"":""web_source_checked"",""participation"":""present_at_meeting""}",approved
EDGE_000586,EVENT_000032,INVOLVED_PERSON,PERSON_000033,EVD_000270|EVD_000271,0.95,,,"{""source_datasets"":[""5d_ham_long""],""verification"":""web_source_checked"",""participation"":""present_at_meeting""}",approved
EDGE_000587,EVENT_000032,INVOLVED_PERSON,PERSON_000034,EVD_000270|EVD_000271,0.95,,,"{""source_datasets"":[""5d_ham_long""],""verification"":""web_source_checked"",""participation"":""present_at_meeting""}",approved
EDGE_000588,EVENT_000032,INVOLVED_PERSON,PERSON_000036,EVD_000270|EVD_000271,0.95,,,"{""source_datasets"":[""5d_ham_long""],""verification"":""web_source_checked"",""participation"":""present_at_meeting""}",approved
EDGE_000589,EVENT_000032,INVOLVED_PERSON,PERSON_000037,EVD_000270|EVD_000271,0.95,,,"{""source_datasets"":[""5d_ham_long""],""verification"":""web_source_checked"",""participation"":""present_at_meeting""}",approved
EDGE_000590,ORG_000008,ESTABLISHED_IN,TIME_000057,EVD_000269,0.95,,,"{""source_datasets"":[""5d_ham_long""],""verification"":""web_source_checked""}",approved
EDGE_000591,ORG_000008,LOCATED_IN,PLACE_000014,EVD_000269,0.95,,,"{""source_datasets"":[""5d_ham_long""],""verification"":""web_source_checked"",""location_scope"":""founding_location_1929""}",approved
EDGE_000592,PERSON_000032,HELD_ROLE,ROLE_000003,EVD_000270,0.95,,,"{""source_datasets"":[""5d_ham_long""],""verification"":""web_source_checked"",""organization_id"":""ORG_000008"",""period_context"":""founding_1929""}",approved
EDGE_000593,PLACE_000014,RENOVATED_IN,TIME_000058,EVD_000276,0.95,,,"{""source_datasets"":[""5d_ham_long""],""verification"":""web_source_checked"",""restoration_scope"":""converted_to_memorial_house""}",approved
EDGE_000594,PLACE_000014,RENOVATED_IN,TIME_000060,EVD_000277,0.95,,,"{""source_datasets"":[""5d_ham_long""],""verification"":""web_source_checked""}",approved
EDGE_000595,PLACE_000014,RECOGNIZED_IN,TIME_000059,EVD_000278,0.95,,,"{""source_datasets"":[""5d_ham_long""],""verification"":""web_source_checked"",""decision_number"":""29-VH/QĐ""}",approved
EDGE_000596,ARCH_000114,HAS_MEASUREMENT,VALUE_000049,EVD_000274,0.95,,,"{""source_datasets"":[""5d_ham_long""],""verification"":""web_source_checked"",""measurement_kind"":""area"",""measurement_scope"":""historic_single_room_not_expanded_site""}",approved
EDGE_000597,PLACE_000014,RECOGNIZED_AS,HSTATUS_000005,EVD_000278|EVD_000279,0.95,,,"{""source_datasets"":[""5d_ham_long""],""verification"":""web_source_checked"",""decision_number"":""29-VH/QĐ"",""decision_date"":""1964-01-13""}",approved
EDGE_000598,PLACE_000015,HAS_ADDRESS,ADDRESS_000013,EVD_000280,0.95,,,"{""source_datasets"":[""thanh_co_son_tay""],""verification"":""web_source_checked"",""entrance"":""Cửa Tiền"",""address_precision"":""entrance_street_locality_city"",""normalization_note"":""Địa chỉ theo cửa nhìn ra phố; Sơn Tây là nhãn địa phương, không khẳng định đơn vị hành chính cũ còn hiệu lực.""}",approved
EDGE_000599,PLACE_000015,LOCATED_IN,ADMIN_000002,EVD_000280,0.95,,,"{""source_datasets"":[""thanh_co_son_tay""],""verification"":""web_source_checked""}",approved
EDGE_000600,PLACE_000015,BUILT_IN,TIME_000061,EVD_000281,0.95,,,"{""source_datasets"":[""thanh_co_son_tay""],""verification"":""web_source_checked""}",approved
EDGE_000601,PLACE_000015,ASSOCIATED_WITH_PERSON,PERSON_000005,EVD_000281,0.95,,,"{""source_datasets"":[""thanh_co_son_tay""],""verification"":""web_source_checked"",""association_scope"":""reigning_emperor_at_construction""}",approved
EDGE_000602,PLACE_000015,HAS_ARCHITECTURAL_STYLE,ASTYLE_000008,EVD_000281,0.95,,,"{""source_datasets"":[""thanh_co_son_tay""],""verification"":""web_source_checked""}",approved
EDGE_000603,PLACE_000015,HAS_COMPONENT,ARCH_000118,EVD_000282,0.95,,,"{""source_datasets"":[""thanh_co_son_tay""],""verification"":""web_source_checked""}",approved
EDGE_000604,PLACE_000015,HAS_COMPONENT,ARCH_000119,EVD_000282,0.95,,,"{""source_datasets"":[""thanh_co_son_tay""],""verification"":""web_source_checked""}",approved
EDGE_000605,PLACE_000015,HAS_COMPONENT,ARCH_000120,EVD_000282,0.95,,,"{""source_datasets"":[""thanh_co_son_tay""],""verification"":""web_source_checked""}",approved
EDGE_000606,PLACE_000015,HAS_COMPONENT,ARCH_000121,EVD_000282,0.95,,,"{""source_datasets"":[""thanh_co_son_tay""],""verification"":""web_source_checked""}",approved
EDGE_000607,PLACE_000015,HAS_COMPONENT,ARCH_000122,EVD_000282,0.95,,,"{""source_datasets"":[""thanh_co_son_tay""],""verification"":""web_source_checked""}",approved
EDGE_000608,PLACE_000015,HAS_COMPONENT,ARCH_000123,EVD_000282,0.95,,,"{""source_datasets"":[""thanh_co_son_tay""],""verification"":""web_source_checked""}",approved
EDGE_000609,PLACE_000015,HAS_COMPONENT,ARCH_000124,EVD_000285,0.95,,,"{""source_datasets"":[""thanh_co_son_tay""],""verification"":""web_source_checked""}",approved
EDGE_000610,PLACE_000015,HAS_COMPONENT,ARCH_000125,EVD_000285,0.95,,,"{""source_datasets"":[""thanh_co_son_tay""],""verification"":""web_source_checked""}",approved
EDGE_000611,PLACE_000015,HAS_COMPONENT,ARCH_000126,EVD_000285,0.95,,,"{""source_datasets"":[""thanh_co_son_tay""],""verification"":""web_source_checked""}",approved
EDGE_000612,PLACE_000015,HAS_COMPONENT,ARCH_000127,EVD_000285,0.95,,,"{""source_datasets"":[""thanh_co_son_tay""],""verification"":""web_source_checked""}",approved
EDGE_000613,PLACE_000015,HAS_COMPONENT,ARCH_000128,EVD_000285,0.95,,,"{""source_datasets"":[""thanh_co_son_tay""],""verification"":""web_source_checked""}",approved
EDGE_000614,PLACE_000015,HAS_COMPONENT,ARCH_000129,EVD_000285,0.95,,,"{""source_datasets"":[""thanh_co_son_tay""],""verification"":""web_source_checked"",""component_scope"":""historical_group_not_current_intact_condition""}",approved
EDGE_000615,PLACE_000015,HAS_COMPONENT,ARCH_000130,EVD_000289,0.95,,,"{""source_datasets"":[""thanh_co_son_tay""],""verification"":""web_source_checked""}",approved
EDGE_000616,PLACE_000015,HAS_COMPONENT,HOBJ_000037,EVD_000288,0.95,,,"{""source_datasets"":[""thanh_co_son_tay""],""verification"":""web_source_checked"",""recorded_in"":2021}",approved
EDGE_000617,ARCH_000130,HAS_COMPONENT,HOBJ_000038,EVD_000289,0.95,,,"{""source_datasets"":[""thanh_co_son_tay""],""verification"":""web_source_checked"",""recorded_in"":2021}",approved
EDGE_000618,ARCH_000130,HAS_COMPONENT,HOBJ_000039,EVD_000289,0.95,,,"{""source_datasets"":[""thanh_co_son_tay""],""verification"":""web_source_checked"",""recorded_in"":2021}",approved
EDGE_000619,PLACE_000015,RECOGNIZED_AS,HSTATUS_000005,EVD_000290,0.95,,,"{""source_datasets"":[""thanh_co_son_tay""],""verification"":""web_source_checked"",""decision_number"":""2754/QĐ-BVHTT""}",approved
EDGE_000620,PLACE_000015,RECOGNIZED_IN,TIME_000062,EVD_000290,0.95,,,"{""source_datasets"":[""thanh_co_son_tay""],""verification"":""web_source_checked"",""decision_number"":""2754/QĐ-BVHTT""}",approved
EDGE_000621,PLACE_000015,HAS_EVENT,EVENT_000033,EVD_000291,0.95,,,"{""source_datasets"":[""thanh_co_son_tay""],""verification"":""web_source_checked""}",approved
EDGE_000622,EVENT_000033,OCCURRED_IN,TIME_000063,EVD_000291,0.95,,,"{""source_datasets"":[""thanh_co_son_tay""],""verification"":""web_source_checked"",""temporal_precision"":""month""}",approved
EDGE_000623,ARCH_000118,LOCATED_IN,LOCATION_000010,EVD_000280,0.95,,,"{""source_datasets"":[""thanh_co_son_tay""],""verification"":""web_source_checked"",""location_scope"":""gate_frontage""}",approved
EDGE_000624,ARCH_000119,LOCATED_IN,LOCATION_000011,EVD_000280,0.95,,,"{""source_datasets"":[""thanh_co_son_tay""],""verification"":""web_source_checked"",""location_scope"":""gate_frontage""}",approved
EDGE_000625,ARCH_000122,BUILT_WITH,MATERIAL_000009,EVD_000284,0.95,,,"{""source_datasets"":[""thanh_co_son_tay""],""verification"":""web_source_checked""}",approved
EDGE_000626,ARCH_000122,HAS_MEASUREMENT,VALUE_000050,EVD_000283,0.95,,,"{""source_datasets"":[""thanh_co_son_tay""],""verification"":""web_source_checked"",""measurement_kind"":""length"",""measurement_scope"":""one_side_historical_plan"",""temporal_scope"":""historical_structure"",""approximate"":true}",approved
EDGE_000627,ARCH_000122,HAS_MEASUREMENT,VALUE_000051,EVD_000283,0.95,,,"{""source_datasets"":[""thanh_co_son_tay""],""verification"":""web_source_checked"",""measurement_kind"":""height"",""measurement_scope"":""historic_wall_average"",""temporal_scope"":""historical_structure"",""approximate"":true}",approved
EDGE_000628,ARCH_000122,HAS_MEASUREMENT,VALUE_000052,EVD_000283,0.95,,,"{""source_datasets"":[""thanh_co_son_tay""],""verification"":""web_source_checked"",""measurement_kind"":""width"",""measurement_scope"":""wall_base"",""temporal_scope"":""historical_structure""}",approved
EDGE_000629,ARCH_000122,HAS_MEASUREMENT,VALUE_000053,EVD_000283,0.95,,,"{""source_datasets"":[""thanh_co_son_tay""],""verification"":""web_source_checked"",""measurement_kind"":""width"",""measurement_scope"":""wall_top"",""temporal_scope"":""historical_structure""}",approved
EDGE_000630,ARCH_000124,BUILT_WITH,MATERIAL_000009,EVD_000286,0.95,,,"{""source_datasets"":[""thanh_co_son_tay""],""verification"":""web_source_checked"",""material_scope"":""base_only""}",approved
EDGE_000631,ARCH_000127,BUILT_WITH,MATERIAL_000003,EVD_000287,0.95,,,"{""source_datasets"":[""thanh_co_son_tay""],""verification"":""web_source_checked""}",approved
EDGE_000632,ARCH_000130,USED_FOR,ACTIVITY_000005,EVD_000289,0.95,,,"{""source_datasets"":[""thanh_co_son_tay""],""verification"":""web_source_checked""}",approved
EDGE_000633,PLACE_000015,HAS_ACTIVITY,ACTIVITY_000005,EVD_000289,0.95,,,"{""source_datasets"":[""thanh_co_son_tay""],""verification"":""web_source_checked"",""activity_scope"":""aircraft_display""}",approved
EDGE_000634,PLACE_000015,HAS_CATEGORY,CATEGORY_000001,EVD_000290,0.95,,,"{""source_datasets"":[""thanh_co_son_tay""],""verification"":""web_source_checked""}",approved
EDGE_000635,PLACE_000015,ASSOCIATED_WITH_DYNASTY,DYNASTY_000006,EVD_000281,0.95,,,"{""source_datasets"":[""thanh_co_son_tay""],""verification"":""web_source_checked""}",approved
EDGE_000636,ARCH_000125,HAS_EVENT,EVENT_000033,EVD_000292|EVD_000291,0.95,,,"{""source_datasets"":[""thanh_co_son_tay""],""verification"":""web_source_checked""}",approved
EDGE_000637,ARCH_000128,BUILT_WITH,MATERIAL_000003,EVD_000287,0.95,,,"{""source_datasets"":[""thanh_co_son_tay""],""verification"":""web_source_checked"",""material_scope"":""paving""}",approved
EDGE_000638,PLACE_000016,HAS_ADDRESS,ADDRESS_000014,EVD_000294,0.95,,,"{""source_datasets"":[""den_ngoc_son""],""verification"":""web_source_checked"",""address_precision"":""street_and_city""}",approved
EDGE_000639,PLACE_000016,LOCATED_IN,LOCATION_000012,EVD_000295,0.95,,,"{""source_datasets"":[""den_ngoc_son""],""verification"":""web_source_checked""}",approved
EDGE_000640,PLACE_000016,LOCATED_IN,PLACE_000009,EVD_000295,0.95,,,"{""source_datasets"":[""den_ngoc_son""],""verification"":""web_source_checked"",""location_scope"":""island_within_lake""}",approved
EDGE_000641,PLACE_000016,HAS_COMPONENT,ARCH_000131,EVD_000296,0.95,,,"{""source_datasets"":[""den_ngoc_son""],""verification"":""web_source_checked""}",approved
EDGE_000642,PLACE_000016,HAS_COMPONENT,ARCH_000132,EVD_000296,0.95,,,"{""source_datasets"":[""den_ngoc_son""],""verification"":""web_source_checked""}",approved
EDGE_000643,PLACE_000016,HAS_COMPONENT,ARCH_000133,EVD_000296,0.95,,,"{""source_datasets"":[""den_ngoc_son""],""verification"":""web_source_checked""}",approved
EDGE_000644,PLACE_000016,HAS_COMPONENT,ARCH_000134,EVD_000296,0.95,,,"{""source_datasets"":[""den_ngoc_son""],""verification"":""web_source_checked""}",approved
EDGE_000645,PLACE_000016,HAS_COMPONENT,ARCH_000135,EVD_000296,0.95,,,"{""source_datasets"":[""den_ngoc_son""],""verification"":""web_source_checked""}",approved
EDGE_000646,PLACE_000016,HAS_COMPONENT,ARCH_000136,EVD_000296,0.95,,,"{""source_datasets"":[""den_ngoc_son""],""verification"":""web_source_checked""}",approved
EDGE_000647,PLACE_000016,HAS_COMPONENT,ARCH_000137,EVD_000296,0.95,,,"{""source_datasets"":[""den_ngoc_son""],""verification"":""web_source_checked""}",approved
EDGE_000648,PLACE_000016,HAS_COMPONENT,ARCH_000138,EVD_000296,0.95,,,"{""source_datasets"":[""den_ngoc_son""],""verification"":""web_source_checked""}",approved
EDGE_000649,PLACE_000016,HAS_COMPONENT,ARCH_000139,EVD_000296,0.95,,,"{""source_datasets"":[""den_ngoc_son""],""verification"":""web_source_checked""}",approved
EDGE_000650,PLACE_000016,HAS_COMPONENT,ARCH_000140,EVD_000296,0.95,,,"{""source_datasets"":[""den_ngoc_son""],""verification"":""web_source_checked""}",approved
EDGE_000651,PLACE_000016,HAS_COMPONENT,ARCH_000141,EVD_000296,0.95,,,"{""source_datasets"":[""den_ngoc_son""],""verification"":""web_source_checked""}",approved
EDGE_000652,PLACE_000016,HAS_COMPONENT,ARCH_000142,EVD_000296,0.95,,,"{""source_datasets"":[""den_ngoc_son""],""verification"":""web_source_checked""}",approved
EDGE_000653,PLACE_000016,HAS_COMPONENT,ARCH_000143,EVD_000296,0.95,,,"{""source_datasets"":[""den_ngoc_son""],""verification"":""web_source_checked""}",approved
EDGE_000654,PLACE_000016,HAS_COMPONENT,ARCH_000144,EVD_000296,0.95,,,"{""source_datasets"":[""den_ngoc_son""],""verification"":""web_source_checked""}",approved
EDGE_000655,PLACE_000016,ASSOCIATED_WITH_PERSON,PERSON_000039,EVD_000297,0.95,,,"{""source_datasets"":[""den_ngoc_son""],""verification"":""web_source_checked""}",approved
EDGE_000656,PLACE_000016,ASSOCIATED_WITH_PERSON,PERSON_000041,EVD_000297,0.95,,,"{""source_datasets"":[""den_ngoc_son""],""verification"":""web_source_checked""}",approved
EDGE_000657,PLACE_000016,HONORS,PERSON_000040,EVD_000304,0.95,,,"{""source_datasets"":[""den_ngoc_son""],""verification"":""web_source_checked""}",approved
EDGE_000658,PLACE_000016,RENOVATED_IN,TIME_000064,EVD_000299,0.95,,,"{""source_datasets"":[""den_ngoc_son""],""verification"":""web_source_checked""}",approved
EDGE_000659,PLACE_000016,RENOVATED_BY,PERSON_000039,EVD_000299,0.95,,,"{""source_datasets"":[""den_ngoc_son""],""verification"":""web_source_checked""}",approved
EDGE_000660,ORG_000009,LOCATED_IN,PLACE_000016,EVD_000297,0.95,,,"{""source_datasets"":[""den_ngoc_son""],""verification"":""web_source_checked"",""temporal_scope"":""historical_activity""}",approved
EDGE_000661,PLACE_000016,USED_FOR,ACTIVITY_000019,EVD_000297,0.95,,,"{""source_datasets"":[""den_ngoc_son""],""verification"":""web_source_checked"",""actor_organization_id"":""ORG_000009"",""temporal_scope"":""historical_activity""}",approved
EDGE_000662,PLACE_000016,RECOGNIZED_AS,HSTATUS_000003,EVD_000298,0.95,,,"{""source_datasets"":[""den_ngoc_son""],""verification"":""web_source_checked"",""recognition_scope"":""component_of_listed_complex"",""listed_property_name"":""Di tích lịch sử và danh lam thắng cảnh Hồ Hoàn Kiếm và Đền Ngọc Sơn"",""decision_number"":""2383/QĐ-TTg""}",approved
EDGE_000663,PLACE_000016,RECOGNIZED_IN,TIME_000065,EVD_000298,0.95,,,"{""source_datasets"":[""den_ngoc_son""],""verification"":""web_source_checked"",""recognition_scope"":""component_of_listed_complex"",""listed_property_name"":""Di tích lịch sử và danh lam thắng cảnh Hồ Hoàn Kiếm và Đền Ngọc Sơn"",""decision_number"":""2383/QĐ-TTg""}",approved
EDGE_000664,ARCH_000132,HAS_COMPONENT,HOBJ_000040,EVD_000300,0.95,,,"{""source_datasets"":[""den_ngoc_son""],""verification"":""web_source_checked""}",approved
EDGE_000665,ARCH_000134,HAS_COMPONENT,HOBJ_000041,EVD_000301,0.95,,,"{""source_datasets"":[""den_ngoc_son""],""verification"":""web_source_checked""}",approved
EDGE_000666,ARCH_000134,HAS_COMPONENT,HOBJ_000042,EVD_000301,0.95,,,"{""source_datasets"":[""den_ngoc_son""],""verification"":""web_source_checked""}",approved
EDGE_000667,ARCH_000132,BUILT_IN,TIME_000064,EVD_000299,0.95,,,"{""source_datasets"":[""den_ngoc_son""],""verification"":""web_source_checked"",""construction_phase"":""original_construction""}",approved
EDGE_000668,ARCH_000132,BUILT_BY,PERSON_000039,EVD_000299,0.95,,,"{""source_datasets"":[""den_ngoc_son""],""verification"":""web_source_checked"",""agency_scope"":""initiator""}",approved
EDGE_000669,ARCH_000135,BUILT_IN,TIME_000064,EVD_000302,0.95,,,"{""source_datasets"":[""den_ngoc_son""],""verification"":""web_source_checked"",""construction_phase"":""original_construction""}",approved
EDGE_000670,ARCH_000135,BUILT_BY,PERSON_000039,EVD_000302,0.95,,,"{""source_datasets"":[""den_ngoc_son""],""verification"":""web_source_checked"",""agency_scope"":""initiator""}",approved
EDGE_000671,ARCH_000132,HAS_MEASUREMENT,VALUE_000054,EVD_000300,0.95,,,"{""source_datasets"":[""den_ngoc_son""],""verification"":""web_source_checked"",""measurement_kind"":""storey_count""}",approved
EDGE_000672,ARCH_000135,HAS_MEASUREMENT,VALUE_000055,EVD_000302,0.95,,,"{""source_datasets"":[""den_ngoc_son""],""verification"":""web_source_checked"",""measurement_kind"":""span_count"",""temporal_scope"":""historic_description""}",approved
EDGE_000673,ARCH_000135,BUILT_WITH,MATERIAL_000001,EVD_000303,0.95,,,"{""source_datasets"":[""den_ngoc_son""],""verification"":""web_source_checked"",""material_scope"":""deck_and_railings_not_concrete_beams""}",approved
EDGE_000674,HOBJ_000041,BUILT_WITH,MATERIAL_000002,EVD_000301,0.95,,,"{""source_datasets"":[""den_ngoc_son""],""verification"":""web_source_checked""}",approved
EDGE_000675,HOBJ_000040,ASSOCIATED_WITH_PERSON,PERSON_000039,EVD_000300,0.95,,,"{""source_datasets"":[""den_ngoc_son""],""verification"":""web_source_checked"",""association_scope"":""text_author""}",approved
EDGE_000676,HOBJ_000042,ASSOCIATED_WITH_PERSON,PERSON_000039,EVD_000301,0.95,,,"{""source_datasets"":[""den_ngoc_son""],""verification"":""web_source_checked"",""association_scope"":""text_author""}",approved
EDGE_000677,PLACE_000016,LOCATED_IN,LOCATION_000013,EVD_000294,0.95,,,"{""source_datasets"":[""den_ngoc_son""],""verification"":""web_source_checked"",""location_scope"":""access_street""}",approved
EDGE_000678,PLACE_000017,HAS_ADDRESS,ADDRESS_000015,EVD_000305,0.95,,,"{""source_datasets"":[""chua_mot_cot""],""verification"":""web_source_checked"",""address_precision"":""street_ward_city""}",approved
EDGE_000679,ARCH_000145,LOCATED_IN,LOCATION_000015,EVD_000306,0.95,,,"{""source_datasets"":[""chua_mot_cot""],""verification"":""web_source_checked""}",approved
EDGE_000680,PLACE_000017,LOCATED_IN,LOCATION_000014,EVD_000305,0.95,,,"{""source_datasets"":[""chua_mot_cot""],""verification"":""web_source_checked"",""location_scope"":""access_street""}",approved
EDGE_000681,PLACE_000017,HAS_COMPONENT,ARCH_000145,EVD_000307,0.95,,,"{""source_datasets"":[""chua_mot_cot""],""verification"":""web_source_checked"",""place_scope"":""tourist_site_including_associated_Dien_Huu_complex""}",approved
EDGE_000682,PLACE_000017,HAS_COMPONENT,ARCH_000151,EVD_000307,0.95,,,"{""source_datasets"":[""chua_mot_cot""],""verification"":""web_source_checked"",""place_scope"":""tourist_site_including_associated_Dien_Huu_complex""}",approved
EDGE_000683,PLACE_000017,HAS_COMPONENT,ARCH_000152,EVD_000307,0.95,,,"{""source_datasets"":[""chua_mot_cot""],""verification"":""web_source_checked"",""place_scope"":""tourist_site_including_associated_Dien_Huu_complex""}",approved
EDGE_000684,PLACE_000017,HAS_COMPONENT,ARCH_000149,EVD_000310,0.95,,,"{""source_datasets"":[""chua_mot_cot""],""verification"":""web_source_checked"",""place_scope"":""tourist_site_including_associated_Dien_Huu_complex""}",approved
EDGE_000685,PLACE_000017,HAS_COMPONENT,ARCH_000150,EVD_000310,0.95,,,"{""source_datasets"":[""chua_mot_cot""],""verification"":""web_source_checked"",""place_scope"":""tourist_site_including_associated_Dien_Huu_complex""}",approved
EDGE_000686,ARCH_000145,HAS_COMPONENT,ARCH_000146,EVD_000309,0.95,,,"{""source_datasets"":[""chua_mot_cot""],""verification"":""web_source_checked""}",approved
EDGE_000687,ARCH_000145,HAS_COMPONENT,ARCH_000147,EVD_000310,0.95,,,"{""source_datasets"":[""chua_mot_cot""],""verification"":""web_source_checked""}",approved
EDGE_000688,ARCH_000145,HAS_COMPONENT,ARCH_000148,EVD_000309,0.95,,,"{""source_datasets"":[""chua_mot_cot""],""verification"":""web_source_checked""}",approved
EDGE_000689,ARCH_000145,HAS_COMPONENT,HOBJ_000043,EVD_000311,0.95,,,"{""source_datasets"":[""chua_mot_cot""],""verification"":""web_source_checked""}",approved
EDGE_000690,ARCH_000145,HAS_COMPONENT,HOBJ_000044,EVD_000311,0.95,,,"{""source_datasets"":[""chua_mot_cot""],""verification"":""web_source_checked""}",approved
EDGE_000691,ARCH_000145,HAS_COMPONENT,HOBJ_000045,EVD_000312,0.95,,,"{""source_datasets"":[""chua_mot_cot""],""verification"":""web_source_checked""}",approved
EDGE_000692,PLACE_000017,BUILT_IN,TIME_000066,EVD_000308,0.95,,,"{""source_datasets"":[""chua_mot_cot""],""verification"":""web_source_checked"",""construction_phase"":""historic_foundation_not_current_fabric""}",approved
EDGE_000693,PLACE_000017,BUILT_BY,PERSON_000042,EVD_000308,0.95,,,"{""source_datasets"":[""chua_mot_cot""],""verification"":""web_source_checked"",""agency_scope"":""royal_founder""}",approved
EDGE_000694,ARCH_000145,RENOVATED_IN,TIME_000067,EVD_000313,0.95,,,"{""source_datasets"":[""chua_mot_cot""],""verification"":""web_source_checked"",""restoration_phase"":""reconstruction_completion""}",approved
EDGE_000695,ARCH_000145,RENOVATED_BY,PERSON_000043,EVD_000314,0.95,,,"{""source_datasets"":[""chua_mot_cot""],""verification"":""web_source_checked""}",approved
EDGE_000696,PLACE_000017,HAS_EVENT,EVENT_000034,EVD_000308,0.95,,,"{""source_datasets"":[""chua_mot_cot""],""verification"":""web_source_checked"",""event_scope"":""Dien_Huu_complex""}",approved
EDGE_000697,EVENT_000034,OCCURRED_IN,TIME_000066,EVD_000308,0.95,,,"{""source_datasets"":[""chua_mot_cot""],""verification"":""web_source_checked""}",approved
EDGE_000698,PLACE_000017,HAS_EVENT,EVENT_000035,EVD_000313,0.95,,,"{""source_datasets"":[""chua_mot_cot""],""verification"":""web_source_checked"",""event_scope"":""Lien_Hoa_Dai""}",approved
EDGE_000699,EVENT_000035,OCCURRED_IN,TIME_000067,EVD_000313,0.95,,,"{""source_datasets"":[""chua_mot_cot""],""verification"":""web_source_checked""}",approved
EDGE_000700,PLACE_000017,HAS_EVENT,EVENT_000036,EVD_000315,0.95,,,"{""source_datasets"":[""chua_mot_cot""],""verification"":""web_source_checked"",""event_scope"":""Dien_Huu_complex""}",approved
EDGE_000701,EVENT_000036,OCCURRED_IN,TIME_000069,EVD_000315,0.95,,,"{""source_datasets"":[""chua_mot_cot""],""verification"":""web_source_checked""}",approved
EDGE_000702,EVENT_000034,INVOLVED_PERSON,PERSON_000042,EVD_000308,0.95,,,"{""source_datasets"":[""chua_mot_cot""],""verification"":""web_source_checked""}",approved
EDGE_000703,EVENT_000035,INVOLVED_PERSON,PERSON_000043,EVD_000313,0.95,,,"{""source_datasets"":[""chua_mot_cot""],""verification"":""web_source_checked""}",approved
EDGE_000704,EVENT_000036,INVOLVED_PERSON,PERSON_000009,EVD_000315,0.95,,,"{""source_datasets"":[""chua_mot_cot""],""verification"":""web_source_checked""}",approved
EDGE_000705,PLACE_000017,RECOGNIZED_AS,HSTATUS_000005,EVD_000316,0.95,,,"{""source_datasets"":[""chua_mot_cot""],""verification"":""web_source_checked"",""recognition_scope"":""Chua_Mot_Cot_Dien_Huu_site""}",approved
EDGE_000706,PLACE_000017,RECOGNIZED_IN,TIME_000068,EVD_000316,0.95,,,"{""source_datasets"":[""chua_mot_cot""],""verification"":""web_source_checked""}",approved
EDGE_000707,ARCH_000145,HAS_MEASUREMENT,VALUE_000027,EVD_000309,0.95,,,"{""source_datasets"":[""chua_mot_cot""],""verification"":""web_source_checked"",""measurement_kind"":""length"",""measurement_scope"":""square_plan_side""}",approved
EDGE_000708,ARCH_000146,HAS_MEASUREMENT,VALUE_000053,EVD_000309,0.95,,,"{""source_datasets"":[""chua_mot_cot""],""verification"":""web_source_checked"",""measurement_kind"":""height"",""measurement_scope"":""above_ground_excluding_buried_part""}",approved
EDGE_000709,ARCH_000146,HAS_MEASUREMENT,VALUE_000056,EVD_000309,0.95,,,"{""source_datasets"":[""chua_mot_cot""],""verification"":""web_source_checked"",""measurement_kind"":""diameter"",""measurement_scope"":""stone_column""}",approved
EDGE_000710,ARCH_000146,HAS_MEASUREMENT,VALUE_000057,EVD_000309,0.95,,,"{""source_datasets"":[""chua_mot_cot""],""verification"":""web_source_checked"",""measurement_kind"":""block_count"",""measurement_scope"":""stacked_stone_blocks""}",approved
EDGE_000711,ARCH_000148,HAS_MEASUREMENT,VALUE_000058,EVD_000309,0.95,,,"{""source_datasets"":[""chua_mot_cot""],""verification"":""web_source_checked"",""measurement_kind"":""roof_count"",""measurement_scope"":""curved_roof_sections""}",approved
EDGE_000712,ARCH_000146,BUILT_WITH,MATERIAL_000002,EVD_000309,0.95,,,"{""source_datasets"":[""chua_mot_cot""],""verification"":""web_source_checked""}",approved
EDGE_000713,ARCH_000147,BUILT_WITH,MATERIAL_000001,EVD_000310,0.95,,,"{""source_datasets"":[""chua_mot_cot""],""verification"":""web_source_checked""}",approved
EDGE_000714,ARCH_000148,BUILT_WITH,MATERIAL_000010,EVD_000309,0.95,,,"{""source_datasets"":[""chua_mot_cot""],""verification"":""web_source_checked""}",approved
EDGE_000715,ARCH_000150,BUILT_WITH,MATERIAL_000003,EVD_000310,0.95,,,"{""source_datasets"":[""chua_mot_cot""],""verification"":""web_source_checked""}",approved
EDGE_000716,PLACE_000017,HAS_ACTIVITY,ACTIVITY_000020,EVD_000318,0.95,,,"{""source_datasets"":[""chua_mot_cot""],""verification"":""web_source_checked"",""activity_scope"":""religious_practice_no_efficacy_claim""}",approved
EDGE_000717,ARCH_000145,HAS_ARCHITECTURAL_STYLE,ASTYLE_000009,EVD_000317,0.95,,,"{""source_datasets"":[""chua_mot_cot""],""verification"":""web_source_checked""}",approved
EDGE_000718,PLACE_000018,HAS_ADDRESS,ADDRESS_000016,EVD_000319,0.95,,,"{""source_datasets"":[""chua_tran_quoc""],""verification"":""web_source_checked"",""address_precision"":""house_number_street_ward_city"",""address_note"":""Ưu tiên địa chỉ đầu trang Tây Hồ 360; phần thân vẫn còn tên phường/quận cũ.""}",approved
EDGE_000719,PLACE_000018,LOCATED_IN,LOCATION_000017,EVD_000320,0.95,,,"{""source_datasets"":[""chua_tran_quoc""],""verification"":""web_source_checked""}",approved
EDGE_000720,PLACE_000018,LOCATED_IN,PLACE_000019,EVD_000320,0.95,,,"{""source_datasets"":[""chua_tran_quoc""],""verification"":""web_source_checked"",""location_scope"":""peninsula_in_lake""}",approved
EDGE_000721,PLACE_000018,LOCATED_IN,LOCATION_000016,EVD_000319,0.95,,,"{""source_datasets"":[""chua_tran_quoc""],""verification"":""web_source_checked"",""location_scope"":""access_street""}",approved
EDGE_000722,PLACE_000018,HAS_COMPONENT,ARCH_000153,EVD_000324,0.95,,,"{""source_datasets"":[""chua_tran_quoc""],""verification"":""web_source_checked""}",approved
EDGE_000723,PLACE_000018,HAS_COMPONENT,ARCH_000154,EVD_000324,0.95,,,"{""source_datasets"":[""chua_tran_quoc""],""verification"":""web_source_checked""}",approved
EDGE_000724,PLACE_000018,HAS_COMPONENT,ARCH_000155,EVD_000324,0.95,,,"{""source_datasets"":[""chua_tran_quoc""],""verification"":""web_source_checked""}",approved
EDGE_000725,PLACE_000018,HAS_COMPONENT,ARCH_000156,EVD_000324,0.95,,,"{""source_datasets"":[""chua_tran_quoc""],""verification"":""web_source_checked""}",approved
EDGE_000726,PLACE_000018,HAS_COMPONENT,ARCH_000157,EVD_000324,0.95,,,"{""source_datasets"":[""chua_tran_quoc""],""verification"":""web_source_checked""}",approved
EDGE_000727,PLACE_000018,HAS_COMPONENT,ARCH_000158,EVD_000324,0.95,,,"{""source_datasets"":[""chua_tran_quoc""],""verification"":""web_source_checked""}",approved
EDGE_000728,PLACE_000018,HAS_COMPONENT,ARCH_000159,EVD_000324,0.95,,,"{""source_datasets"":[""chua_tran_quoc""],""verification"":""web_source_checked""}",approved
EDGE_000729,PLACE_000018,HAS_COMPONENT,ARCH_000160,EVD_000324,0.95,,,"{""source_datasets"":[""chua_tran_quoc""],""verification"":""web_source_checked""}",approved
EDGE_000730,ARCH_000162,HAS_COMPONENT,ARCH_000161,EVD_000325,0.95,,,"{""source_datasets"":[""chua_tran_quoc""],""verification"":""web_source_checked""}",approved
EDGE_000731,PLACE_000018,HAS_COMPONENT,ARCH_000162,EVD_000324,0.95,,,"{""source_datasets"":[""chua_tran_quoc""],""verification"":""web_source_checked""}",approved
EDGE_000732,ARCH_000161,HAS_COMPONENT,ARCH_000163,EVD_000325,0.95,,,"{""source_datasets"":[""chua_tran_quoc""],""verification"":""web_source_checked""}",approved
EDGE_000733,PLACE_000018,HAS_COMPONENT,HOBJ_000046,EVD_000327,0.95,,,"{""source_datasets"":[""chua_tran_quoc""],""verification"":""web_source_checked""}",approved
EDGE_000734,PLACE_000018,HAS_COMPONENT,HOBJ_000047,EVD_000328,0.95,,,"{""source_datasets"":[""chua_tran_quoc""],""verification"":""web_source_checked""}",approved
EDGE_000735,PLACE_000018,HAS_COMPONENT,HOBJ_000048,EVD_000328,0.95,,,"{""source_datasets"":[""chua_tran_quoc""],""verification"":""web_source_checked""}",approved
EDGE_000736,ARCH_000161,HAS_COMPONENT,HOBJ_000049,EVD_000326,0.95,,,"{""source_datasets"":[""chua_tran_quoc""],""verification"":""web_source_checked""}",approved
EDGE_000737,HOBJ_000047,ASSOCIATED_WITH_PERSON,PERSON_000044,EVD_000328,0.95,,,"{""source_datasets"":[""chua_tran_quoc""],""verification"":""web_source_checked"",""association_scope"":""inscription_author""}",approved
EDGE_000738,HOBJ_000048,ASSOCIATED_WITH_PERSON,PERSON_000045,EVD_000328,0.95,,,"{""source_datasets"":[""chua_tran_quoc""],""verification"":""web_source_checked"",""association_scope"":""inscription_author""}",approved
EDGE_000739,PLACE_000018,BUILT_IN,TIME_000070,EVD_000321,0.95,,,"{""source_datasets"":[""chua_tran_quoc""],""verification"":""web_source_checked"",""construction_phase"":""original_foundation_at_old_riverbank_site""}",approved
EDGE_000740,PLACE_000018,RENOVATED_IN,TIME_000072,EVD_000330,0.95,,,"{""source_datasets"":[""chua_tran_quoc""],""verification"":""web_source_checked""}",approved
EDGE_000741,ARCH_000161,BUILT_IN,TIME_000073,EVD_000325,0.95,,,"{""source_datasets"":[""chua_tran_quoc""],""verification"":""web_source_checked""}",approved
EDGE_000742,PLACE_000018,HAS_EVENT,EVENT_000037,EVD_000322|EVD_000323,0.95,,,"{""source_datasets"":[""chua_tran_quoc""],""verification"":""web_source_checked""}",approved
EDGE_000743,EVENT_000037,OCCURRED_IN,TIME_000071,EVD_000322|EVD_000323,0.95,,,"{""source_datasets"":[""chua_tran_quoc""],""verification"":""web_source_checked""}",approved
EDGE_000744,ARCH_000161,HAS_MEASUREMENT,VALUE_000059,EVD_000325,0.95,,,"{""source_datasets"":[""chua_tran_quoc""],""verification"":""web_source_checked"",""measurement_kind"":""storey_count""}",approved
EDGE_000745,ARCH_000161,HAS_MEASUREMENT,VALUE_000060,EVD_000325,0.95,,,"{""source_datasets"":[""chua_tran_quoc""],""verification"":""web_source_checked"",""measurement_kind"":""height""}",approved
EDGE_000746,ARCH_000163,HAS_MEASUREMENT,VALUE_000061,EVD_000325,0.95,,,"{""source_datasets"":[""chua_tran_quoc""],""verification"":""web_source_checked"",""measurement_kind"":""tier_count""}",approved
EDGE_000747,HOBJ_000046,BUILT_WITH,MATERIAL_000001,EVD_000327,0.95,,,"{""source_datasets"":[""chua_tran_quoc""],""verification"":""web_source_checked"",""finish"":""gilded""}",approved
EDGE_000748,PLACE_000018,RECOGNIZED_AS,HSTATUS_000005,EVD_000331,0.95,,,"{""source_datasets"":[""chua_tran_quoc""],""verification"":""web_source_checked"",""decision_number"":""313-VH/VP"",""decision_date"":""1962-04-28""}",approved
EDGE_000749,PLACE_000018,RECOGNIZED_IN,TIME_000068,EVD_000331,0.95,,,"{""source_datasets"":[""chua_tran_quoc""],""verification"":""web_source_checked"",""decision_number"":""313-VH/VP"",""decision_date"":""1962-04-28""}",approved
EDGE_000750,PLACE_000018,ASSOCIATED_WITH_PERSON,PERSON_000044,EVD_000328,0.95,,,"{""source_datasets"":[""chua_tran_quoc""],""verification"":""web_source_checked"",""association_scope"":""author_of_stele_at_temple""}",approved
EDGE_000751,PLACE_000018,ASSOCIATED_WITH_PERSON,PERSON_000045,EVD_000328,0.95,,,"{""source_datasets"":[""chua_tran_quoc""],""verification"":""web_source_checked"",""association_scope"":""author_of_stele_at_temple""}",approved
EDGE_000752,PLACE_000018,HAS_CATEGORY,CATEGORY_000001,EVD_000331,0.95,,,"{""source_datasets"":[""chua_tran_quoc""],""verification"":""web_source_checked""}",approved
EDGE_000753,ARCH_000163,BUILT_WITH,MATERIAL_000002,EVD_000325,0.95,,,"{""source_datasets"":[""chua_tran_quoc""],""verification"":""web_source_checked"",""source_material_description"":""đá quý""}",approved
EDGE_000754,HOBJ_000049,BUILT_WITH,MATERIAL_000002,EVD_000326,0.95,,,"{""source_datasets"":[""chua_tran_quoc""],""verification"":""web_source_checked"",""source_material_description"":""đá quý""}",approved
EDGE_000755,PLACE_000019,LOCATED_IN,ADMIN_000002,EVD_000320,0.95,,,"{""source_datasets"":[""chua_tran_quoc""],""verification"":""web_source_checked""}",approved
EDGE_000756,PLACE_000018,LOCATED_IN,ADMIN_000002,EVD_000320,0.95,,,"{""source_datasets"":[""chua_tran_quoc""],""verification"":""web_source_checked""}",approved
EDGE_000757,HOBJ_000047,BUILT_WITH,MATERIAL_000002,EVD_000329,0.95,,,"{""source_datasets"":[""chua_tran_quoc""],""verification"":""web_source_checked""}",approved
EDGE_000758,PLACE_000020,HAS_ADDRESS,ADDRESS_000017,EVD_000332,0.85,,,"{""source_datasets"":[""den_quan_thanh""],""verification"":""web_source_checked"",""address_scope"":""contact_address_of_monument"",""conflicting_house_number"":""190"",""needs_address_verification"":true}",approved
EDGE_000759,PLACE_000020,LOCATED_IN,LOCATION_000018,EVD_000332,0.95,,,"{""source_datasets"":[""den_quan_thanh""],""verification"":""web_source_checked""}",approved
EDGE_000760,PLACE_000020,LOCATED_IN,ADMIN_000001,EVD_000332,0.95,,,"{""source_datasets"":[""den_quan_thanh""],""verification"":""web_source_checked""}",approved
EDGE_000761,PLACE_000020,LOCATED_IN,ADMIN_000002,EVD_000332,0.95,,,"{""source_datasets"":[""den_quan_thanh""],""verification"":""web_source_checked""}",approved
EDGE_000762,PLACE_000020,NEAR,PLACE_000019,EVD_000337,0.95,,,"{""source_datasets"":[""den_quan_thanh""],""verification"":""web_source_checked"",""proximity_basis"":""source_describes_adjacent_to_lake"",""distance_not_measured"":true}",approved
EDGE_000763,PLACE_000020,HAS_COMPONENT,ARCH_000164,EVD_000335,0.95,,,"{""source_datasets"":[""den_quan_thanh""],""verification"":""web_source_checked""}",approved
EDGE_000764,PLACE_000020,HAS_COMPONENT,ARCH_000165,EVD_000335,0.95,,,"{""source_datasets"":[""den_quan_thanh""],""verification"":""web_source_checked""}",approved
EDGE_000765,PLACE_000020,HAS_COMPONENT,ARCH_000166,EVD_000335,0.95,,,"{""source_datasets"":[""den_quan_thanh""],""verification"":""web_source_checked""}",approved
EDGE_000766,PLACE_000020,HAS_COMPONENT,ARCH_000167,EVD_000335,0.95,,,"{""source_datasets"":[""den_quan_thanh""],""verification"":""web_source_checked""}",approved
EDGE_000767,PLACE_000020,HAS_COMPONENT,ARCH_000168,EVD_000335,0.95,,,"{""source_datasets"":[""den_quan_thanh""],""verification"":""web_source_checked""}",approved
EDGE_000768,PLACE_000020,HAS_COMPONENT,ARCH_000169,EVD_000338,0.95,,,"{""source_datasets"":[""den_quan_thanh""],""verification"":""web_source_checked""}",approved
EDGE_000769,PLACE_000020,HAS_COMPONENT,HOBJ_000050,EVD_000341,0.95,,,"{""source_datasets"":[""den_quan_thanh""],""verification"":""web_source_checked""}",approved
EDGE_000770,ARCH_000164,HAS_COMPONENT,HOBJ_000051,EVD_000338,0.95,,,"{""source_datasets"":[""den_quan_thanh""],""verification"":""web_source_checked""}",approved
EDGE_000771,PLACE_000020,HAS_COMPONENT,HOBJ_000052,EVD_000340,0.95,,,"{""source_datasets"":[""den_quan_thanh""],""verification"":""web_source_checked""}",approved
EDGE_000772,PLACE_000020,HAS_COMPONENT,HOBJ_000053,EVD_000340,0.95,,,"{""source_datasets"":[""den_quan_thanh""],""verification"":""web_source_checked""}",approved
EDGE_000773,PLACE_000020,HAS_COMPONENT,HOBJ_000054,EVD_000339,0.95,,,"{""source_datasets"":[""den_quan_thanh""],""verification"":""web_source_checked""}",approved
EDGE_000774,PLACE_000020,RENOVATED_IN,TIME_000074,EVD_000334,0.95,,,"{""source_datasets"":[""den_quan_thanh""],""verification"":""web_source_checked"",""scope"":""temple_restoration_not_statue_casting""}",approved
EDGE_000775,PLACE_000020,RENOVATED_IN,TIME_000075,EVD_000334,0.95,,,"{""source_datasets"":[""den_quan_thanh""],""verification"":""web_source_checked"",""scope"":""temple_restoration_not_statue_casting""}",approved
EDGE_000776,PLACE_000020,RENOVATED_IN,TIME_000076,EVD_000334,0.95,,,"{""source_datasets"":[""den_quan_thanh""],""verification"":""web_source_checked"",""scope"":""temple_restoration_not_statue_casting""}",approved
EDGE_000777,PLACE_000020,RENOVATED_IN,TIME_000077,EVD_000334,0.95,,,"{""source_datasets"":[""den_quan_thanh""],""verification"":""web_source_checked"",""scope"":""temple_restoration_not_statue_casting""}",approved
EDGE_000778,PLACE_000020,RENOVATED_IN,TIME_000078,EVD_000334,0.95,,,"{""source_datasets"":[""den_quan_thanh""],""verification"":""web_source_checked"",""scope"":""temple_restoration_not_statue_casting""}",approved
EDGE_000779,PLACE_000020,RENOVATED_IN,TIME_000079,EVD_000334,0.95,,,"{""source_datasets"":[""den_quan_thanh""],""verification"":""web_source_checked"",""scope"":""temple_restoration_not_statue_casting""}",approved
EDGE_000780,PLACE_000020,RENOVATED_IN,TIME_000080,EVD_000334,0.95,,,"{""source_datasets"":[""den_quan_thanh""],""verification"":""web_source_checked"",""scope"":""temple_restoration_not_statue_casting""}",approved
EDGE_000781,PLACE_000020,BUILT_IN,TIME_000081,EVD_000333,0.95,,,"{""source_datasets"":[""den_quan_thanh""],""verification"":""web_source_checked"",""construction_phase"":""original_foundation_not_all_surviving_structures""}",approved
EDGE_000782,PLACE_000020,ASSOCIATED_WITH_PERSON,PERSON_000001,EVD_000333,0.95,,,"{""source_datasets"":[""den_quan_thanh""],""verification"":""web_source_checked"",""association_scope"":""reigning_monarch_at_foundation""}",approved
EDGE_000783,PLACE_000020,RECOGNIZED_AS,HSTATUS_000003,EVD_000343,0.95,,,"{""source_datasets"":[""den_quan_thanh""],""verification"":""web_source_checked"",""designation_scope"":""component_of_Thang_Long_tu_tran"",""decision_number"":""93/QĐ-TTg""}",approved
EDGE_000784,PLACE_000020,RECOGNIZED_IN,TIME_000082,EVD_000343,0.95,,,"{""source_datasets"":[""den_quan_thanh""],""verification"":""web_source_checked"",""decision_number"":""93/QĐ-TTg""}",approved
EDGE_000785,HOBJ_000050,RECOGNIZED_AS,HSTATUS_000004,EVD_000344,0.95,,,"{""source_datasets"":[""den_quan_thanh""],""verification"":""web_source_checked"",""decision_number"":""2496/QĐ-TTg""}",approved
EDGE_000786,HOBJ_000050,RECOGNIZED_IN,TIME_000083,EVD_000344,0.95,,,"{""source_datasets"":[""den_quan_thanh""],""verification"":""web_source_checked"",""decision_number"":""2496/QĐ-TTg""}",approved
EDGE_000787,HOBJ_000050,BUILT_WITH,MATERIAL_000011,EVD_000341,0.95,,,"{""source_datasets"":[""den_quan_thanh""],""verification"":""web_source_checked""}",approved
EDGE_000788,HOBJ_000051,BUILT_WITH,MATERIAL_000011,EVD_000338,0.95,,,"{""source_datasets"":[""den_quan_thanh""],""verification"":""web_source_checked""}",approved
EDGE_000789,HOBJ_000054,ASSOCIATED_WITH_PERSON,PERSON_000046,EVD_000339,0.95,,,"{""source_datasets"":[""den_quan_thanh""],""verification"":""web_source_checked"",""association_scope"":""inscription_author""}",approved
EDGE_000790,HOBJ_000052,ASSOCIATED_WITH_PERSON,PERSON_000047,EVD_000340,0.95,,,"{""source_datasets"":[""den_quan_thanh""],""verification"":""web_source_checked"",""association_scope"":""inscription_author""}",approved
EDGE_000791,HOBJ_000053,ASSOCIATED_WITH_PERSON,PERSON_000048,EVD_000340,0.95,,,"{""source_datasets"":[""den_quan_thanh""],""verification"":""web_source_checked"",""association_scope"":""inscription_author""}",approved
EDGE_000792,HOBJ_000054,BUILT_WITH,MATERIAL_000011,EVD_000339,0.95,,,"{""source_datasets"":[""den_quan_thanh""],""verification"":""web_source_checked""}",approved
EDGE_000793,HOBJ_000052,BUILT_WITH,MATERIAL_000002,EVD_000340,0.95,,,"{""source_datasets"":[""den_quan_thanh""],""verification"":""web_source_checked""}",approved
EDGE_000794,HOBJ_000053,BUILT_WITH,MATERIAL_000002,EVD_000340,0.95,,,"{""source_datasets"":[""den_quan_thanh""],""verification"":""web_source_checked""}",approved
EDGE_000795,PLACE_000020,HAS_ACTIVITY,ACTIVITY_000021,EVD_000336,0.95,,,"{""source_datasets"":[""den_quan_thanh""],""verification"":""web_source_checked""}",approved
EDGE_000796,PLACE_000020,HAS_ACTIVITY,ACTIVITY_000022,EVD_000336,0.95,,,"{""source_datasets"":[""den_quan_thanh""],""verification"":""web_source_checked"",""recurrence"":""annual"",""calendar"":""lunar"",""month"":3,""day"":3}",approved
EDGE_000797,PLACE_000020,HAS_CATEGORY,CATEGORY_000001,EVD_000337,0.95,,,"{""source_datasets"":[""den_quan_thanh""],""verification"":""web_source_checked""}",approved
EDGE_000798,PLACE_000021,HAS_ADDRESS,ADDRESS_000018,EVD_000345,0.95,,,"{""source_datasets"":[""phu_tay_ho""],""verification"":""web_source_checked"",""address_precision"":""house_number_alley_street_ward_city"",""address_note"":""Dùng địa chỉ đầu trang, không dùng phường Quảng An/quận Tây Hồ cũ trong thân bài.""}",approved
EDGE_000799,PLACE_000021,LOCATED_IN,LOCATION_000019,EVD_000345,0.95,,,"{""source_datasets"":[""phu_tay_ho""],""verification"":""web_source_checked"",""location_scope"":""street_address_via_alley_50""}",approved
EDGE_000800,PLACE_000021,LOCATED_IN,ADMIN_000008,EVD_000345,0.95,,,"{""source_datasets"":[""phu_tay_ho""],""verification"":""web_source_checked""}",approved
EDGE_000801,PLACE_000021,LOCATED_IN,ADMIN_000002,EVD_000345,0.95,,,"{""source_datasets"":[""phu_tay_ho""],""verification"":""web_source_checked""}",approved
EDGE_000802,PLACE_000021,LOCATED_IN,LOCATION_000020,EVD_000346,0.95,,,"{""source_datasets"":[""phu_tay_ho""],""verification"":""web_source_checked""}",approved
EDGE_000803,PLACE_000021,NEAR,PLACE_000019,EVD_000346,0.95,,,"{""source_datasets"":[""phu_tay_ho""],""verification"":""web_source_checked"",""proximity_basis"":""source_says_lakeside"",""distance_not_measured"":true}",approved
EDGE_000804,PLACE_000021,HAS_COMPONENT,ARCH_000170,EVD_000347,0.95,,,"{""source_datasets"":[""phu_tay_ho""],""verification"":""web_source_checked""}",approved
EDGE_000805,ARCH_000170,HAS_COMPONENT,ARCH_000171,EVD_000347,0.95,,,"{""source_datasets"":[""phu_tay_ho""],""verification"":""web_source_checked""}",approved
EDGE_000806,ARCH_000170,HAS_COMPONENT,ARCH_000172,EVD_000347,0.95,,,"{""source_datasets"":[""phu_tay_ho""],""verification"":""web_source_checked""}",approved
EDGE_000807,ARCH_000170,HAS_COMPONENT,ARCH_000173,EVD_000352,0.95,,,"{""source_datasets"":[""phu_tay_ho""],""verification"":""web_source_checked""}",approved
EDGE_000808,PLACE_000021,HAS_COMPONENT,ARCH_000174,EVD_000352,0.95,,,"{""source_datasets"":[""phu_tay_ho""],""verification"":""web_source_checked""}",approved
EDGE_000809,PLACE_000021,HAS_COMPONENT,ARCH_000175,EVD_000352,0.95,,,"{""source_datasets"":[""phu_tay_ho""],""verification"":""web_source_checked""}",approved
EDGE_000810,PLACE_000021,HAS_COMPONENT,ARCH_000176,EVD_000352,0.95,,,"{""source_datasets"":[""phu_tay_ho""],""verification"":""web_source_checked""}",approved
EDGE_000811,PLACE_000021,HAS_COMPONENT,ARCH_000177,EVD_000352,0.95,,,"{""source_datasets"":[""phu_tay_ho""],""verification"":""web_source_checked""}",approved
EDGE_000812,PLACE_000021,HAS_COMPONENT,ARCH_000178,EVD_000352,0.95,,,"{""source_datasets"":[""phu_tay_ho""],""verification"":""web_source_checked""}",approved
EDGE_000813,PLACE_000021,HAS_COMPONENT,HOBJ_000055,EVD_000349,0.95,,,"{""source_datasets"":[""phu_tay_ho""],""verification"":""web_source_checked"",""object_scope"":""group_without_asserted_count""}",approved
EDGE_000814,PLACE_000021,HAS_COMPONENT,HOBJ_000056,EVD_000349,0.95,,,"{""source_datasets"":[""phu_tay_ho""],""verification"":""web_source_checked"",""object_scope"":""group_without_asserted_count""}",approved
EDGE_000815,PLACE_000021,HAS_COMPONENT,HOBJ_000057,EVD_000349,0.95,,,"{""source_datasets"":[""phu_tay_ho""],""verification"":""web_source_checked"",""object_scope"":""group_without_asserted_count""}",approved
EDGE_000816,PLACE_000021,HAS_COMPONENT,HOBJ_000058,EVD_000349,0.95,,,"{""source_datasets"":[""phu_tay_ho""],""verification"":""web_source_checked"",""object_scope"":""named_object""}",approved
EDGE_000817,PLACE_000021,HAS_COMPONENT,HOBJ_000059,EVD_000349,0.95,,,"{""source_datasets"":[""phu_tay_ho""],""verification"":""web_source_checked"",""object_scope"":""named_object""}",approved
EDGE_000818,PLACE_000021,HAS_COMPONENT,HOBJ_000060,EVD_000349,0.95,,,"{""source_datasets"":[""phu_tay_ho""],""verification"":""web_source_checked"",""object_scope"":""named_object""}",approved
EDGE_000819,PLACE_000021,HAS_COMPONENT,HOBJ_000061,EVD_000349,0.95,,,"{""source_datasets"":[""phu_tay_ho""],""verification"":""web_source_checked"",""object_scope"":""named_object""}",approved
EDGE_000820,PLACE_000021,HAS_COMPONENT,HOBJ_000062,EVD_000349,0.95,,,"{""source_datasets"":[""phu_tay_ho""],""verification"":""web_source_checked"",""object_scope"":""named_object""}",approved
EDGE_000821,PLACE_000021,RECOGNIZED_AS,HSTATUS_000006,EVD_000350,0.95,,,"{""source_datasets"":[""phu_tay_ho""],""verification"":""web_source_checked"",""decision_number"":""310/QĐ""}",approved
EDGE_000822,PLACE_000021,RECOGNIZED_IN,TIME_000084,EVD_000350|EVD_000356,0.95,,,"{""source_datasets"":[""phu_tay_ho""],""verification"":""web_source_checked"",""decision_number"":""310/QĐ""}",approved
EDGE_000823,ARCH_000174,RENOVATED_IN,TIME_000085,EVD_000348,0.95,,,"{""source_datasets"":[""phu_tay_ho""],""verification"":""web_source_checked"",""source_wording"":""xây dựng tu tạo""}",approved
EDGE_000824,ARCH_000174,BUILT_WITH,MATERIAL_000012,EVD_000348,0.95,,,"{""source_datasets"":[""phu_tay_ho""],""verification"":""web_source_checked""}",approved
EDGE_000825,ARCH_000174,BUILT_WITH,MATERIAL_000001,EVD_000348,0.95,,,"{""source_datasets"":[""phu_tay_ho""],""verification"":""web_source_checked"",""component_scope"":""upper_roof_structure""}",approved
EDGE_000826,ARCH_000170,HAS_ARCHITECTURAL_STYLE,ASTYLE_000010,EVD_000347,0.95,,,"{""source_datasets"":[""phu_tay_ho""],""verification"":""web_source_checked""}",approved
EDGE_000827,PLACE_000021,HAS_ACTIVITY,ACTIVITY_000023,EVD_000351,0.95,,,"{""source_datasets"":[""phu_tay_ho""],""verification"":""web_source_checked"",""worshipped_figure"":""Mẫu Liễu Hạnh""}",approved
EDGE_000828,PLACE_000021,HAS_ACTIVITY,ACTIVITY_000024,EVD_000351,0.95,,,"{""source_datasets"":[""phu_tay_ho""],""verification"":""web_source_checked"",""calendar"":""lunar"",""recurrence"":""annual"",""dates"":[{""month"":3,""day"":3},{""month"":8,""day"":13}]}",approved
EDGE_000829,ARCH_000170,HAS_COMPONENT,HOBJ_000063,EVD_000354,0.95,,,"{""source_datasets"":[""phu_tay_ho""],""verification"":""web_source_checked"",""placement"":""cửa cung""}",approved
EDGE_000830,PLACE_000021,HAS_CATEGORY,CATEGORY_000001,EVD_000350,0.95,,,"{""source_datasets"":[""phu_tay_ho""],""verification"":""web_source_checked"",""category_scope"":""broad_historical_heritage_category""}",approved
EDGE_000831,ARCH_000170,BUILT_WITH,MATERIAL_000012,EVD_000347,0.95,,,"{""source_datasets"":[""phu_tay_ho""],""verification"":""web_source_checked"",""finish"":""giả gỗ""}",approved
EDGE_000832,ARCH_000170,USED_FOR,ACTIVITY_000023,EVD_000351,0.95,,,"{""source_datasets"":[""phu_tay_ho""],""verification"":""web_source_checked""}",approved
EDGE_000833,ARCH_000174,USED_FOR,ACTIVITY_000023,EVD_000348,0.95,,,"{""source_datasets"":[""phu_tay_ho""],""verification"":""web_source_checked"",""worshipped_figure"":""Chúa Đệ Nhị Thượng Ngàn""}",approved
EDGE_000834,HOBJ_000057,BUILT_WITH,MATERIAL_000011,EVD_000355,0.95,,,"{""source_datasets"":[""phu_tay_ho""],""verification"":""web_source_checked"",""material_scope"":""documented_bronze_bell_not_all_inventory_items""}",approved
EDGE_000835,PLACE_000021,HAS_ACTIVITY,ACTIVITY_000020,EVD_000353,0.95,,,"{""source_datasets"":[""phu_tay_ho""],""verification"":""web_source_checked""}",approved
EDGE_000836,ARCH_000174,NEAR,ARCH_000175,EVD_000352,0.95,,,"{""source_datasets"":[""phu_tay_ho""],""verification"":""web_source_checked"",""proximity_basis"":""source_says_ben_canh""}",approved
EDGE_000837,ARCH_000170,HAS_COMPONENT,HOBJ_000059,EVD_000357,0.95,,,"{""source_datasets"":[""phu_tay_ho""],""verification"":""web_source_checked""}",approved
EDGE_000838,PLACE_000022,HAS_ADDRESS,ADDRESS_000019,EVD_000358,0.95,,,"{""source_datasets"":[""nha_tho_lon_ha_noi""],""verification"":""web_source_checked"",""address_precision"":""house_number_street_ward_city""}",approved
EDGE_000839,PLACE_000022,LOCATED_IN,LOCATION_000021,EVD_000358,0.95,,,"{""source_datasets"":[""nha_tho_lon_ha_noi""],""verification"":""web_source_checked"",""location_scope"":""address_street""}",approved
EDGE_000840,PLACE_000022,LOCATED_IN,ADMIN_000006,EVD_000358,0.95,,,"{""source_datasets"":[""nha_tho_lon_ha_noi""],""verification"":""web_source_checked""}",approved
EDGE_000841,PLACE_000022,LOCATED_IN,ADMIN_000002,EVD_000358,0.95,,,"{""source_datasets"":[""nha_tho_lon_ha_noi""],""verification"":""web_source_checked""}",approved
EDGE_000842,PLACE_000022,HAS_CATEGORY,CATEGORY_000003,EVD_000359,0.95,,,"{""source_datasets"":[""nha_tho_lon_ha_noi""],""verification"":""web_source_checked"",""category_basis"":""active_Catholic_cathedral""}",approved
EDGE_000843,PLACE_000022,NEAR,PLACE_000009,EVD_000370,0.95,,,"{""source_datasets"":[""nha_tho_lon_ha_noi""],""verification"":""web_source_checked"",""distance_description"":""khoảng 1 km"",""distance_not_geospatially_recomputed"":true}",approved
EDGE_000844,PLACE_000022,HAS_COMPONENT,ARCH_000179,EVD_000364,0.95,,,"{""source_datasets"":[""nha_tho_lon_ha_noi""],""verification"":""web_source_checked""}",approved
EDGE_000845,PLACE_000022,HAS_COMPONENT,ARCH_000180,EVD_000364,0.95,,,"{""source_datasets"":[""nha_tho_lon_ha_noi""],""verification"":""web_source_checked""}",approved
EDGE_000846,PLACE_000022,HAS_COMPONENT,ARCH_000181,EVD_000364,0.95,,,"{""source_datasets"":[""nha_tho_lon_ha_noi""],""verification"":""web_source_checked""}",approved
EDGE_000847,PLACE_000022,HAS_COMPONENT,ARCH_000182,EVD_000364,0.95,,,"{""source_datasets"":[""nha_tho_lon_ha_noi""],""verification"":""web_source_checked""}",approved
EDGE_000848,PLACE_000022,HAS_COMPONENT,ARCH_000183,EVD_000364,0.95,,,"{""source_datasets"":[""nha_tho_lon_ha_noi""],""verification"":""web_source_checked""}",approved
EDGE_000849,PLACE_000022,HAS_COMPONENT,ARCH_000184,EVD_000364,0.95,,,"{""source_datasets"":[""nha_tho_lon_ha_noi""],""verification"":""web_source_checked""}",approved
EDGE_000850,PLACE_000022,HAS_COMPONENT,ARCH_000185,EVD_000364,0.95,,,"{""source_datasets"":[""nha_tho_lon_ha_noi""],""verification"":""web_source_checked""}",approved
EDGE_000851,PLACE_000022,HAS_COMPONENT,ARCH_000186,EVD_000364,0.95,,,"{""source_datasets"":[""nha_tho_lon_ha_noi""],""verification"":""web_source_checked""}",approved
EDGE_000852,ARCH_000183,HAS_COMPONENT,HOBJ_000064,EVD_000365,0.95,,,"{""source_datasets"":[""nha_tho_lon_ha_noi""],""verification"":""web_source_checked""}",approved
EDGE_000853,ARCH_000183,HAS_COMPONENT,HOBJ_000065,EVD_000365,0.95,,,"{""source_datasets"":[""nha_tho_lon_ha_noi""],""verification"":""web_source_checked""}",approved
EDGE_000854,PLACE_000022,HAS_COMPONENT,HOBJ_000066,EVD_000365,0.95,,,"{""source_datasets"":[""nha_tho_lon_ha_noi""],""verification"":""web_source_checked""}",approved
EDGE_000855,PLACE_000022,HAS_COMPONENT,HOBJ_000067,EVD_000365,0.95,,,"{""source_datasets"":[""nha_tho_lon_ha_noi""],""verification"":""web_source_checked""}",approved
EDGE_000856,PLACE_000022,HAS_COMPONENT,HOBJ_000068,EVD_000365,0.95,,,"{""source_datasets"":[""nha_tho_lon_ha_noi""],""verification"":""web_source_checked""}",approved
EDGE_000857,PLACE_000022,BUILT_IN,TIME_000086,EVD_000360,0.95,,,"{""source_datasets"":[""nha_tho_lon_ha_noi""],""verification"":""web_source_checked"",""construction_scope"":""main_cathedral_building""}",approved
EDGE_000858,PLACE_000022,BUILT_BY,PERSON_000049,EVD_000360,0.95,,,"{""source_datasets"":[""nha_tho_lon_ha_noi""],""verification"":""web_source_checked"",""agent_role"":""commissioned_and_directed_construction""}",approved
EDGE_000859,PLACE_000022,ASSOCIATED_WITH_PERSON,PERSON_000049,EVD_000360,0.95,,,"{""source_datasets"":[""nha_tho_lon_ha_noi""],""verification"":""web_source_checked"",""association_scope"":""bishop_during_construction""}",approved
EDGE_000860,PLACE_000022,MANAGED_BY,ORG_000010,EVD_000359,0.95,,,"{""source_datasets"":[""nha_tho_lon_ha_noi""],""verification"":""web_source_checked"",""management_scope"":""cathedral_of_archdiocese""}",approved
EDGE_000861,PLACE_000022,HAS_ARCHITECTURAL_STYLE,ASTYLE_000005,EVD_000364,0.95,,,"{""source_datasets"":[""nha_tho_lon_ha_noi""],""verification"":""web_source_checked"",""style_label_in_source"":""Gô-tích cổ Âu Châu""}",approved
EDGE_000862,ARCH_000179,HAS_ARCHITECTURAL_STYLE,ASTYLE_000005,EVD_000364,0.95,,,"{""source_datasets"":[""nha_tho_lon_ha_noi""],""verification"":""web_source_checked""}",approved
EDGE_000863,PLACE_000022,HAS_EVENT,EVENT_000038,EVD_000361,0.95,,,"{""source_datasets"":[""nha_tho_lon_ha_noi""],""verification"":""web_source_checked""}",approved
EDGE_000864,EVENT_000038,OCCURRED_IN,TIME_000087,EVD_000361,0.95,,,"{""source_datasets"":[""nha_tho_lon_ha_noi""],""verification"":""web_source_checked""}",approved
EDGE_000865,PLACE_000022,HAS_EVENT,EVENT_000039,EVD_000362,0.95,,,"{""source_datasets"":[""nha_tho_lon_ha_noi""],""verification"":""web_source_checked""}",approved
EDGE_000866,EVENT_000039,OCCURRED_IN,TIME_000088,EVD_000362,0.95,,,"{""source_datasets"":[""nha_tho_lon_ha_noi""],""verification"":""web_source_checked""}",approved
EDGE_000867,PLACE_000022,HAS_EVENT,EVENT_000040,EVD_000363,0.95,,,"{""source_datasets"":[""nha_tho_lon_ha_noi""],""verification"":""web_source_checked""}",approved
EDGE_000868,EVENT_000040,OCCURRED_IN,TIME_000089,EVD_000363,0.95,,,"{""source_datasets"":[""nha_tho_lon_ha_noi""],""verification"":""web_source_checked""}",approved
EDGE_000869,PLACE_000022,RENOVATED_IN,TIME_000090,EVD_000367,0.95,,,"{""source_datasets"":[""nha_tho_lon_ha_noi""],""verification"":""web_source_checked"",""renovation_scope"":""roof_wood_frame_side_doors""}",approved
EDGE_000870,PLACE_000022,RENOVATED_IN,TIME_000091,EVD_000368,0.95,,,"{""source_datasets"":[""nha_tho_lon_ha_noi""],""verification"":""web_source_checked"",""renovation_scope"":""marble_floor_and_wall_paint""}",approved
EDGE_000871,ARCH_000181,RENOVATED_IN,TIME_000092,EVD_000369,0.95,,,"{""source_datasets"":[""nha_tho_lon_ha_noi""],""verification"":""web_source_checked"",""renovation_scope"":""chancel_stone_and_basement""}",approved
EDGE_000872,PLACE_000022,RENOVATED_IN,TIME_000093,EVD_000365,0.95,,,"{""source_datasets"":[""nha_tho_lon_ha_noi""],""verification"":""web_source_checked"",""renovation_scope"":""installation_of_pipe_organ"",""source_wording"":""đại phong cầm được lắp đặt năm 2022""}",approved
EDGE_000873,ARCH_000179,BUILT_WITH,MATERIAL_000003,EVD_000366,0.95,,,"{""source_datasets"":[""nha_tho_lon_ha_noi""],""verification"":""web_source_checked"",""material_description"":""gạch đất nung""}",approved
EDGE_000874,HOBJ_000067,BUILT_WITH,MATERIAL_000001,EVD_000366,0.95,,,"{""source_datasets"":[""nha_tho_lon_ha_noi""],""verification"":""web_source_checked"",""object_scope"":""carved_wood_screens""}",approved
EDGE_000875,ARCH_000181,BUILT_WITH,MATERIAL_000007,EVD_000369,0.95,,,"{""source_datasets"":[""nha_tho_lon_ha_noi""],""verification"":""web_source_checked"",""temporal_scope"":""2018 renovation""}",approved
EDGE_000876,ARCH_000185,BUILT_WITH,MATERIAL_000001,EVD_000364,0.95,,,"{""source_datasets"":[""nha_tho_lon_ha_noi""],""verification"":""web_source_checked"",""component_scope"":""carved_wood_decoration""}",approved
EDGE_000877,ARCH_000186,BUILT_WITH,MATERIAL_000001,EVD_000364,0.95,,,"{""source_datasets"":[""nha_tho_lon_ha_noi""],""verification"":""web_source_checked"",""component_scope"":""carved_wood_decoration""}",approved
EDGE_000878,PLACE_000002,HAS_ADDRESS,ADDRESS_000020,EVD_000372,0.95,,,"{""source_datasets"":[""missing_address_category_patch""],""verification"":""web_source_checked"",""address_precision"":""administrative_area_only"",""address_note"":""Khu di tích trải rộng; không gán số nhà hoặc điểm cổng khi nguồn không xác nhận.""}",approved
EDGE_000879,PLACE_000003,HAS_ADDRESS,ADDRESS_000021,EVD_000373,0.95,,,"{""source_datasets"":[""missing_address_category_patch""],""verification"":""web_source_checked"",""address_precision"":""house_number_street_ward_city""}",approved
EDGE_000880,PLACE_000008,HAS_CATEGORY,CATEGORY_000001,EVD_000374,0.95,,,"{""source_datasets"":[""missing_address_category_patch""],""verification"":""web_source_checked"",""category_scope"":""component_of_Hoan_Kiem_lake_historical_and_scenic_monument_complex""}",approved
EDGE_000881,PLACE_000011,HAS_CATEGORY,CATEGORY_000004,EVD_000375,0.95,,,"{""source_datasets"":[""missing_address_category_patch""],""verification"":""web_source_checked"",""category_basis"":""official_description_of_political_and_cultural_significance""}",approved
EDGE_000882,PLACE_000016,HAS_CATEGORY,CATEGORY_000001,EVD_000298,0.95,,,"{""source_datasets"":[""missing_address_category_patch""],""verification"":""web_source_checked"",""category_scope"":""component_of_national_special_historical_and_scenic_monument_complex""}",approved
EDGE_000883,PLACE_000017,HAS_CATEGORY,CATEGORY_000001,EVD_000316,0.95,,,"{""source_datasets"":[""missing_address_category_patch""],""verification"":""web_source_checked"",""category_basis"":""national_historical_architectural_art_monument_recognition""}",approved
EDGE_000884,PLACE_000023,HAS_ADDRESS,ADDRESS_000022,EVD_000376,1.00,,,{},approved
EDGE_000885,PLACE_000023,LOCATED_IN,ADMIN_000006,EVD_000376,1.00,,,{},approved
EDGE_000886,PLACE_000023,LOCATED_IN,LOCATION_000022,EVD_000377,1.00,,,{},approved
EDGE_000887,PLACE_000023,LOCATED_IN,LOCATION_000023,EVD_000377,1.00,,,{},approved
EDGE_000888,PLACE_000023,HAS_CATEGORY,CATEGORY_000001,EVD_000386,1.00,,,{},approved
EDGE_000889,PLACE_000023,HAS_CATEGORY,CATEGORY_000005,EVD_000377,0.95,,,{},approved
EDGE_000890,PLACE_000023,HAS_COMPONENT,ARCH_000187,EVD_000381,1.00,,,{},approved
EDGE_000891,PLACE_000023,HAS_COMPONENT,ARCH_000188,EVD_000381,1.00,,,{},approved
EDGE_000892,PLACE_000023,HAS_COMPONENT,ARCH_000189,EVD_000381,1.00,,,{},approved
EDGE_000893,PLACE_000023,HAS_COMPONENT,ARCH_000190,EVD_000381,1.00,,,{},approved
EDGE_000894,PLACE_000023,HAS_COMPONENT,ARCH_000191,EVD_000381,1.00,,,{},approved
EDGE_000895,PLACE_000023,HAS_COMPONENT,ARCH_000192,EVD_000383,1.00,,,{},approved
EDGE_000896,PLACE_000023,HAS_COMPONENT,HOBJ_000069,EVD_000382,1.00,,,{},approved
EDGE_000897,PLACE_000023,HAS_COMPONENT,HOBJ_000070,EVD_000382,1.00,,,{},approved
EDGE_000898,PLACE_000023,HAS_COMPONENT,HOBJ_000071,EVD_000382,1.00,,,{},approved
EDGE_000899,PLACE_000023,HAS_COMPONENT,HOBJ_000072,EVD_000382,1.00,,,{},approved
EDGE_000900,PLACE_000023,HAS_ARCHITECTURAL_STYLE,ASTYLE_000002,EVD_000381,1.00,,,{},approved
EDGE_000901,PLACE_000023,HAS_ARCHITECTURAL_STYLE,ASTYLE_000010,EVD_000381,1.00,,,{},approved
EDGE_000902,PLACE_000023,HONORS,PERSON_000050,EVD_000389,1.00,,,{},approved
EDGE_000903,PLACE_000023,ESTABLISHED_BY,PERSON_000051,EVD_000379,0.90,,,"{""claim_kind"":""historical_tradition""}",approved
EDGE_000904,PLACE_000023,ESTABLISHED_IN,TIME_000094,EVD_000378,1.00,,,{},approved
EDGE_000905,PLACE_000023,ASSOCIATED_WITH_DYNASTY,DYNASTY_000009,EVD_000378,1.00,,,{},approved
EDGE_000906,PLACE_000023,RENOVATED_BY,PERSON_000001,EVD_000380,0.95,,,{},approved
EDGE_000907,PLACE_000023,RENOVATED_IN,TIME_000002,EVD_000380,1.00,,,{},approved
EDGE_000908,PLACE_000023,RECOGNIZED_AS,HSTATUS_000003,EVD_000386,1.00,,,{},approved
EDGE_000909,PLACE_000023,RECOGNIZED_IN,TIME_000082,EVD_000386,1.00,,,{},approved
EDGE_000910,PLACE_000023,RECOGNIZED_BY,ORG_000012,EVD_000386,1.00,,,{},approved
EDGE_000911,PLACE_000023,HAS_EVENT,EVENT_000041,EVD_000378,1.00,,,{},approved
EDGE_000912,EVENT_000041,OCCURRED_IN,TIME_000094,EVD_000378,1.00,,,{},approved
EDGE_000913,EVENT_000041,INVOLVED_PERSON,PERSON_000051,EVD_000379,0.90,,,"{""claim_kind"":""historical_tradition""}",approved
EDGE_000914,PLACE_000023,HAS_EVENT,EVENT_000042,EVD_000380,1.00,,,{},approved
EDGE_000915,EVENT_000042,OCCURRED_IN,TIME_000002,EVD_000380,1.00,,,{},approved
EDGE_000916,EVENT_000042,INVOLVED_PERSON,PERSON_000001,EVD_000380,1.00,,,{},approved
EDGE_000917,PLACE_000023,HAS_EVENT,EVENT_000043,EVD_000384,0.90,,,{},approved
EDGE_000918,EVENT_000043,OCCURRED_IN,TIME_000095,EVD_000384,0.90,,,{},approved
EDGE_000919,PLACE_000023,HAS_EVENT,EVENT_000044,EVD_000385,1.00,,,{},approved
EDGE_000920,EVENT_000044,OCCURRED_IN,TIME_000096,EVD_000385,1.00,,,{},approved
EDGE_000921,PLACE_000023,RENOVATED_BY,ORG_000011,EVD_000385,1.00,,,{},approved
EDGE_000922,PLACE_000023,HAS_EVENT,EVENT_000045,EVD_000387|EVD_000388,1.00,,,{},approved
EDGE_000923,EVENT_000045,OCCURRED_IN,TIME_000097,EVD_000387,1.00,,,{},approved
EDGE_000924,PLACE_000023,HAS_ACTIVITY,ACTIVITY_000025,EVD_000388,1.00,,,{},approved
EDGE_000925,PLACE_000024,HAS_ADDRESS,ADDRESS_000023,EVD_000390|EVD_000391,0.98,,,{},approved
EDGE_000926,PLACE_000024,LOCATED_IN,ADMIN_000009,EVD_000391,1.00,,,{},approved
EDGE_000927,PLACE_000024,LOCATED_IN,LOCATION_000024,EVD_000392|EVD_000393,1.00,,,{},approved
EDGE_000928,PLACE_000024,LOCATED_IN,LOCATION_000025,EVD_000394,1.00,,,{},approved
EDGE_000929,PLACE_000024,LOCATED_IN,LOCATION_000026,EVD_000392,1.00,,,{},approved
EDGE_000930,PLACE_000024,HAS_CATEGORY,CATEGORY_000001,EVD_000401,1.00,,,{},approved
EDGE_000931,PLACE_000024,HAS_CATEGORY,CATEGORY_000005,EVD_000394,0.98,,,{},approved
EDGE_000932,PLACE_000024,HAS_COMPONENT,ARCH_000193,EVD_000395,1.00,,,{},approved
EDGE_000933,PLACE_000024,HAS_COMPONENT,ARCH_000194,EVD_000395,1.00,,,{},approved
EDGE_000934,PLACE_000024,HAS_COMPONENT,ARCH_000195,EVD_000396,1.00,,,{},approved
EDGE_000935,PLACE_000024,HAS_COMPONENT,HOBJ_000075,EVD_000396,1.00,,,{},approved
EDGE_000936,PLACE_000024,HAS_COMPONENT,ARCH_000196,EVD_000397,1.00,,,{},approved
EDGE_000937,PLACE_000024,HAS_COMPONENT,HOBJ_000076,EVD_000398,1.00,,,{},approved
EDGE_000938,PLACE_000024,HAS_COMPONENT,HOBJ_000077,EVD_000398,1.00,,,{},approved
EDGE_000939,PLACE_000024,HAS_COMPONENT,HOBJ_000078,EVD_000398,1.00,,,{},approved
EDGE_000940,PLACE_000024,HAS_COMPONENT,HOBJ_000079,EVD_000398,1.00,,,{},approved
EDGE_000941,PLACE_000024,HAS_COMPONENT,HOBJ_000080,EVD_000398,1.00,,,{},approved
EDGE_000942,PLACE_000024,HAS_COMPONENT,HOBJ_000081,EVD_000398,1.00,,,{},approved
EDGE_000943,PLACE_000024,HONORS,PERSON_000052,EVD_000394|EVD_000392,1.00,,,{},approved
EDGE_000944,PLACE_000024,ASSOCIATED_WITH_PERSON,PERSON_000052,EVD_000394,1.00,,,{},approved
EDGE_000945,PLACE_000024,ASSOCIATED_WITH_PERSON,PERSON_000008,EVD_000393,1.00,,,{},approved
EDGE_000946,PLACE_000024,ASSOCIATED_WITH_DYNASTY,DYNASTY_000001,EVD_000393,1.00,,,{},approved
EDGE_000947,PLACE_000024,BUILT_IN,TIME_000098,EVD_000393,1.00,,,{},approved
EDGE_000948,PLACE_000024,BUILT_BY,PERSON_000008,EVD_000393|EVD_000394,0.98,,,{},approved
EDGE_000949,PLACE_000024,HAS_EVENT,EVENT_000046,EVD_000393,1.00,,,{},approved
EDGE_000950,PLACE_000024,HAS_EVENT,EVENT_000047,EVD_000399,1.00,,,{},approved
EDGE_000951,PLACE_000024,RECOGNIZED_AS,HSTATUS_000003,EVD_000401,1.00,,,{},approved
EDGE_000952,PLACE_000024,RECOGNIZED_IN,TIME_000082,EVD_000401,1.00,,,{},approved
EDGE_000953,PLACE_000024,RECOGNIZED_BY,ORG_000012,EVD_000401,1.00,,,{},approved
EDGE_000954,PLACE_000024,HAS_ACTIVITY,ACTIVITY_000026,EVD_000400|EVD_000395,1.00,,,{},approved
EDGE_000955,PLACE_000024,HAS_ACTIVITY,ACTIVITY_000027,EVD_000400,1.00,,,{},approved
EDGE_000956,PLACE_000024,HAS_ACTIVITY,ACTIVITY_000028,EVD_000400,1.00,,,{},approved
EDGE_000957,PLACE_000024,HAS_ACTIVITY,ACTIVITY_000029,EVD_000400,1.00,,,{},approved
EDGE_000958,EVENT_000047,OCCURRED_IN,TIME_000099,EVD_000399,1.00,,,{},approved
EDGE_000959,EVENT_000047,INVOLVED_PERSON,PERSON_000052,EVD_000399,1.00,,,{},approved
EDGE_000960,EVENT_000046,OCCURRED_IN,TIME_000098,EVD_000393,1.00,,,{},approved
EDGE_000961,EVENT_000046,INVOLVED_PERSON,PERSON_000008,EVD_000393,1.00,,,{},approved
EDGE_000962,ARCH_000196,HAS_COMPONENT,ARCH_000197,EVD_000397,1.00,,,{},approved
EDGE_000963,ARCH_000196,HAS_COMPONENT,ARCH_000198,EVD_000397,1.00,,,{},approved
EDGE_000964,ARCH_000196,HAS_COMPONENT,ARCH_000199,EVD_000397,1.00,,,{},approved
EDGE_000965,ARCH_000193,HAS_COMPONENT,HOBJ_000074,EVD_000395,1.00,,,{},approved
EDGE_000966,ARCH_000193,HAS_COMPONENT,HOBJ_000073,EVD_000395,1.00,,,{},approved
EDGE_000967,ARCH_000194,HAS_MEASUREMENT,VALUE_000062,EVD_000395,1.00,,,"{""measurement_kind"":""số bậc đá của lối giữa""}",approved
EDGE_000968,ARCH_000196,HAS_ARCHITECTURAL_STYLE,ASTYLE_000011,EVD_000397,1.00,,,{},approved
EDGE_000969,ARCH_000197,HAS_ARCHITECTURAL_STYLE,ASTYLE_000012,EVD_000397,1.00,,,{},approved
EDGE_000970,ARCH_000194,USED_FOR,ACTIVITY_000026,EVD_000395,1.00,,,{},approved
EDGE_000971,PLACE_000025,HAS_ADDRESS,ADDRESS_000024,EVD_000402,1.00,,,{},approved
EDGE_000972,PLACE_000025,LOCATED_IN,ADMIN_000003,EVD_000402,1.00,,,{},approved
EDGE_000973,PLACE_000025,LOCATED_IN,LOCATION_000027,EVD_000403|EVD_000405,1.00,,,{},approved
EDGE_000974,PLACE_000025,LOCATED_IN,LOCATION_000028,EVD_000404,1.00,,,{},approved
EDGE_000975,PLACE_000025,HAS_CATEGORY,CATEGORY_000001,EVD_000403|EVD_000415,1.00,,,{},approved
EDGE_000976,PLACE_000025,HAS_CATEGORY,CATEGORY_000005,EVD_000403|EVD_000409,1.00,,,{},approved
EDGE_000977,PLACE_000025,HAS_COMPONENT,ARCH_000200,EVD_000406,1.00,,,{},approved
EDGE_000978,PLACE_000025,HAS_COMPONENT,ARCH_000201,EVD_000406,1.00,,,{},approved
EDGE_000979,PLACE_000025,HAS_COMPONENT,ARCH_000202,EVD_000406,1.00,,,{},approved
EDGE_000980,PLACE_000025,HAS_COMPONENT,ARCH_000203,EVD_000406,1.00,,,{},approved
EDGE_000981,PLACE_000025,HAS_COMPONENT,ARCH_000204,EVD_000406,1.00,,,{},approved
EDGE_000982,PLACE_000025,HAS_COMPONENT,ARCH_000205,EVD_000406,1.00,,,{},approved
EDGE_000983,PLACE_000025,HAS_COMPONENT,ARCH_000206,EVD_000406|EVD_000408,1.00,,,{},approved
EDGE_000984,PLACE_000025,HAS_COMPONENT,ARCH_000207,EVD_000406,1.00,,,{},approved
EDGE_000985,PLACE_000025,HAS_COMPONENT,ARCH_000208,EVD_000406,1.00,,,{},approved
EDGE_000986,PLACE_000025,HAS_COMPONENT,ARCH_000209,EVD_000406,1.00,,,{},approved
EDGE_000987,PLACE_000025,HAS_COMPONENT,ARCH_000210,EVD_000407,1.00,,,{},approved
EDGE_000988,PLACE_000025,HAS_COMPONENT,HOBJ_000082,EVD_000410,1.00,,,{},approved
EDGE_000989,PLACE_000025,HAS_COMPONENT,HOBJ_000083,EVD_000411,1.00,,,{},approved
EDGE_000990,PLACE_000025,HAS_ARCHITECTURAL_STYLE,ASTYLE_000002,EVD_000408,1.00,,,{},approved
EDGE_000991,ARCH_000206,HAS_ARCHITECTURAL_STYLE,ASTYLE_000006,EVD_000408,1.00,,,{},approved
EDGE_000992,ARCH_000210,BUILT_WITH,MATERIAL_000004,EVD_000407,1.00,,,{},approved
EDGE_000993,ARCH_000210,HAS_MEASUREMENT,VALUE_000063,EVD_000407,1.00,,,"{""measurement_kind"":""số bậc gạch nối hai khu kiến trúc""}",approved
EDGE_000994,PLACE_000025,HONORS,PERSON_000053,EVD_000403|EVD_000409,1.00,,,{},approved
EDGE_000995,PLACE_000025,HONORS,PERSON_000056,EVD_000409,1.00,,,{},approved
EDGE_000996,PLACE_000025,HONORS,PERSON_000057,EVD_000409,1.00,,,{},approved
EDGE_000997,PLACE_000025,BUILT_IN,TIME_000100,EVD_000405,0.95,,,{},approved
EDGE_000998,PLACE_000025,BUILT_BY,PERSON_000054,EVD_000405,1.00,,,{},approved
EDGE_000999,PLACE_000025,ASSOCIATED_WITH_PERSON,PERSON_000054,EVD_000405,1.00,,,{},approved
EDGE_001000,PLACE_000025,ASSOCIATED_WITH_DYNASTY,DYNASTY_000003,EVD_000405|EVD_000410,1.00,,,{},approved
EDGE_001001,PLACE_000025,HAS_EVENT,EVENT_000048,EVD_000405,1.00,,,{},approved
EDGE_001002,EVENT_000048,OCCURRED_IN,TIME_000100,EVD_000405,1.00,,,{},approved
EDGE_001003,EVENT_000048,INVOLVED_PERSON,PERSON_000054,EVD_000405,1.00,,,{},approved
EDGE_001004,PLACE_000025,HAS_EVENT,EVENT_000050,EVD_000412,1.00,,,{},approved
EDGE_001005,PLACE_000025,RENOVATED_IN,TIME_000102,EVD_000412,1.00,,,{},approved
EDGE_001006,EVENT_000050,OCCURRED_IN,TIME_000102,EVD_000412,1.00,,,{},approved
EDGE_001007,PLACE_000025,HAS_EVENT,EVENT_000051,EVD_000413,1.00,,,{},approved
EDGE_001008,EVENT_000051,OCCURRED_IN,TIME_000103,EVD_000413,1.00,,,{},approved
EDGE_001009,EVENT_000051,INVOLVED_PERSON,PERSON_000053,EVD_000413,1.00,,,{},approved
EDGE_001010,PLACE_000025,HAS_EVENT,EVENT_000052,EVD_000414,1.00,,,{},approved
EDGE_001011,EVENT_000052,OCCURRED_IN,TIME_000104,EVD_000414,1.00,,,{},approved
EDGE_001012,EVENT_000052,INVOLVED_PERSON,PERSON_000053,EVD_000414,1.00,,,{},approved
EDGE_001013,PLACE_000025,HAS_ACTIVITY,ACTIVITY_000030,EVD_000413,1.00,,,{},approved
EDGE_001014,PLACE_000025,HAS_ACTIVITY,ACTIVITY_000031,EVD_000413|EVD_000414,1.00,,,{},approved
EDGE_001015,PLACE_000025,HAS_ACTIVITY,ACTIVITY_000032,EVD_000414,1.00,,,{},approved
EDGE_001016,PLACE_000025,RECOGNIZED_AS,HSTATUS_000003,EVD_000415,1.00,,,{},approved
EDGE_001017,PLACE_000025,RECOGNIZED_IN,TIME_000082,EVD_000415,1.00,,,{},approved
EDGE_001018,PLACE_000025,RECOGNIZED_BY,ORG_000012,EVD_000415,1.00,,,{},approved
EDGE_001019,HOBJ_000082,ASSOCIATED_WITH_PERSON,PERSON_000055,EVD_000410,1.00,,,{},approved
EDGE_001020,PLACE_000025,HAS_EVENT,EVENT_000049,EVD_000410,1.00,,,{},approved
EDGE_001021,EVENT_000049,OCCURRED_IN,TIME_000101,EVD_000410,1.00,,,{},approved
EDGE_001022,EVENT_000049,INVOLVED_PERSON,PERSON_000055,EVD_000410,1.00,,,{},approved
EDGE_001023,PLACE_000025,USED_FOR,ROLE_000004,EVD_000416,1.00,,,{},approved
EDGE_001024,PLACE_000026,HAS_ADDRESS,ADDRESS_000025,EVD_000417,1.00,,,{},approved
EDGE_001025,PLACE_000026,LOCATED_IN,ADMIN_000010,EVD_000417,1.00,,,{},approved
EDGE_001026,PLACE_000026,LOCATED_IN,LOCATION_000029,EVD_000417|EVD_000420,1.00,,,{},approved
EDGE_001027,PLACE_000026,HAS_CATEGORY,CATEGORY_000001,EVD_000418|EVD_000427,1.00,,,{},approved
EDGE_001028,PLACE_000026,HAS_CATEGORY,CATEGORY_000005,EVD_000418|EVD_000428,1.00,,,{},approved
EDGE_001029,PLACE_000026,HAS_COMPONENT,ARCH_000211,EVD_000421,1.00,,,{},approved
EDGE_001030,PLACE_000026,HAS_COMPONENT,ARCH_000212,EVD_000421,1.00,,,{},approved
EDGE_001031,PLACE_000026,HAS_COMPONENT,ARCH_000213,EVD_000421,1.00,,,{},approved
EDGE_001032,PLACE_000026,HAS_COMPONENT,ARCH_000214,EVD_000421,1.00,,,{},approved
EDGE_001033,PLACE_000026,HAS_COMPONENT,HOBJ_000084,EVD_000422,1.00,,,{},approved
EDGE_001034,PLACE_000026,HAS_COMPONENT,HOBJ_000085,EVD_000422|EVD_000423,1.00,,,{},approved
EDGE_001035,PLACE_000026,HAS_COMPONENT,HOBJ_000086,EVD_000422,1.00,,,{},approved
EDGE_001036,PLACE_000026,HAS_COMPONENT,HOBJ_000087,EVD_000424|EVD_000423,1.00,,,{},approved
EDGE_001037,PLACE_000026,HAS_ARCHITECTURAL_STYLE,ASTYLE_000013,EVD_000421,1.00,,,{},approved
EDGE_001038,PLACE_000026,HAS_MEASUREMENT,VALUE_000064,EVD_000421,1.00,,,"{""measurement_kind"":""diện tích khuôn viên""}",approved
EDGE_001039,PLACE_000026,HONORS,PERSON_000058,EVD_000418|EVD_000422,1.00,,,{},approved
EDGE_001040,PLACE_000026,HONORS,PERSON_000059,EVD_000418|EVD_000422,1.00,,,{},approved
EDGE_001041,PLACE_000026,BUILT_IN,TIME_000105,EVD_000419,1.00,,,{},approved
EDGE_001042,PLACE_000026,BUILT_BY,PERSON_000060,EVD_000419,0.95,,,{},approved
EDGE_001043,PLACE_000026,ASSOCIATED_WITH_PERSON,PERSON_000060,EVD_000419,1.00,,,{},approved
EDGE_001044,PLACE_000026,ASSOCIATED_WITH_DYNASTY,DYNASTY_000001,EVD_000419,1.00,,,{},approved
EDGE_001045,PLACE_000026,HAS_EVENT,EVENT_000053,EVD_000419,1.00,,,{},approved
EDGE_001046,EVENT_000053,OCCURRED_IN,TIME_000105,EVD_000419,1.00,,,{},approved
EDGE_001047,EVENT_000053,INVOLVED_PERSON,PERSON_000060,EVD_000419,1.00,,,{},approved
EDGE_001048,PLACE_000026,HAS_EVENT,EVENT_000054,EVD_000420,1.00,,,{},approved
EDGE_001049,EVENT_000054,OCCURRED_IN,TIME_000106,EVD_000420,1.00,,,{},approved
EDGE_001050,PLACE_000026,HAS_EVENT,EVENT_000055,EVD_000424,1.00,,,{},approved
EDGE_001051,EVENT_000055,OCCURRED_IN,TIME_000107,EVD_000424,1.00,,,{},approved
EDGE_001052,EVENT_000055,INVOLVED_PERSON,PERSON_000041,EVD_000424,1.00,,,{},approved
EDGE_001053,HOBJ_000087,ASSOCIATED_WITH_PERSON,PERSON_000041,EVD_000424,1.00,,,{},approved
EDGE_001054,PLACE_000026,HAS_EVENT,EVENT_000056,EVD_000425,1.00,,,{},approved
EDGE_001055,EVENT_000056,OCCURRED_IN,TIME_000109,EVD_000425,1.00,,,{},approved
EDGE_001056,EVENT_000056,INVOLVED_PERSON,PERSON_000058,EVD_000425,1.00,,,{},approved
EDGE_001057,EVENT_000056,INVOLVED_PERSON,PERSON_000059,EVD_000425,1.00,,,{},approved
EDGE_001058,PLACE_000026,HAS_ACTIVITY,ACTIVITY_000033,EVD_000425|EVD_000426,1.00,,,{},approved
EDGE_001059,PLACE_000026,HAS_ACTIVITY,ACTIVITY_000034,EVD_000426,1.00,,,{},approved
EDGE_001060,PLACE_000026,HAS_ACTIVITY,ACTIVITY_000035,EVD_000425,1.00,,,{},approved
EDGE_001061,PLACE_000026,HAS_ACTIVITY,ACTIVITY_000036,EVD_000425,1.00,,,{},approved
EDGE_001062,PLACE_000026,RECOGNIZED_AS,HSTATUS_000003,EVD_000427,1.00,,,{},approved
EDGE_001063,PLACE_000026,RECOGNIZED_IN,TIME_000108,EVD_000427,1.00,,,{},approved
EDGE_001064,PLACE_000026,RECOGNIZED_BY,ORG_000012,EVD_000427,1.00,,,{},approved
EDGE_001065,PLACE_000026,USED_FOR,ACTIVITY_000033,EVD_000426,0.95,,,{},approved
EDGE_001066,PLACE_000026,USED_FOR,ACTIVITY_000034,EVD_000426,0.95,,,{},approved
EDGE_001067,PLACE_000027,HAS_ADDRESS,ADDRESS_000026,EVD_000429,1.00,,,{},approved
EDGE_001068,PLACE_000027,LOCATED_IN,ADMIN_000011,EVD_000429,1.00,,,{},approved
EDGE_001069,PLACE_000027,LOCATED_IN,ADMIN_000002,EVD_000429|EVD_000430,1.00,,,{},approved
EDGE_001070,PLACE_000027,LOCATED_IN,LOCATION_000030,EVD_000430,1.00,,,{},approved
EDGE_001071,PLACE_000027,HAS_CATEGORY,CATEGORY_000001,EVD_000440,1.00,,,{},approved
EDGE_001072,PLACE_000027,HAS_CATEGORY,CATEGORY_000006,EVD_000441,1.00,,,{},approved
EDGE_001073,PLACE_000027,HAS_CATEGORY,CATEGORY_000007,EVD_000440,1.00,,,{},approved
EDGE_001074,PLACE_000027,BUILT_IN,TIME_000110,EVD_000430,1.00,,,{},approved
EDGE_001075,PLACE_000027,ASSOCIATED_WITH_PERSON,PERSON_000061,EVD_000430,1.00,,,{},approved
EDGE_001076,PLACE_000027,ASSOCIATED_WITH_DYNASTY,DYNASTY_000001,EVD_000430,1.00,,,{},approved
EDGE_001077,PLACE_000027,HAS_COMPONENT,ARCH_000215,EVD_000431,1.00,,,{},approved
EDGE_001078,PLACE_000027,HAS_COMPONENT,ARCH_000216,EVD_000432,1.00,,,{},approved
EDGE_001079,PLACE_000027,HAS_COMPONENT,ARCH_000217,EVD_000432,1.00,,,{},approved
EDGE_001080,PLACE_000027,HAS_COMPONENT,ARCH_000218,EVD_000434,1.00,,,{},approved
EDGE_001081,PLACE_000027,HAS_COMPONENT,ARCH_000219,EVD_000433,1.00,,,{},approved
EDGE_001082,PLACE_000027,HAS_COMPONENT,ARCH_000220,EVD_000433,1.00,,,{},approved
EDGE_001083,PLACE_000027,HAS_COMPONENT,ARCH_000221,EVD_000433,1.00,,,{},approved
EDGE_001084,PLACE_000027,HAS_COMPONENT,ARCH_000222,EVD_000433,1.00,,,{},approved
EDGE_001085,PLACE_000027,HAS_COMPONENT,ARCH_000223,EVD_000433,1.00,,,{},approved
EDGE_001086,PLACE_000027,HAS_COMPONENT,ARCH_000224,EVD_000435,1.00,,,{},approved
EDGE_001087,PLACE_000027,HAS_COMPONENT,PLACE_000028,EVD_000435,0.95,,,{},approved
EDGE_001088,ARCH_000215,LOCATED_IN,LOCATION_000031,EVD_000431,1.00,,,{},approved
EDGE_001089,ARCH_000218,LOCATED_IN,LOCATION_000031,EVD_000434,1.00,,,{},approved
EDGE_001090,ARCH_000216,BUILT_IN,TIME_000111,EVD_000432,1.00,,,{},approved
EDGE_001091,ARCH_000216,BUILT_BY,PERSON_000063,EVD_000432,1.00,,,{},approved
EDGE_001092,ARCH_000217,BUILT_BY,PERSON_000063,EVD_000432,1.00,,,{},approved
EDGE_001093,PLACE_000027,HAS_ARCHITECTURAL_STYLE,ASTYLE_000014,EVD_000433,1.00,,,{},approved
EDGE_001094,ARCH_000215,HAS_ARCHITECTURAL_STYLE,ASTYLE_000006,EVD_000431,0.95,,,{},approved
EDGE_001095,ARCH_000215,USED_FOR,ACTIVITY_000037,EVD_000431|EVD_000438,1.00,,,{},approved
EDGE_001096,PLACE_000027,HAS_ACTIVITY,ACTIVITY_000037,EVD_000438,1.00,,,{},approved
EDGE_001097,PLACE_000027,HAS_ACTIVITY,ACTIVITY_000038,EVD_000438,1.00,,,{},approved
EDGE_001098,PLACE_000027,HAS_EVENT,EVENT_000057,EVD_000438,1.00,,,{},approved
EDGE_001099,EVENT_000057,OCCURRED_IN,TIME_000113,EVD_000438,1.00,,,{},approved
EDGE_001100,PLACE_000027,HONORS,PERSON_000061,EVD_000436,1.00,,,{},approved
EDGE_001101,ARCH_000221,HONORS,PERSON_000061,EVD_000436,1.00,,,{},approved
EDGE_001102,ARCH_000221,HONORS,PERSON_000062,EVD_000436,1.00,,,{},approved
EDGE_001103,PLACE_000027,HAS_COMPONENT,HOBJ_000088,EVD_000437,1.00,,,{},approved
EDGE_001104,PLACE_000027,HAS_COMPONENT,HOBJ_000089,EVD_000437,1.00,,,{},approved
EDGE_001105,PLACE_000027,HAS_COMPONENT,HOBJ_000090,EVD_000437,1.00,,,{},approved
EDGE_001106,PLACE_000027,HAS_COMPONENT,HOBJ_000091,EVD_000437,1.00,,,{},approved
EDGE_001107,HOBJ_000091,ASSOCIATED_WITH_DYNASTY,DYNASTY_000002,EVD_000437,1.00,,,{},approved
EDGE_001108,PLACE_000027,RECOGNIZED_AS,HSTATUS_000003,EVD_000439,1.00,,,{},approved
EDGE_001109,PLACE_000027,RECOGNIZED_IN,TIME_000112,EVD_000439,1.00,,,{},approved
EDGE_001110,PLACE_000027,RECOGNIZED_BY,ORG_000012,EVD_000439,1.00,,,{},approved
EDGE_001111,PLACE_000027,MANAGED_BY,ORG_000013,EVD_000439,0.95,,,{},approved
EDGE_001112,PLACE_000029,HAS_ADDRESS,ADDRESS_000027,EVD_000442|EVD_000443|EVD_000444,0.98,,,{},approved
EDGE_001113,PLACE_000029,LOCATED_IN,ADMIN_000012,EVD_000442,1.00,,,{},approved
EDGE_001114,PLACE_000029,LOCATED_IN,ADMIN_000002,EVD_000442|EVD_000444,1.00,,,{},approved
EDGE_001115,PLACE_000029,LOCATED_IN,LOCATION_000032,EVD_000444,1.00,,,{},approved
EDGE_001116,PLACE_000029,HAS_CATEGORY,CATEGORY_000006,EVD_000455,1.00,,,{},approved
EDGE_001117,PLACE_000029,HAS_CATEGORY,CATEGORY_000008,EVD_000455,1.00,,,{},approved
EDGE_001118,PLACE_000029,RENOVATED_IN,TIME_000114,EVD_000445,0.95,,,{},approved
EDGE_001119,PLACE_000029,RENOVATED_BY,PERSON_000064,EVD_000445,0.90,,,{},approved
EDGE_001120,PLACE_000029,ASSOCIATED_WITH_DYNASTY,DYNASTY_000004,EVD_000445,1.00,,,{},approved
EDGE_001121,PLACE_000029,RENOVATED_IN,TIME_000115,EVD_000446,1.00,,,{},approved
EDGE_001122,PLACE_000029,RENOVATED_BY,PERSON_000065,EVD_000446,1.00,,,{},approved
EDGE_001123,PLACE_000029,HAS_COMPONENT,ARCH_000225,EVD_000447,1.00,,,{},approved
EDGE_001124,PLACE_000029,HAS_COMPONENT,ARCH_000226,EVD_000447,1.00,,,{},approved
EDGE_001125,PLACE_000029,HAS_COMPONENT,ARCH_000227,EVD_000448,1.00,,,{},approved
EDGE_001126,PLACE_000029,HAS_COMPONENT,ARCH_000228,EVD_000447,1.00,,,{},approved
EDGE_001127,PLACE_000029,HAS_COMPONENT,ARCH_000229,EVD_000447,1.00,,,{},approved
EDGE_001128,PLACE_000029,HAS_COMPONENT,ARCH_000230,EVD_000447,1.00,,,{},approved
EDGE_001129,PLACE_000029,HAS_COMPONENT,ARCH_000231,EVD_000447,1.00,,,{},approved
EDGE_001130,PLACE_000029,HAS_COMPONENT,ARCH_000232,EVD_000447,1.00,,,{},approved
EDGE_001131,PLACE_000029,HAS_COMPONENT,ARCH_000233,EVD_000447,1.00,,,{},approved
EDGE_001132,ARCH_000227,BUILT_WITH,MATERIAL_000009,EVD_000448,1.00,,,{},approved
EDGE_001133,PLACE_000029,HAS_ARCHITECTURAL_STYLE,ASTYLE_000015,EVD_000449,1.00,,,{},approved
EDGE_001134,ARCH_000229,HAS_ARCHITECTURAL_STYLE,ASTYLE_000015,EVD_000449,1.00,,,{},approved
EDGE_001135,ARCH_000230,HAS_ARCHITECTURAL_STYLE,ASTYLE_000015,EVD_000449,1.00,,,{},approved
EDGE_001136,ARCH_000231,HAS_ARCHITECTURAL_STYLE,ASTYLE_000015,EVD_000449,1.00,,,{},approved
EDGE_001137,PLACE_000029,HAS_COMPONENT,HOBJ_000092,EVD_000451,1.00,,,{},approved
EDGE_001138,PLACE_000029,HAS_COMPONENT,HOBJ_000093,EVD_000450,1.00,,,{},approved
EDGE_001139,PLACE_000029,HAS_COMPONENT,HOBJ_000094,EVD_000450,1.00,,,{},approved
EDGE_001140,PLACE_000029,HAS_COMPONENT,HOBJ_000095,EVD_000450,1.00,,,{},approved
EDGE_001141,PLACE_000029,HAS_COMPONENT,HOBJ_000096,EVD_000450,1.00,,,{},approved
EDGE_001142,HOBJ_000092,BUILT_WITH,MATERIAL_000013,EVD_000450,0.95,,,{},approved
EDGE_001143,HOBJ_000092,ASSOCIATED_WITH_DYNASTY,DYNASTY_000007,EVD_000452,1.00,,,{},approved
EDGE_001144,HOBJ_000093,ASSOCIATED_WITH_DYNASTY,DYNASTY_000007,EVD_000452,1.00,,,{},approved
EDGE_001145,HOBJ_000092,ASSOCIATED_WITH_PERIOD,HPERIOD_000003,EVD_000452,1.00,,,{},approved
EDGE_001146,HOBJ_000093,ASSOCIATED_WITH_PERIOD,HPERIOD_000003,EVD_000450|EVD_000452,1.00,,,{},approved
EDGE_001147,HOBJ_000092,RECOGNIZED_AS,HSTATUS_000004,EVD_000451|EVD_000452,1.00,,,{},approved
EDGE_001148,HOBJ_000092,RECOGNIZED_IN,TIME_000116,EVD_000451,1.00,,,{},approved
EDGE_001149,HOBJ_000092,RECOGNIZED_BY,ORG_000012,EVD_000451,1.00,,,{},approved
EDGE_001150,PLACE_000029,RECOGNIZED_AS,HSTATUS_000003,EVD_000453,1.00,,,{},approved
EDGE_001151,PLACE_000029,RECOGNIZED_IN,TIME_000112,EVD_000453,1.00,,,{},approved
EDGE_001152,PLACE_000029,RECOGNIZED_BY,ORG_000012,EVD_000453,1.00,,,{},approved
EDGE_001153,PLACE_000029,HAS_EVENT,EVENT_000058,EVD_000454,1.00,,,{},approved
EDGE_001154,EVENT_000058,OCCURRED_IN,TIME_000117,EVD_000454,1.00,,,{},approved
EDGE_001155,PLACE_000029,HAS_ACTIVITY,ACTIVITY_000038,EVD_000454,1.00,,,{},approved
EDGE_001156,PLACE_000029,HAS_ACTIVITY,ACTIVITY_000039,EVD_000454,1.00,,,{},approved
EDGE_001157,PLACE_000030,HAS_ADDRESS,ADDRESS_000028,EVD_000456|EVD_000457,1.00,,,{},approved
EDGE_001158,PLACE_000030,LOCATED_IN,ADMIN_000013,EVD_000456|EVD_000457,1.00,,,{},approved
EDGE_001159,PLACE_000030,LOCATED_IN,ADMIN_000002,EVD_000456|EVD_000466,1.00,,,{},approved
EDGE_001160,PLACE_000030,LOCATED_IN,LOCATION_000033,EVD_000458,1.00,,,{},approved
EDGE_001161,PLACE_000030,NEAR,LOCATION_000034,EVD_000458|EVD_000463,1.00,,,{},approved
EDGE_001162,PLACE_000030,HAS_CATEGORY,CATEGORY_000001,EVD_000459|EVD_000466,1.00,,,{},approved
EDGE_001163,PLACE_000030,HAS_CATEGORY,CATEGORY_000007,EVD_000459|EVD_000466,1.00,,,{},approved
EDGE_001164,PLACE_000030,HAS_CATEGORY,CATEGORY_000006,EVD_000460,1.00,,,{},approved
EDGE_001165,PLACE_000030,BUILT_IN,TIME_000118,EVD_000461,0.95,,,{},approved
EDGE_001166,PLACE_000030,ASSOCIATED_WITH_PERSON,PERSON_000003,EVD_000461,1.00,,,{},approved
EDGE_001167,PLACE_000030,ASSOCIATED_WITH_DYNASTY,DYNASTY_000003,EVD_000461,1.00,,,{},approved
EDGE_001168,PLACE_000030,RENOVATED_IN,TIME_000119,EVD_000462,1.00,,,{},approved
EDGE_001169,PLACE_000030,RENOVATED_BY,PERSON_000067,EVD_000462,1.00,,,{},approved
EDGE_001170,PLACE_000030,ASSOCIATED_WITH_DYNASTY,DYNASTY_000005,EVD_000462,1.00,,,{},approved
EDGE_001171,PLACE_000030,HAS_COMPONENT,ARCH_000234,EVD_000463,1.00,,,{},approved
EDGE_001172,PLACE_000030,HAS_COMPONENT,ARCH_000235,EVD_000463,1.00,,,{},approved
EDGE_001173,PLACE_000030,HAS_COMPONENT,PLACE_000031,EVD_000463,1.00,,,{},approved
EDGE_001174,PLACE_000030,HAS_COMPONENT,ARCH_000236,EVD_000463,1.00,,,{},approved
EDGE_001175,PLACE_000030,HAS_COMPONENT,ARCH_000237,EVD_000463,1.00,,,{},approved
EDGE_001176,PLACE_000030,HAS_COMPONENT,PLACE_000032,EVD_000463,1.00,,,{},approved
EDGE_001177,PLACE_000030,HAS_COMPONENT,PLACE_000033,EVD_000463,1.00,,,{},approved
EDGE_001178,PLACE_000030,HAS_COMPONENT,ARCH_000238,EVD_000464,1.00,,,{},approved
EDGE_001179,PLACE_000030,HAS_COMPONENT,PLACE_000034,EVD_000464,1.00,,,{},approved
EDGE_001180,PLACE_000030,HAS_COMPONENT,ARCH_000239,EVD_000464,1.00,,,{},approved
EDGE_001181,PLACE_000030,HAS_COMPONENT,PLACE_000035,EVD_000464,1.00,,,{},approved
EDGE_001182,PLACE_000030,HAS_COMPONENT,ARCH_000240,EVD_000464,1.00,,,{},approved
EDGE_001183,PLACE_000030,HAS_COMPONENT,ARCH_000241,EVD_000464,1.00,,,{},approved
EDGE_001184,PLACE_000032,LOCATED_IN,LOCATION_000033,EVD_000458,1.00,,,{},approved
EDGE_001185,ARCH_000235,LOCATED_IN,LOCATION_000033,EVD_000461|EVD_000463,1.00,,,{},approved
EDGE_001186,PLACE_000030,HONORS,PERSON_000066,EVD_000465,0.95,,,{},approved
EDGE_001187,PLACE_000032,HONORS,PERSON_000066,EVD_000465,0.95,,,{},approved
EDGE_001188,PLACE_000030,RECOGNIZED_AS,HSTATUS_000003,EVD_000466,1.00,,,{},approved
EDGE_001189,PLACE_000030,RECOGNIZED_IN,TIME_000120,EVD_000466,1.00,,,{},approved
EDGE_001190,PLACE_000030,RECOGNIZED_BY,ORG_000012,EVD_000466,1.00,,,{},approved
EDGE_001191,PLACE_000030,MANAGED_BY,ORG_000004,EVD_000467,0.95,,,{},approved
EDGE_001192,PLACE_000030,MANAGED_BY,ORG_000014,EVD_000467|EVD_000457,0.95,,,{},approved
EDGE_001193,PLACE_000030,HAS_EVENT,EVENT_000059,EVD_000469,1.00,,,{},approved
EDGE_001194,EVENT_000059,OCCURRED_IN,TIME_000122,EVD_000469,1.00,,,{},approved
EDGE_001195,PLACE_000030,HAS_ACTIVITY,ACTIVITY_000040,EVD_000468|EVD_000469,1.00,,,{},approved
EDGE_001196,PLACE_000030,HAS_ACTIVITY,ACTIVITY_000041,EVD_000460|EVD_000468,1.00,,,{},approved
EDGE_001197,PLACE_000030,HAS_ACTIVITY,ACTIVITY_000038,EVD_000468|EVD_000469,1.00,,,{},approved
EDGE_001198,PLACE_000030,HAS_ACTIVITY,ACTIVITY_000042,EVD_000458|EVD_000468,1.00,,,{},approved
EDGE_001199,PLACE_000030,HAS_EVENT,EVENT_000060,EVD_000470,1.00,,,{},approved
EDGE_001200,EVENT_000060,OCCURRED_IN,TIME_000121,EVD_000470,1.00,,,{},approved
EDGE_001201,EVENT_000060,INVOLVED_PERSON,PERSON_000024,EVD_000470,1.00,,,{},approved
EDGE_001202,PLACE_000030,ASSOCIATED_WITH_PERSON,PERSON_000024,EVD_000470,1.00,,,{},approved
EDGE_001203,PLACE_000036,HAS_ADDRESS,ADDRESS_000029,EVD_000471,1.00,,,{},approved
EDGE_001204,PLACE_000036,LOCATED_IN,ADMIN_000014,EVD_000471,1.00,,,{},approved
EDGE_001205,PLACE_000036,LOCATED_IN,ADMIN_000002,EVD_000471,1.00,,,{},approved
EDGE_001206,PLACE_000036,NEAR,PLACE_000006,EVD_000474|EVD_000476,1.00,,,{},approved
EDGE_001207,PLACE_000036,NEAR,LOCATION_000035,EVD_000476|EVD_000477,1.00,,,{},approved
EDGE_001208,PLACE_000036,HAS_CATEGORY,CATEGORY_000001,EVD_000485|EVD_000487,1.00,,,{},approved
EDGE_001209,PLACE_000036,HAS_CATEGORY,CATEGORY_000006,EVD_000472,1.00,,,{},approved
EDGE_001210,PLACE_000036,HAS_EVENT,EVENT_000010,EVD_000474|EVD_000476,1.00,,,{},approved
EDGE_001211,EVENT_000010,OCCURRED_IN,TIME_000023,EVD_000474,1.00,,,{},approved
EDGE_001212,PLACE_000036,ASSOCIATED_WITH_PERSON,PERSON_000019,EVD_000472|EVD_000481,1.00,,,{},approved
EDGE_001213,PLACE_000036,ASSOCIATED_WITH_DYNASTY,DYNASTY_000007,EVD_000476|EVD_000475,1.00,,,{},approved
EDGE_001214,PLACE_000036,ASSOCIATED_WITH_DYNASTY,DYNASTY_000008,EVD_000472|EVD_000476,1.00,,,{},approved
EDGE_001215,PLACE_000036,ASSOCIATED_WITH_DYNASTY,DYNASTY_000005,EVD_000473,0.95,,,{},approved
EDGE_001216,PLACE_000036,RENOVATED_IN,TIME_000123,EVD_000473,1.00,,,{},approved
EDGE_001217,PLACE_000036,RENOVATED_IN,TIME_000124,EVD_000474|EVD_000475,1.00,,,{},approved
EDGE_001218,PLACE_000036,RENOVATED_BY,PERSON_000068,EVD_000475,1.00,,,{},approved
EDGE_001219,PLACE_000036,RENOVATED_BY,PERSON_000069,EVD_000475,1.00,,,{},approved
EDGE_001220,PLACE_000036,HAS_COMPONENT,ARCH_000242,EVD_000477,1.00,,,{},approved
EDGE_001221,PLACE_000036,HAS_COMPONENT,ARCH_000243,EVD_000477,1.00,,,{},approved
EDGE_001222,PLACE_000036,HAS_COMPONENT,ARCH_000244,EVD_000477|EVD_000478,1.00,,,{},approved
EDGE_001223,PLACE_000036,HAS_COMPONENT,ARCH_000245,EVD_000477|EVD_000478,1.00,,,{},approved
EDGE_001224,PLACE_000036,HAS_COMPONENT,ARCH_000246,EVD_000477|EVD_000479,1.00,,,{},approved
EDGE_001225,PLACE_000036,HAS_COMPONENT,ARCH_000247,EVD_000477|EVD_000478,1.00,,,{},approved
EDGE_001226,ARCH_000247,HAS_COMPONENT,ARCH_000248,EVD_000478,1.00,,,{},approved
EDGE_001227,ARCH_000247,HAS_COMPONENT,ARCH_000249,EVD_000478,1.00,,,{},approved
EDGE_001228,PLACE_000036,HAS_COMPONENT,ARCH_000250,EVD_000477|EVD_000476,1.00,,,{},approved
EDGE_001229,PLACE_000036,HAS_COMPONENT,ARCH_000251,EVD_000477,1.00,,,{},approved
EDGE_001230,PLACE_000036,HAS_COMPONENT,ARCH_000252,EVD_000477|EVD_000487,1.00,,,{},approved
EDGE_001231,PLACE_000036,HAS_COMPONENT,HOBJ_000097,EVD_000480|EVD_000481,1.00,,,{},approved
EDGE_001232,PLACE_000036,HAS_COMPONENT,HOBJ_000098,EVD_000480,1.00,,,{},approved
EDGE_001233,PLACE_000036,HAS_COMPONENT,HOBJ_000099,EVD_000473|EVD_000480,1.00,,,{},approved
EDGE_001234,PLACE_000036,HAS_COMPONENT,HOBJ_000100,EVD_000473|EVD_000480,1.00,,,{},approved
EDGE_001235,PLACE_000036,HAS_COMPONENT,HOBJ_000101,EVD_000475|EVD_000480,1.00,,,{},approved
EDGE_001236,ARCH_000243,RENOVATED_IN,TIME_000017,EVD_000479,1.00,,,{},approved
EDGE_001237,ARCH_000246,RENOVATED_IN,TIME_000126,EVD_000479,1.00,,,{},approved
EDGE_001238,PLACE_000036,HAS_ARCHITECTURAL_STYLE,ASTYLE_000006,EVD_000477|EVD_000478,0.95,,,{},approved
EDGE_001239,PLACE_000036,HONORS,PERSON_000019,EVD_000472|EVD_000481,1.00,,,{},approved
EDGE_001240,HOBJ_000097,ASSOCIATED_WITH_PERSON,PERSON_000019,EVD_000481|EVD_000482,0.95,,,{},approved
EDGE_001241,HOBJ_000097,ASSOCIATED_WITH_DYNASTY,DYNASTY_000007,EVD_000481,0.95,,,{},approved
EDGE_001242,ARCH_000250,HONORS,PERSON_000021,EVD_000476,1.00,,,{},approved
EDGE_001243,PLACE_000036,HAS_EVENT,EVENT_000061,EVD_000482,1.00,,,{},approved
EDGE_001244,EVENT_000061,OCCURRED_IN,TIME_000125,EVD_000482,1.00,,,{},approved
EDGE_001245,PLACE_000036,HAS_EVENT,EVENT_000011,EVD_000483|EVD_000484,1.00,,,{},approved
EDGE_001246,EVENT_000011,OCCURRED_IN,TIME_000024,EVD_000483|EVD_000484,1.00,,,{},approved
EDGE_001247,PLACE_000036,HAS_ACTIVITY,ACTIVITY_000043,EVD_000487|EVD_000483,1.00,,,{},approved
EDGE_001248,PLACE_000036,HAS_ACTIVITY,ACTIVITY_000044,EVD_000484,1.00,,,{},approved
EDGE_001249,PLACE_000036,RECOGNIZED_AS,HSTATUS_000005,EVD_000485|EVD_000486,1.00,,,{},approved
EDGE_001250,PLACE_000036,RECOGNIZED_IN,TIME_000059,EVD_000485|EVD_000486,1.00,,,{},approved
EDGE_001251,PLACE_000036,RECOGNIZED_BY,ORG_000015,EVD_000486,1.00,,,{},approved
EDGE_001252,PLACE_000037,HAS_ADDRESS,ADDRESS_000030,EVD_000488,1.00,,,{},approved
EDGE_001253,PLACE_000037,LOCATED_IN,ADMIN_000015,EVD_000488,1.00,,,{},approved
EDGE_001254,PLACE_000037,LOCATED_IN,ADMIN_000002,EVD_000488,1.00,,,{},approved
EDGE_001255,PLACE_000037,HAS_CATEGORY,CATEGORY_000001,EVD_000499|EVD_000500,1.00,,,{},approved
EDGE_001256,PLACE_000037,HAS_CATEGORY,CATEGORY_000006,EVD_000489|EVD_000506,1.00,,,{},approved
EDGE_001257,PLACE_000037,HAS_MEASUREMENT,VALUE_000065,EVD_000490,1.00,,,"{""measurement_kind"":""area""}",approved
EDGE_001258,PLACE_000037,BUILT_IN,TIME_000127,EVD_000489,1.00,,,{},approved
EDGE_001259,PLACE_000037,BUILT_BY,PERSON_000060,EVD_000489,0.95,,,{},approved
EDGE_001260,PLACE_000037,HONORS,PERSON_000061,EVD_000489|EVD_000505,1.00,,,{},approved
EDGE_001261,PLACE_000037,HONORS,PERSON_000062,EVD_000489|EVD_000501,1.00,,,{},approved
EDGE_001262,PLACE_000037,ASSOCIATED_WITH_PERSON,PERSON_000061,EVD_000489|EVD_000505,1.00,,,{},approved
EDGE_001263,PLACE_000037,ASSOCIATED_WITH_PERSON,PERSON_000062,EVD_000489|EVD_000498,1.00,,,{},approved
EDGE_001264,PLACE_000037,ASSOCIATED_WITH_DYNASTY,DYNASTY_000001,EVD_000489,1.00,,,{},approved
EDGE_001265,PLACE_000037,RENOVATED_IN,TIME_000128,EVD_000491,1.00,,,{},approved
EDGE_001266,PLACE_000037,ASSOCIATED_WITH_DYNASTY,DYNASTY_000005,EVD_000494|EVD_000496|EVD_000497,1.00,,,{},approved
EDGE_001267,PLACE_000037,HAS_COMPONENT,ARCH_000253,EVD_000492|EVD_000494,1.00,,,{},approved
EDGE_001268,PLACE_000037,HAS_COMPONENT,ARCH_000254,EVD_000492,1.00,,,{},approved
EDGE_001269,PLACE_000037,HAS_COMPONENT,ARCH_000255,EVD_000492,1.00,,,{},approved
EDGE_001270,PLACE_000037,HAS_COMPONENT,ARCH_000256,EVD_000492|EVD_000495,1.00,,,{},approved
EDGE_001271,PLACE_000037,HAS_COMPONENT,ARCH_000257,EVD_000492,1.00,,,{},approved
EDGE_001272,PLACE_000037,HAS_COMPONENT,ARCH_000258,EVD_000492,1.00,,,{},approved
EDGE_001273,PLACE_000037,HAS_COMPONENT,ARCH_000259,EVD_000492|EVD_000493,1.00,,,{},approved
EDGE_001274,PLACE_000037,HAS_COMPONENT,ARCH_000260,EVD_000493,1.00,,,{},approved
EDGE_001275,PLACE_000037,HAS_COMPONENT,ARCH_000261,EVD_000493,1.00,,,{},approved
EDGE_001276,PLACE_000037,HAS_COMPONENT,ARCH_000262,EVD_000493,1.00,,,{},approved
EDGE_001277,PLACE_000037,HAS_COMPONENT,HOBJ_000102,EVD_000498,1.00,,,{},approved
EDGE_001278,PLACE_000037,HAS_COMPONENT,HOBJ_000103,EVD_000498,1.00,,,{},approved
EDGE_001279,PLACE_000037,HAS_COMPONENT,HOBJ_000104,EVD_000496,1.00,,,{},approved
EDGE_001280,PLACE_000037,HAS_COMPONENT,HOBJ_000105,EVD_000496,1.00,,,{},approved
EDGE_001281,PLACE_000037,HAS_COMPONENT,HOBJ_000106,EVD_000496,1.00,,,{},approved
EDGE_001282,PLACE_000037,HAS_COMPONENT,HOBJ_000107,EVD_000497,1.00,,,{},approved
EDGE_001283,PLACE_000037,HAS_COMPONENT,HOBJ_000108,EVD_000497,1.00,,,{},approved
EDGE_001284,HOBJ_000102,ASSOCIATED_WITH_PERSON,PERSON_000061,EVD_000498,1.00,,,{},approved
EDGE_001285,HOBJ_000103,ASSOCIATED_WITH_PERSON,PERSON_000062,EVD_000498,1.00,,,{},approved
EDGE_001286,HOBJ_000107,ASSOCIATED_WITH_DYNASTY,DYNASTY_000005,EVD_000497,1.00,,,{},approved
EDGE_001287,HOBJ_000107,ASSOCIATED_WITH_DYNASTY,DYNASTY_000007,EVD_000497,1.00,,,{},approved
EDGE_001288,HOBJ_000107,ASSOCIATED_WITH_DYNASTY,DYNASTY_000006,EVD_000497,1.00,,,{},approved
EDGE_001289,PLACE_000037,HAS_ARCHITECTURAL_STYLE,ASTYLE_000006,EVD_000492|EVD_000494,1.00,,,{},approved
EDGE_001290,PLACE_000037,HAS_ARCHITECTURAL_STYLE,ASTYLE_000014,EVD_000489|EVD_000506,1.00,,,{},approved
EDGE_001291,PLACE_000037,RECOGNIZED_AS,HSTATUS_000005,EVD_000499|EVD_000500,1.00,,,{},approved
EDGE_001292,PLACE_000037,RECOGNIZED_IN,TIME_000129,EVD_000500,1.00,,,{},approved
EDGE_001293,PLACE_000037,RECOGNIZED_BY,ORG_000015,EVD_000499,1.00,,,{},approved
EDGE_001294,PLACE_000037,HAS_EVENT,EVENT_000062,EVD_000501|EVD_000503|EVD_000504,1.00,,,{},approved
EDGE_001295,EVENT_000062,OCCURRED_IN,TIME_000130,EVD_000501|EVD_000504,1.00,,,{},approved
EDGE_001296,EVENT_000062,INVOLVED_PERSON,PERSON_000061,EVD_000501|EVD_000505,1.00,,,{},approved
EDGE_001297,EVENT_000062,INVOLVED_PERSON,PERSON_000062,EVD_000501,1.00,,,{},approved
EDGE_001298,PLACE_000037,HAS_ACTIVITY,ACTIVITY_000011,EVD_000501|EVD_000503,1.00,,,{},approved
EDGE_001299,PLACE_000037,HAS_ACTIVITY,ACTIVITY_000010,EVD_000506,1.00,,,{},approved
EDGE_001300,PLACE_000037,HAS_ACTIVITY,ACTIVITY_000045,EVD_000502|EVD_000503,1.00,,,{},approved
