question_id,question_key,primary_place_id,graph_id,subject_node_id,question,answers_json,answer_node_ids_json,acceptable_answers_json,question_entity_ids_json,question_type,answer_type,hop_count,relation_path_json,reasoning_edge_ids_json,evidence_ids_json,source_ids_json,template_id,fact_group_id,generation_method,difficulty,review_status,review_note
HNQ_LS_PLACE_000001_ARCHSITE_000001_HAS_COMPONENT,HNQ_LS_PLACE_000001_ARCHSITE_000001_HAS_COMPONENT,PLACE_000001,PLACE_000001,ARCHSITE_000001,"Theo dữ liệu HanoiQA, Khu khảo cổ 18 Hoàng Diệu có những hạng mục nào?","[""Nhóm di vật thời Đại La tại 18 Hoàng Diệu"",""Nhóm di vật thời Lý – Trần tại 18 Hoàng Diệu"",""Nhóm di vật thời Lê tại 18 Hoàng Diệu""]","[""HOBJ_000002"",""HOBJ_000003"",""HOBJ_000004""]","[[""Nhóm di vật thời Đại La tại 18 Hoàng Diệu"",""Di vật Tiền Thăng Long""],[""Nhóm di vật thời Lý – Trần tại 18 Hoàng Diệu"",""Di vật Lý – Trần""],[""Nhóm di vật thời Lê tại 18 Hoàng Diệu"",""Di vật thời Lê""]]","[""ARCHSITE_000001""]",list,HeritageObject,1,"[""HAS_COMPONENT""]","[""EDGE_000054"",""EDGE_000055"",""EDGE_000056""]","[""EVD_000014"",""EVD_000015"",""EVD_000016""]","[""SRC_000009"",""SRC_000010"",""SRC_000011""]",T_LS_HAS_COMPONENT,FACT_HNQ_LS_PLACE_000001_ARCHSITE_000001_HAS_COMPONENT,template,easy,approved,
HNQ_LS_PLACE_000001_ARCHSITE_000001_HAS_CULTURAL_LAYER,HNQ_LS_PLACE_000001_ARCHSITE_000001_HAS_CULTURAL_LAYER,PLACE_000001,PLACE_000001,ARCHSITE_000001,Những lớp văn hóa nào được ghi nhận tại Khu khảo cổ 18 Hoàng Diệu?,"[""Nhà Lý"",""Nhà Trần"",""Nhà Lê sơ"",""Nhà Lê Trung hưng"",""Thời Tiền Thăng Long – Đại La""]","[""DYNASTY_000001"",""DYNASTY_000002"",""DYNASTY_000003"",""DYNASTY_000005"",""HPERIOD_000001""]","[[""Nhà Lý"",""Triều Lý""],[""Nhà Trần"",""Triều Trần""],[""Nhà Lê sơ"",""Triều Lê sơ"",""Nhà Hậu Lê""],[""Nhà Lê Trung hưng"",""Triều Lê Trung hưng""],[""Thời Tiền Thăng Long – Đại La"",""Thời Đại La"",""Thời An Nam đô hộ phủ""]]","[""ARCHSITE_000001""]",list,Dynasty|HistoricalPeriod,1,"[""HAS_CULTURAL_LAYER""]","[""EDGE_000050"",""EDGE_000051"",""EDGE_000052"",""EDGE_000053"",""EDGE_000049""]","[""EVD_000015"",""EVD_000016"",""EVD_000014""]","[""SRC_000009"",""SRC_000010"",""SRC_000011""]",T_LS_HAS_CULTURAL_LAYER,FACT_HNQ_LS_PLACE_000001_ARCHSITE_000001_HAS_CULTURAL_LAYER,template,easy,approved,
HNQ_LS_PLACE_000001_ARCH_000004_ASSOCIATED_WITH_DYNASTY,HNQ_LS_PLACE_000001_ARCH_000004_ASSOCIATED_WITH_DYNASTY,PLACE_000001,PLACE_000001,ARCH_000004,Điện Kính Thiên được ghi nhận là gắn với những triều đại nào?,"[""Nhà Lê sơ"",""Nhà Lê Trung hưng""]","[""DYNASTY_000003"",""DYNASTY_000005""]","[[""Nhà Lê sơ"",""Triều Lê sơ"",""Nhà Hậu Lê""],[""Nhà Lê Trung hưng"",""Triều Lê Trung hưng""]]","[""ARCH_000004""]",list,Dynasty,1,"[""ASSOCIATED_WITH_DYNASTY""]","[""EDGE_000065"",""EDGE_000066""]","[""EVD_000009"",""EVD_000010""]","[""SRC_000006""]",T_LS_ASSOCIATED_WITH_DYNASTY,FACT_HNQ_LS_PLACE_000001_ARCH_000004_ASSOCIATED_WITH_DYNASTY,template,easy,approved,
HNQ_LS_PLACE_000001_ARCH_000004_USED_FOR,HNQ_LS_PLACE_000001_ARCH_000004_USED_FOR,PLACE_000001,PLACE_000001,ARCH_000004,Điện Kính Thiên được ghi nhận là được sử dụng cho những mục đích nào?,"[""Thiết triều"",""Cử hành nghi lễ quốc gia"",""Đón tiếp sứ thần""]","[""ACTIVITY_000001"",""ACTIVITY_000002"",""ACTIVITY_000003""]","[[""Thiết triều"",""Thiết đại triều""],[""Cử hành nghi lễ quốc gia"",""Nghi lễ triều đình""],[""Đón tiếp sứ thần"",""Tiếp sứ thần""]]","[""ARCH_000004""]",list,Activity,1,"[""USED_FOR""]","[""EDGE_000069"",""EDGE_000070"",""EDGE_000071""]","[""EVD_000008"",""EVD_000010""]","[""SRC_000006""]",T_LS_USED_FOR,FACT_HNQ_LS_PLACE_000001_ARCH_000004_USED_FOR,template,easy,approved,
HNQ_LS_PLACE_000001_ARCH_000005_ASSOCIATED_WITH_PERSON,HNQ_LS_PLACE_000001_ARCH_000005_ASSOCIATED_WITH_PERSON,PLACE_000001,PLACE_000001,ARCH_000005,Những nhân vật nào được ghi nhận là có liên hệ với Nhà D67?,"[""Võ Nguyên Giáp"",""Văn Tiến Dũng""]","[""PERSON_000006"",""PERSON_000007""]","[[""Võ Nguyên Giáp"",""Đại tướng Võ Nguyên Giáp""],[""Văn Tiến Dũng"",""Đại tướng Văn Tiến Dũng""]]","[""ARCH_000005""]",list,Person,1,"[""ASSOCIATED_WITH_PERSON""]","[""EDGE_000105"",""EDGE_000106""]","[""EVD_000018""]","[""SRC_000012""]",T_LS_ASSOCIATED_WITH_PERSON,FACT_HNQ_LS_PLACE_000001_ARCH_000005_ASSOCIATED_WITH_PERSON,template,easy,approved,
HNQ_LS_PLACE_000001_HOBJ_000003_ASSOCIATED_WITH_DYNASTY,HNQ_LS_PLACE_000001_HOBJ_000003_ASSOCIATED_WITH_DYNASTY,PLACE_000001,PLACE_000001,HOBJ_000003,Nhóm di vật thời Lý – Trần tại 18 Hoàng Diệu được ghi nhận là gắn với những triều đại nào?,"[""Nhà Lý"",""Nhà Trần""]","[""DYNASTY_000001"",""DYNASTY_000002""]","[[""Nhà Lý"",""Triều Lý""],[""Nhà Trần"",""Triều Trần""]]","[""HOBJ_000003""]",list,Dynasty,1,"[""ASSOCIATED_WITH_DYNASTY""]","[""EDGE_000058"",""EDGE_000059""]","[""EVD_000015""]","[""SRC_000010""]",T_LS_ASSOCIATED_WITH_DYNASTY,FACT_HNQ_LS_PLACE_000001_HOBJ_000003_ASSOCIATED_WITH_DYNASTY,template,easy,approved,
HNQ_LS_PLACE_000001_HOBJ_000004_ASSOCIATED_WITH_DYNASTY,HNQ_LS_PLACE_000001_HOBJ_000004_ASSOCIATED_WITH_DYNASTY,PLACE_000001,PLACE_000001,HOBJ_000004,Nhóm di vật thời Lê tại 18 Hoàng Diệu được ghi nhận là gắn với những triều đại nào?,"[""Nhà Lê sơ"",""Nhà Lê Trung hưng""]","[""DYNASTY_000003"",""DYNASTY_000005""]","[[""Nhà Lê sơ"",""Triều Lê sơ"",""Nhà Hậu Lê""],[""Nhà Lê Trung hưng"",""Triều Lê Trung hưng""]]","[""HOBJ_000004""]",list,Dynasty,1,"[""ASSOCIATED_WITH_DYNASTY""]","[""EDGE_000060"",""EDGE_000061""]","[""EVD_000016""]","[""SRC_000011""]",T_LS_ASSOCIATED_WITH_DYNASTY,FACT_HNQ_LS_PLACE_000001_HOBJ_000004_ASSOCIATED_WITH_DYNASTY,template,easy,approved,
HNQ_LS_PLACE_000001_PLACE_000001_ASSOCIATED_WITH_DYNASTY,HNQ_LS_PLACE_000001_PLACE_000001_ASSOCIATED_WITH_DYNASTY,PLACE_000001,PLACE_000001,PLACE_000001,Hoàng thành Thăng Long được ghi nhận là gắn với những triều đại nào?,"[""Nhà Lý"",""Nhà Trần"",""Nhà Lê sơ"",""Nhà Mạc"",""Nhà Lê Trung hưng"",""Nhà Nguyễn""]","[""DYNASTY_000001"",""DYNASTY_000002"",""DYNASTY_000003"",""DYNASTY_000004"",""DYNASTY_000005"",""DYNASTY_000006""]","[[""Nhà Lý"",""Triều Lý""],[""Nhà Trần"",""Triều Trần""],[""Nhà Lê sơ"",""Triều Lê sơ"",""Nhà Hậu Lê""],[""Nhà Mạc"",""Triều Mạc""],[""Nhà Lê Trung hưng"",""Triều Lê Trung hưng""],[""Nhà Nguyễn"",""Triều Nguyễn""]]","[""PLACE_000001""]",list,Dynasty,1,"[""ASSOCIATED_WITH_DYNASTY""]","[""EDGE_000032"",""EDGE_000033"",""EDGE_000034"",""EDGE_000035"",""EDGE_000036"",""EDGE_000037""]","[""EVD_000004"",""EVD_000005"",""EVD_000026""]","[""SRC_000004"",""SRC_000005"",""SRC_000018""]",T_LS_ASSOCIATED_WITH_DYNASTY,FACT_HNQ_LS_PLACE_000001_PLACE_000001_ASSOCIATED_WITH_DYNASTY,template,easy,approved,
HNQ_LS_PLACE_000001_PLACE_000001_HAS_ACTIVITY,HNQ_LS_PLACE_000001_PLACE_000001_HAS_ACTIVITY,PLACE_000001,PLACE_000001,PLACE_000001,"Theo dữ liệu HanoiQA, những hoạt động nào được ghi nhận tại Hoàng thành Thăng Long?","[""Tham quan khảo cổ"",""Xem trưng bày hiện vật"",""Tour đêm Giải mã Hoàng thành Thăng Long"",""Dâng hương tưởng niệm các bậc tiên đế""]","[""ACTIVITY_000004"",""ACTIVITY_000005"",""ACTIVITY_000006"",""ACTIVITY_000007""]","[[""Tham quan khảo cổ"",""Tìm hiểu khảo cổ""],[""Xem trưng bày hiện vật"",""Tham quan nhà trưng bày""],[""Tour đêm Giải mã Hoàng thành Thăng Long"",""Tour đêm Giải mã Hoàng thành""],[""Dâng hương tưởng niệm các bậc tiên đế"",""Dâng hương tại Điện Kính Thiên""]]","[""PLACE_000001""]",list,Activity,1,"[""HAS_ACTIVITY""]","[""EDGE_000113"",""EDGE_000114"",""EDGE_000115"",""EDGE_000116""]","[""EVD_000021"",""EVD_000022""]","[""SRC_000014"",""SRC_000015""]",T_LS_HAS_ACTIVITY,FACT_HNQ_LS_PLACE_000001_PLACE_000001_HAS_ACTIVITY,template,easy,approved,
HNQ_LS_PLACE_000001_PLACE_000001_HAS_CATEGORY,HNQ_LS_PLACE_000001_PLACE_000001_HAS_CATEGORY,PLACE_000001,PLACE_000001,PLACE_000001,"Theo dữ liệu HanoiQA, Hoàng thành Thăng Long thuộc những loại hình nào?","[""Di tích lịch sử"",""Di tích khảo cổ""]","[""CATEGORY_000001"",""CATEGORY_000002""]","[[""Di tích lịch sử"",""Di tích lịch sử – văn hóa""],[""Di tích khảo cổ"",""Điểm khảo cổ""]]","[""PLACE_000001""]",list,TourismCategory,1,"[""HAS_CATEGORY""]","[""EDGE_000004"",""EDGE_000005""]","[""EVD_000001"",""EVD_000005"",""EVD_000025""]","[""SRC_000001"",""SRC_000005"",""SRC_000018""]",T_LS_HAS_CATEGORY,FACT_HNQ_LS_PLACE_000001_PLACE_000001_HAS_CATEGORY,template,easy,approved,
HNQ_LS_PLACE_000001_PLACE_000001_HAS_COMPONENT,HNQ_LS_PLACE_000001_PLACE_000001_HAS_COMPONENT,PLACE_000001,PLACE_000001,PLACE_000001,"Theo dữ liệu HanoiQA, Hoàng thành Thăng Long có những hạng mục nào?","[""Khu khảo cổ 18 Hoàng Diệu"",""Đoan Môn"",""Bắc Môn"",""Hậu Lâu"",""Điện Kính Thiên"",""Nhà D67"",""Hầm D67"",""Cột cờ Hà Nội""]","[""ARCHSITE_000001"",""ARCH_000001"",""ARCH_000002"",""ARCH_000003"",""ARCH_000004"",""ARCH_000005"",""ARCH_000006"",""PLACE_000003""]","[[""Khu khảo cổ 18 Hoàng Diệu"",""Khu khảo cổ học 18 Hoàng Diệu"",""Di chỉ 18 Hoàng Diệu""],[""Đoan Môn"",""Cửa Đoan Môn""],[""Bắc Môn"",""Cửa Bắc"",""Cửa Bắc Môn""],[""Hậu Lâu"",""Lầu Công chúa"",""Tĩnh Bắc Lâu"",""Lầu Tĩnh Bắc""],[""Điện Kính Thiên"",""Nền điện Kính Thiên"",""Chính điện Kính Thiên""],[""Nhà D67"",""Phòng họp Bộ Chính trị và Quân ủy Trung ương""],[""Hầm D67"",""Hầm Quân ủy Trung ương""],[""Cột cờ Hà Nội"",""Kỳ đài Hà Nội""]]","[""PLACE_000001""]",list,ArchaeologicalSite|Architecture|Place,1,"[""HAS_COMPONENT""]","[""EDGE_000012"",""EDGE_000008"",""EDGE_000009"",""EDGE_000010"",""EDGE_000011"",""EDGE_000014"",""EDGE_000015"",""EDGE_000013""]","[""EVD_000002"",""EVD_000005"",""EVD_000025"",""EVD_000012"",""EVD_000024"",""EVD_000013"",""EVD_000008"",""EVD_000017"",""EVD_000023""]","[""SRC_000002"",""SRC_000005"",""SRC_000006"",""SRC_000007"",""SRC_000008"",""SRC_000012"",""SRC_000016"",""SRC_000017"",""SRC_000018""]",T_LS_HAS_COMPONENT,FACT_HNQ_LS_PLACE_000001_PLACE_000001_HAS_COMPONENT,template,easy,approved,
HNQ_LS_PLACE_000001_PLACE_000001_HAS_EVENT,HNQ_LS_PLACE_000001_PLACE_000001_HAS_EVENT,PLACE_000001,PLACE_000001,PLACE_000001,Những sự kiện nào được ghi nhận là gắn với Hoàng thành Thăng Long?,"[""Dời đô từ Hoa Lư ra thành Đại La năm 1010"",""Cuộc khai quật Hoàng thành tháng 12 năm 2002"",""UNESCO ghi danh Hoàng thành Thăng Long năm 2010""]","[""EVENT_000001"",""EVENT_000002"",""EVENT_000003""]","[[""Dời đô từ Hoa Lư ra thành Đại La năm 1010"",""Sự kiện dời đô năm 1010""],[""Cuộc khai quật Hoàng thành tháng 12 năm 2002"",""Cuộc khai quật Hoàng thành năm 2002""],[""UNESCO ghi danh Hoàng thành Thăng Long năm 2010"",""Sự kiện công nhận di sản năm 2010""]]","[""PLACE_000001""]",list,Event,1,"[""HAS_EVENT""]","[""EDGE_000021"",""EDGE_000024"",""EDGE_000026""]","[""EVD_000004"",""EVD_000025"",""EVD_000006""]","[""SRC_000004"",""SRC_000005"",""SRC_000018""]",T_LS_HAS_EVENT,FACT_HNQ_LS_PLACE_000001_PLACE_000001_HAS_EVENT,template,easy,approved,
HNQ_2H_PLACE_000001_T_2H_COMPONENT_BUILT_BY_DYNASTY_000006,HNQ_2H_PLACE_000001_T_2H_COMPONENT_BUILT_BY_DYNASTY_000006,PLACE_000001,PLACE_000001,PLACE_000001,Hạng mục nào của Hoàng thành Thăng Long được Nhà Nguyễn cho xây dựng?,"[""Cột cờ Hà Nội""]","[""PLACE_000003""]","[[""Cột cờ Hà Nội"",""Kỳ đài Hà Nội""]]","[""PLACE_000001"",""DYNASTY_000006""]",multi_hop,Place,2,"[""HAS_COMPONENT"",""BUILT_BY""]","[""EDGE_000013"",""EDGE_000096""]","[""EVD_000002"",""EVD_000023""]","[""SRC_000002"",""SRC_000016""]",T_2H_COMPONENT_BUILT_BY,FACT_HNQ_2H_PLACE_000001_T_2H_COMPONENT_BUILT_BY_DYNASTY_000006,template,medium,approved,
HNQ_2H_PLACE_000001_T_2H_COMPONENT_BUILT_BY_ORG_000003,HNQ_2H_PLACE_000001_T_2H_COMPONENT_BUILT_BY_ORG_000003,PLACE_000001,PLACE_000001,PLACE_000001,Hạng mục nào của Hoàng thành Thăng Long được Bộ Quốc phòng cho xây dựng?,"[""Nhà D67"",""Hầm D67""]","[""ARCH_000005"",""ARCH_000006""]","[[""Nhà D67"",""Phòng họp Bộ Chính trị và Quân ủy Trung ương""],[""Hầm D67"",""Hầm Quân ủy Trung ương""]]","[""PLACE_000001"",""ORG_000003""]",multi_hop,Architecture,2,"[""HAS_COMPONENT"",""BUILT_BY""]","[""EDGE_000014"",""EDGE_000101"",""EDGE_000015"",""EDGE_000109""]","[""EVD_000017""]","[""SRC_000012""]",T_2H_COMPONENT_BUILT_BY,FACT_HNQ_2H_PLACE_000001_T_2H_COMPONENT_BUILT_BY_ORG_000003,template,medium,approved,
HNQ_2H_PLACE_000001_T_2H_COMPONENT_BUILT_BY_PERSON_000002,HNQ_2H_PLACE_000001_T_2H_COMPONENT_BUILT_BY_PERSON_000002,PLACE_000001,PLACE_000001,PLACE_000001,Hạng mục nào của Hoàng thành Thăng Long được Lê Thái Tổ cho xây dựng?,"[""Điện Kính Thiên""]","[""ARCH_000004""]","[[""Điện Kính Thiên"",""Nền điện Kính Thiên"",""Chính điện Kính Thiên""]]","[""PLACE_000001"",""PERSON_000002""]",multi_hop,Architecture,2,"[""HAS_COMPONENT"",""BUILT_BY""]","[""EDGE_000011"",""EDGE_000064""]","[""EVD_000002"",""EVD_000008"",""EVD_000009""]","[""SRC_000002"",""SRC_000006""]",T_2H_COMPONENT_BUILT_BY,FACT_HNQ_2H_PLACE_000001_T_2H_COMPONENT_BUILT_BY_PERSON_000002,template,medium,approved,
HNQ_2H_PLACE_000001_T_2H_COMPONENT_BUILT_BY_PERSON_000005,HNQ_2H_PLACE_000001_T_2H_COMPONENT_BUILT_BY_PERSON_000005,PLACE_000001,PLACE_000001,PLACE_000001,Hạng mục nào của Hoàng thành Thăng Long được Minh Mạng cho xây dựng?,"[""Hậu Lâu""]","[""ARCH_000003""]","[[""Hậu Lâu"",""Lầu Công chúa"",""Tĩnh Bắc Lâu"",""Lầu Tĩnh Bắc""]]","[""PLACE_000001"",""PERSON_000005""]",multi_hop,Architecture,2,"[""HAS_COMPONENT"",""BUILT_BY""]","[""EDGE_000010"",""EDGE_000090""]","[""EVD_000002"",""EVD_000013""]","[""SRC_000002"",""SRC_000008""]",T_2H_COMPONENT_BUILT_BY,FACT_HNQ_2H_PLACE_000001_T_2H_COMPONENT_BUILT_BY_PERSON_000005,template,medium,approved,
HNQ_2H_PLACE_000001_T_2H_COMPONENT_BUILT_IN_TIME_000004,HNQ_2H_PLACE_000001_T_2H_COMPONENT_BUILT_IN_TIME_000004,PLACE_000001,PLACE_000001,PLACE_000001,Hạng mục nào của Hoàng thành Thăng Long được xây dựng vào Năm 1428?,"[""Điện Kính Thiên""]","[""ARCH_000004""]","[[""Điện Kính Thiên"",""Nền điện Kính Thiên"",""Chính điện Kính Thiên""]]","[""PLACE_000001"",""TIME_000004""]",multi_hop,Architecture,2,"[""HAS_COMPONENT"",""BUILT_IN""]","[""EDGE_000011"",""EDGE_000063""]","[""EVD_000002"",""EVD_000008"",""EVD_000009""]","[""SRC_000002"",""SRC_000006""]",T_2H_COMPONENT_BUILT_IN,FACT_HNQ_2H_PLACE_000001_T_2H_COMPONENT_BUILT_IN_TIME_000004,template,medium,approved,
HNQ_2H_PLACE_000001_T_2H_COMPONENT_BUILT_IN_TIME_000006,HNQ_2H_PLACE_000001_T_2H_COMPONENT_BUILT_IN_TIME_000006,PLACE_000001,PLACE_000001,PLACE_000001,Hạng mục nào của Hoàng thành Thăng Long được xây dựng vào Năm 1812?,"[""Cột cờ Hà Nội""]","[""PLACE_000003""]","[[""Cột cờ Hà Nội"",""Kỳ đài Hà Nội""]]","[""PLACE_000001"",""TIME_000006""]",multi_hop,Place,2,"[""HAS_COMPONENT"",""BUILT_IN""]","[""EDGE_000013"",""EDGE_000095""]","[""EVD_000002"",""EVD_000023""]","[""SRC_000002"",""SRC_000016""]",T_2H_COMPONENT_BUILT_IN,FACT_HNQ_2H_PLACE_000001_T_2H_COMPONENT_BUILT_IN_TIME_000006,template,medium,approved,
HNQ_2H_PLACE_000001_T_2H_COMPONENT_BUILT_IN_TIME_000007,HNQ_2H_PLACE_000001_T_2H_COMPONENT_BUILT_IN_TIME_000007,PLACE_000001,PLACE_000001,PLACE_000001,Hạng mục nào của Hoàng thành Thăng Long được xây dựng vào Tháng 10 năm 1821?,"[""Hậu Lâu""]","[""ARCH_000003""]","[[""Hậu Lâu"",""Lầu Công chúa"",""Tĩnh Bắc Lâu"",""Lầu Tĩnh Bắc""]]","[""PLACE_000001"",""TIME_000007""]",multi_hop,Architecture,2,"[""HAS_COMPONENT"",""BUILT_IN""]","[""EDGE_000010"",""EDGE_000089""]","[""EVD_000002"",""EVD_000013""]","[""SRC_000002"",""SRC_000008""]",T_2H_COMPONENT_BUILT_IN,FACT_HNQ_2H_PLACE_000001_T_2H_COMPONENT_BUILT_IN_TIME_000007,template,medium,approved,
HNQ_2H_PLACE_000001_T_2H_COMPONENT_BUILT_IN_TIME_000008,HNQ_2H_PLACE_000001_T_2H_COMPONENT_BUILT_IN_TIME_000008,PLACE_000001,PLACE_000001,PLACE_000001,Hạng mục nào của Hoàng thành Thăng Long được xây dựng vào Năm 1967?,"[""Nhà D67"",""Hầm D67""]","[""ARCH_000005"",""ARCH_000006""]","[[""Nhà D67"",""Phòng họp Bộ Chính trị và Quân ủy Trung ương""],[""Hầm D67"",""Hầm Quân ủy Trung ương""]]","[""PLACE_000001"",""TIME_000008""]",multi_hop,Architecture,2,"[""HAS_COMPONENT"",""BUILT_IN""]","[""EDGE_000014"",""EDGE_000100"",""EDGE_000015"",""EDGE_000108""]","[""EVD_000017""]","[""SRC_000012""]",T_2H_COMPONENT_BUILT_IN,FACT_HNQ_2H_PLACE_000001_T_2H_COMPONENT_BUILT_IN_TIME_000008,template,medium,approved,
HNQ_2H_PLACE_000001_T_2H_COMPONENT_BUILT_WITH_MATERIAL_000001,HNQ_2H_PLACE_000001_T_2H_COMPONENT_BUILT_WITH_MATERIAL_000001,PLACE_000001,PLACE_000001,PLACE_000001,Hạng mục nào của Hoàng thành Thăng Long được xây dựng bằng Gỗ?,"[""Điện Kính Thiên""]","[""ARCH_000004""]","[[""Điện Kính Thiên"",""Nền điện Kính Thiên"",""Chính điện Kính Thiên""]]","[""PLACE_000001"",""MATERIAL_000001""]",multi_hop,Architecture,2,"[""HAS_COMPONENT"",""BUILT_WITH""]","[""EDGE_000011"",""EDGE_000068""]","[""EVD_000002"",""EVD_000008"",""EVD_000011""]","[""SRC_000002"",""SRC_000006""]",T_2H_COMPONENT_BUILT_WITH,FACT_HNQ_2H_PLACE_000001_T_2H_COMPONENT_BUILT_WITH_MATERIAL_000001,template,medium,approved,
HNQ_2H_PLACE_000001_T_2H_COMPONENT_BUILT_WITH_MATERIAL_000003,HNQ_2H_PLACE_000001_T_2H_COMPONENT_BUILT_WITH_MATERIAL_000003,PLACE_000001,PLACE_000001,PLACE_000001,Hạng mục nào của Hoàng thành Thăng Long được xây dựng bằng Gạch?,"[""Hậu Lâu""]","[""ARCH_000003""]","[[""Hậu Lâu"",""Lầu Công chúa"",""Tĩnh Bắc Lâu"",""Lầu Tĩnh Bắc""]]","[""PLACE_000001"",""MATERIAL_000003""]",multi_hop,Architecture,2,"[""HAS_COMPONENT"",""BUILT_WITH""]","[""EDGE_000010"",""EDGE_000092""]","[""EVD_000002"",""EVD_000013""]","[""SRC_000002"",""SRC_000008""]",T_2H_COMPONENT_BUILT_WITH,FACT_HNQ_2H_PLACE_000001_T_2H_COMPONENT_BUILT_WITH_MATERIAL_000003,template,medium,approved,
HNQ_2H_PLACE_000001_T_2H_COMPONENT_STYLE_ASTYLE_000001,HNQ_2H_PLACE_000001_T_2H_COMPONENT_STYLE_ASTYLE_000001,PLACE_000001,PLACE_000001,PLACE_000001,Hạng mục nào của Hoàng thành Thăng Long mang phong cách Kiến trúc cung đình thời Lê?,"[""Đoan Môn"",""Điện Kính Thiên""]","[""ARCH_000001"",""ARCH_000004""]","[[""Đoan Môn"",""Cửa Đoan Môn""],[""Điện Kính Thiên"",""Nền điện Kính Thiên"",""Chính điện Kính Thiên""]]","[""PLACE_000001"",""ASTYLE_000001""]",multi_hop,Architecture,2,"[""HAS_COMPONENT"",""HAS_ARCHITECTURAL_STYLE""]","[""EDGE_000008"",""EDGE_000087"",""EDGE_000011"",""EDGE_000067""]","[""EVD_000002"",""EVD_000012"",""EVD_000008"",""EVD_000011""]","[""SRC_000002"",""SRC_000006"",""SRC_000007""]",T_2H_COMPONENT_STYLE,FACT_HNQ_2H_PLACE_000001_T_2H_COMPONENT_STYLE_ASTYLE_000001,template,medium,approved,
HNQ_2H_PLACE_000001_T_2H_COMPONENT_STYLE_ASTYLE_000002,HNQ_2H_PLACE_000001_T_2H_COMPONENT_STYLE_ASTYLE_000002,PLACE_000001,PLACE_000001,PLACE_000001,Hạng mục nào của Hoàng thành Thăng Long mang phong cách Kiến trúc thời Nguyễn?,"[""Hậu Lâu""]","[""ARCH_000003""]","[[""Hậu Lâu"",""Lầu Công chúa"",""Tĩnh Bắc Lâu"",""Lầu Tĩnh Bắc""]]","[""PLACE_000001"",""ASTYLE_000002""]",multi_hop,Architecture,2,"[""HAS_COMPONENT"",""HAS_ARCHITECTURAL_STYLE""]","[""EDGE_000010"",""EDGE_000093""]","[""EVD_000002"",""EVD_000013""]","[""SRC_000002"",""SRC_000008""]",T_2H_COMPONENT_STYLE,FACT_HNQ_2H_PLACE_000001_T_2H_COMPONENT_STYLE_ASTYLE_000002,template,medium,approved,
HNQ_2H_PLACE_000001_T_2H_COMPONENT_STYLE_ASTYLE_000003,HNQ_2H_PLACE_000001_T_2H_COMPONENT_STYLE_ASTYLE_000003,PLACE_000001,PLACE_000001,PLACE_000001,Hạng mục nào của Hoàng thành Thăng Long mang phong cách Kiến trúc quân sự thời kháng chiến chống Mỹ?,"[""Nhà D67""]","[""ARCH_000005""]","[[""Nhà D67"",""Phòng họp Bộ Chính trị và Quân ủy Trung ương""]]","[""PLACE_000001"",""ASTYLE_000003""]",multi_hop,Architecture,2,"[""HAS_COMPONENT"",""HAS_ARCHITECTURAL_STYLE""]","[""EDGE_000014"",""EDGE_000103""]","[""EVD_000017""]","[""SRC_000012""]",T_2H_COMPONENT_STYLE,FACT_HNQ_2H_PLACE_000001_T_2H_COMPONENT_STYLE_ASTYLE_000003,template,medium,approved,
HNQ_2H_PLACE_000001_T_2H_COMPONENT_USED_FOR_ACTIVITY_000001,HNQ_2H_PLACE_000001_T_2H_COMPONENT_USED_FOR_ACTIVITY_000001,PLACE_000001,PLACE_000001,PLACE_000001,Hạng mục nào của Hoàng thành Thăng Long từng được sử dụng để Thiết triều?,"[""Điện Kính Thiên""]","[""ARCH_000004""]","[[""Điện Kính Thiên"",""Nền điện Kính Thiên"",""Chính điện Kính Thiên""]]","[""PLACE_000001"",""ACTIVITY_000001""]",multi_hop,Architecture,2,"[""HAS_COMPONENT"",""USED_FOR""]","[""EDGE_000011"",""EDGE_000069""]","[""EVD_000002"",""EVD_000008"",""EVD_000010""]","[""SRC_000002"",""SRC_000006""]",T_2H_COMPONENT_USED_FOR,FACT_HNQ_2H_PLACE_000001_T_2H_COMPONENT_USED_FOR_ACTIVITY_000001,template,medium,approved,
HNQ_2H_PLACE_000001_T_2H_COMPONENT_USED_FOR_ACTIVITY_000002,HNQ_2H_PLACE_000001_T_2H_COMPONENT_USED_FOR_ACTIVITY_000002,PLACE_000001,PLACE_000001,PLACE_000001,Hạng mục nào của Hoàng thành Thăng Long từng được sử dụng để Cử hành nghi lễ quốc gia?,"[""Đoan Môn"",""Điện Kính Thiên""]","[""ARCH_000001"",""ARCH_000004""]","[[""Đoan Môn"",""Cửa Đoan Môn""],[""Điện Kính Thiên"",""Nền điện Kính Thiên"",""Chính điện Kính Thiên""]]","[""PLACE_000001"",""ACTIVITY_000002""]",multi_hop,Architecture,2,"[""HAS_COMPONENT"",""USED_FOR""]","[""EDGE_000008"",""EDGE_000088"",""EDGE_000011"",""EDGE_000070""]","[""EVD_000002"",""EVD_000012"",""EVD_000008"",""EVD_000010""]","[""SRC_000002"",""SRC_000006"",""SRC_000007""]",T_2H_COMPONENT_USED_FOR,FACT_HNQ_2H_PLACE_000001_T_2H_COMPONENT_USED_FOR_ACTIVITY_000002,template,medium,approved,
HNQ_2H_PLACE_000001_T_2H_COMPONENT_USED_FOR_ACTIVITY_000003,HNQ_2H_PLACE_000001_T_2H_COMPONENT_USED_FOR_ACTIVITY_000003,PLACE_000001,PLACE_000001,PLACE_000001,Hạng mục nào của Hoàng thành Thăng Long từng được sử dụng để Đón tiếp sứ thần?,"[""Điện Kính Thiên""]","[""ARCH_000004""]","[[""Điện Kính Thiên"",""Nền điện Kính Thiên"",""Chính điện Kính Thiên""]]","[""PLACE_000001"",""ACTIVITY_000003""]",multi_hop,Architecture,2,"[""HAS_COMPONENT"",""USED_FOR""]","[""EDGE_000011"",""EDGE_000071""]","[""EVD_000002"",""EVD_000008"",""EVD_000010""]","[""SRC_000002"",""SRC_000006""]",T_2H_COMPONENT_USED_FOR,FACT_HNQ_2H_PLACE_000001_T_2H_COMPONENT_USED_FOR_ACTIVITY_000003,template,medium,approved,
HNQ_2H_PLACE_000001_T_2H_COMPONENT_USED_FOR_ACTIVITY_000008,HNQ_2H_PLACE_000001_T_2H_COMPONENT_USED_FOR_ACTIVITY_000008,PLACE_000001,PLACE_000001,PLACE_000001,Hạng mục nào của Hoàng thành Thăng Long từng được sử dụng để Họp Bộ Chính trị và Quân ủy Trung ương?,"[""Nhà D67"",""Hầm D67""]","[""ARCH_000005"",""ARCH_000006""]","[[""Nhà D67"",""Phòng họp Bộ Chính trị và Quân ủy Trung ương""],[""Hầm D67"",""Hầm Quân ủy Trung ương""]]","[""PLACE_000001"",""ACTIVITY_000008""]",multi_hop,Architecture,2,"[""HAS_COMPONENT"",""USED_FOR""]","[""EDGE_000014"",""EDGE_000104"",""EDGE_000015"",""EDGE_000111""]","[""EVD_000017"",""EVD_000018""]","[""SRC_000012""]",T_2H_COMPONENT_USED_FOR,FACT_HNQ_2H_PLACE_000001_T_2H_COMPONENT_USED_FOR_ACTIVITY_000008,template,medium,approved,
HNQ_2H_PLACE_000001_T_2H_EVENT_LOCATION_all,HNQ_2H_PLACE_000001_T_2H_EVENT_LOCATION_all,PLACE_000001,PLACE_000001,PLACE_000001,Các sự kiện gắn với Hoàng thành Thăng Long được ghi nhận là diễn ra tại những đâu?,"[""Ngày 31 tháng 07 năm 2010"",""Năm 1010"",""Tháng 12 năm 2002""]","[""TIME_000001"",""TIME_000002"",""TIME_000009""]","[[""Ngày 31 tháng 07 năm 2010"",""Ngày 01 tháng 08 năm 2010 theo giờ Việt Nam"",""31/07/2010""],[""Năm 1010"",""1010""],[""Tháng 12 năm 2002"",""Năm 2002""]]","[""PLACE_000001""]",multi_hop,Time,2,"[""HAS_EVENT"",""OCCURRED_IN""]","[""EDGE_000021"",""EDGE_000022"",""EDGE_000024"",""EDGE_000025"",""EDGE_000026"",""EDGE_000027""]","[""EVD_000004"",""EVD_000025"",""EVD_000006""]","[""SRC_000004"",""SRC_000005"",""SRC_000018""]",T_2H_EVENT_LOCATION,FACT_HNQ_2H_PLACE_000001_T_2H_EVENT_LOCATION_all,template,medium,approved,
HNQ_2H_PLACE_000001_T_2H_EVENT_PERSON_all,HNQ_2H_PLACE_000001_T_2H_EVENT_PERSON_all,PLACE_000001,PLACE_000001,PLACE_000001,Những nhân vật nào tham gia các sự kiện được ghi nhận là gắn với Hoàng thành Thăng Long?,"[""Lý Thái Tổ""]","[""PERSON_000001""]","[[""Lý Thái Tổ"",""Lý Công Uẩn""]]","[""PLACE_000001""]",multi_hop,Person,2,"[""HAS_EVENT"",""INVOLVED_PERSON""]","[""EDGE_000021"",""EDGE_000023""]","[""EVD_000004""]","[""SRC_000004""]",T_2H_EVENT_PERSON,FACT_HNQ_2H_PLACE_000001_T_2H_EVENT_PERSON_all,template,medium,approved,
HNQ_1H_PLACE_000001_EDGE_000001,HNQ_1H_PLACE_000001_EDGE_000001,PLACE_000001,PLACE_000001,PLACE_000001,"Theo nguồn đã lưu, Hoàng thành Thăng Long có địa chỉ nào?","[""Số 19C Hoàng Diệu, phường Ba Đình, thành phố Hà Nội""]","[""ADDRESS_000001""]","[[""Số 19C Hoàng Diệu, phường Ba Đình, thành phố Hà Nội""]]","[""PLACE_000001""]",single_hop,Address,1,"[""HAS_ADDRESS""]","[""EDGE_000001""]","[""EVD_000001""]","[""SRC_000001""]",T_1H_HAS_ADDRESS,FACT_HNQ_1H_PLACE_000001_EDGE_000001,template,easy,approved,
HNQ_1H_PLACE_000001_EDGE_000002,HNQ_1H_PLACE_000001_EDGE_000002,PLACE_000001,PLACE_000001,PLACE_000001,Hoàng thành Thăng Long nằm tại phường nào?,"[""Phường Ba Đình""]","[""ADMIN_000001""]","[[""Phường Ba Đình""]]","[""PLACE_000001""]",single_hop,AdministrativeArea,1,"[""LOCATED_IN""]","[""EDGE_000002""]","[""EVD_000001""]","[""SRC_000001""]",T_1H_LOCATED_IN,FACT_HNQ_1H_PLACE_000001_EDGE_000002,template,easy,approved,
HNQ_1H_PLACE_000001_EDGE_000003,HNQ_1H_PLACE_000001_EDGE_000003,PLACE_000001,PLACE_000001,PLACE_000001,Hoàng thành Thăng Long nằm tại thành phố nào?,"[""Thành phố Hà Nội""]","[""ADMIN_000002""]","[[""Thành phố Hà Nội"",""Hà Nội""]]","[""PLACE_000001""]",single_hop,AdministrativeArea,1,"[""LOCATED_IN""]","[""EDGE_000003""]","[""EVD_000001""]","[""SRC_000001""]",T_1H_LOCATED_IN,FACT_HNQ_1H_PLACE_000001_EDGE_000003,template,easy,approved,
HNQ_1H_PLACE_000001_EDGE_000006,HNQ_1H_PLACE_000001_EDGE_000006,PLACE_000001,PLACE_000001,PLACE_000001,Hoàng thành Thăng Long có diện tích bao nhiêu?,"[""Khoảng 18,395 ha""]","[""VALUE_000002""]","[[""Khoảng 18,395 ha""]]","[""PLACE_000001""]",single_hop,Value,1,"[""HAS_MEASUREMENT""]","[""EDGE_000006""]","[""EVD_000002"",""EVD_000006""]","[""SRC_000002"",""SRC_000005""]",T_1H_HAS_MEASUREMENT,FACT_HNQ_1H_PLACE_000001_EDGE_000006,template,easy,approved,
HNQ_1H_PLACE_000001_EDGE_000007,HNQ_1H_PLACE_000001_EDGE_000007,PLACE_000001,PLACE_000001,PLACE_000001,Vùng đệm của Hoàng thành Thăng Long có diện tích bao nhiêu?,"[""108 ha""]","[""VALUE_000003""]","[[""108 ha""]]","[""PLACE_000001""]",single_hop,Value,1,"[""HAS_MEASUREMENT""]","[""EDGE_000007""]","[""EVD_000006""]","[""SRC_000005""]",T_1H_HAS_MEASUREMENT,FACT_HNQ_1H_PLACE_000001_EDGE_000007,template,easy,approved,
HNQ_1H_PLACE_000001_EDGE_000016,HNQ_1H_PLACE_000001_EDGE_000016,PLACE_000001,PLACE_000001,PLACE_000001,Hoàng thành Thăng Long được công nhận với danh hiệu nào?,"[""Di sản văn hóa thế giới""]","[""HSTATUS_000001""]","[[""Di sản văn hóa thế giới"",""Di sản Văn hóa Thế giới""]]","[""PLACE_000001""]",single_hop,HeritageStatus,1,"[""RECOGNIZED_AS""]","[""EDGE_000016""]","[""EVD_000003"",""EVD_000006""]","[""SRC_000003"",""SRC_000005""]",T_1H_RECOGNIZED_AS,FACT_HNQ_1H_PLACE_000001_EDGE_000016,template,easy,approved,
HNQ_1H_PLACE_000001_EDGE_000017,HNQ_1H_PLACE_000001_EDGE_000017,PLACE_000001,PLACE_000001,PLACE_000001,Tổ chức nào công nhận Hoàng thành Thăng Long?,"[""UNESCO""]","[""ORG_000001""]","[[""UNESCO"",""Tổ chức Giáo dục Khoa học và Văn hóa Liên Hợp Quốc""]]","[""PLACE_000001""]",single_hop,Organization,1,"[""RECOGNIZED_BY""]","[""EDGE_000017""]","[""EVD_000003"",""EVD_000006""]","[""SRC_000003"",""SRC_000005""]",T_1H_RECOGNIZED_BY,FACT_HNQ_1H_PLACE_000001_EDGE_000017,template,easy,approved,
HNQ_1H_PLACE_000001_EDGE_000018,HNQ_1H_PLACE_000001_EDGE_000018,PLACE_000001,PLACE_000001,PLACE_000001,Khu trung tâm Hoàng thành Thăng Long được UNESCO ghi danh vào Danh mục Di sản thế giới vào ngày nào?,"[""Ngày 31 tháng 07 năm 2010""]","[""TIME_000001""]","[[""Ngày 31 tháng 07 năm 2010"",""Ngày 01 tháng 08 năm 2010 theo giờ Việt Nam"",""31/07/2010""]]","[""PLACE_000001""]",single_hop,Time,1,"[""RECOGNIZED_IN""]","[""EDGE_000018""]","[""EVD_000003"",""EVD_000006""]","[""SRC_000003"",""SRC_000005""]",T_1H_RECOGNIZED_IN,FACT_HNQ_1H_PLACE_000001_EDGE_000018,template,easy,approved,Đã làm rõ danh hiệu UNESCO và phạm vi Khu trung tâm Hoàng thành Thăng Long; sử dụng ngày ghi danh theo hồ sơ UNESCO.
HNQ_1H_PLACE_000001_EDGE_000019,HNQ_1H_PLACE_000001_EDGE_000019,PLACE_000001,PLACE_000001,PLACE_000001,Hoàng thành Thăng Long được xây dựng vào thời điểm nào?,"[""Năm 1010""]","[""TIME_000002""]","[[""Năm 1010"",""1010""]]","[""PLACE_000001""]",single_hop,Time,1,"[""BUILT_IN""]","[""EDGE_000019""]","[""EVD_000004""]","[""SRC_000004""]",T_1H_BUILT_IN,FACT_HNQ_1H_PLACE_000001_EDGE_000019,template,easy,approved,
HNQ_1H_PLACE_000001_EDGE_000020,HNQ_1H_PLACE_000001_EDGE_000020,PLACE_000001,PLACE_000001,PLACE_000001,Nhân vật nào cho xây dựng Hoàng thành Thăng Long?,"[""Lý Thái Tổ""]","[""PERSON_000001""]","[[""Lý Thái Tổ"",""Lý Công Uẩn""]]","[""PLACE_000001""]",single_hop,Person,1,"[""BUILT_BY""]","[""EDGE_000020""]","[""EVD_000004""]","[""SRC_000004""]",T_1H_BUILT_BY,FACT_HNQ_1H_PLACE_000001_EDGE_000020,template,easy,approved,
HNQ_1H_PLACE_000001_EDGE_000028,HNQ_1H_PLACE_000001_EDGE_000028,PLACE_000001,PLACE_000001,PLACE_000001,Đơn vị nào quản lý Hoàng thành Thăng Long?,"[""Trung tâm Bảo tồn Di sản Thăng Long – Hà Nội""]","[""ORG_000002""]","[[""Trung tâm Bảo tồn Di sản Thăng Long – Hà Nội"",""Trung tâm Thăng Long""]]","[""PLACE_000001""]",single_hop,Organization,1,"[""MANAGED_BY""]","[""EDGE_000028""]","[""EVD_000007"",""EVD_000019""]","[""SRC_000005"",""SRC_000013""]",T_1H_MANAGED_BY,FACT_HNQ_1H_PLACE_000001_EDGE_000028,template,easy,approved,
HNQ_1H_PLACE_000001_EDGE_000029,HNQ_1H_PLACE_000001_EDGE_000029,PLACE_000001,PLACE_000001,ORG_000002,Trung tâm Bảo tồn Di sản Thăng Long – Hà Nội được thành lập vào thời điểm nào?,"[""Ngày 01 tháng 09 năm 2006""]","[""TIME_000010""]","[[""Ngày 01 tháng 09 năm 2006"",""01/09/2006""]]","[""ORG_000002""]",single_hop,Time,1,"[""ESTABLISHED_IN""]","[""EDGE_000029""]","[""EVD_000020""]","[""SRC_000013""]",T_1H_ESTABLISHED_IN,FACT_HNQ_1H_PLACE_000001_EDGE_000029,template,easy,approved,
HNQ_1H_PLACE_000001_EDGE_000030,HNQ_1H_PLACE_000001_EDGE_000030,PLACE_000001,PLACE_000001,ORG_000002,Cơ quan nào thành lập Trung tâm Bảo tồn Di sản Thăng Long – Hà Nội?,"[""Ủy ban nhân dân thành phố Hà Nội""]","[""ORG_000004""]","[[""Ủy ban nhân dân thành phố Hà Nội"",""UBND thành phố Hà Nội""]]","[""ORG_000002""]",single_hop,Organization,1,"[""ESTABLISHED_BY""]","[""EDGE_000030""]","[""EVD_000020""]","[""SRC_000013""]",T_1H_ESTABLISHED_BY,FACT_HNQ_1H_PLACE_000001_EDGE_000030,template,easy,approved,
HNQ_1H_PLACE_000001_EDGE_000043,HNQ_1H_PLACE_000001_EDGE_000043,PLACE_000001,PLACE_000001,PERSON_000001,Lý Thái Tổ giữ vai trò nào?,"[""Hoàng đế""]","[""ROLE_000001""]","[[""Hoàng đế"",""Vua""]]","[""PERSON_000001""]",single_hop,Role,1,"[""HELD_ROLE""]","[""EDGE_000043""]","[""EVD_000004""]","[""SRC_000004""]",T_1H_HELD_ROLE,FACT_HNQ_1H_PLACE_000001_EDGE_000043,template,easy,approved,
HNQ_1H_PLACE_000001_EDGE_000044,HNQ_1H_PLACE_000001_EDGE_000044,PLACE_000001,PLACE_000001,PERSON_000002,Lê Thái Tổ giữ vai trò nào?,"[""Hoàng đế""]","[""ROLE_000001""]","[[""Hoàng đế"",""Vua""]]","[""PERSON_000002""]",single_hop,Role,1,"[""HELD_ROLE""]","[""EDGE_000044""]","[""EVD_000009""]","[""SRC_000006""]",T_1H_HELD_ROLE,FACT_HNQ_1H_PLACE_000001_EDGE_000044,template,easy,approved,
HNQ_1H_PLACE_000001_EDGE_000045,HNQ_1H_PLACE_000001_EDGE_000045,PLACE_000001,PLACE_000001,PERSON_000005,Minh Mạng giữ vai trò nào?,"[""Hoàng đế""]","[""ROLE_000001""]","[[""Hoàng đế"",""Vua""]]","[""PERSON_000005""]",single_hop,Role,1,"[""HELD_ROLE""]","[""EDGE_000045""]","[""EVD_000013""]","[""SRC_000008""]",T_1H_HELD_ROLE,FACT_HNQ_1H_PLACE_000001_EDGE_000045,template,easy,approved,
HNQ_1H_PLACE_000001_EDGE_000046,HNQ_1H_PLACE_000001_EDGE_000046,PLACE_000001,PLACE_000001,PERSON_000006,Võ Nguyên Giáp giữ vai trò nào?,"[""Đại tướng""]","[""ROLE_000002""]","[[""Đại tướng""]]","[""PERSON_000006""]",single_hop,Role,1,"[""HELD_ROLE""]","[""EDGE_000046""]","[""EVD_000018""]","[""SRC_000012""]",T_1H_HELD_ROLE,FACT_HNQ_1H_PLACE_000001_EDGE_000046,template,easy,approved,
HNQ_1H_PLACE_000001_EDGE_000047,HNQ_1H_PLACE_000001_EDGE_000047,PLACE_000001,PLACE_000001,PERSON_000007,Văn Tiến Dũng giữ vai trò nào?,"[""Đại tướng""]","[""ROLE_000002""]","[[""Đại tướng""]]","[""PERSON_000007""]",single_hop,Role,1,"[""HELD_ROLE""]","[""EDGE_000047""]","[""EVD_000018""]","[""SRC_000012""]",T_1H_HELD_ROLE,FACT_HNQ_1H_PLACE_000001_EDGE_000047,template,easy,approved,
HNQ_1H_PLACE_000001_EDGE_000062,HNQ_1H_PLACE_000001_EDGE_000062,PLACE_000001,PLACE_000001,ARCH_000004,Điện Kính Thiên nằm tại vị trí nào?,"[""Núi Nùng""]","[""LOCATION_000001""]","[[""Núi Nùng"",""Nùng Sơn""]]","[""ARCH_000004""]",single_hop,Location,1,"[""LOCATED_IN""]","[""EDGE_000062""]","[""EVD_000008""]","[""SRC_000006""]",T_1H_LOCATED_IN,FACT_HNQ_1H_PLACE_000001_EDGE_000062,template,easy,approved,
HNQ_1H_PLACE_000001_EDGE_000063,HNQ_1H_PLACE_000001_EDGE_000063,PLACE_000001,PLACE_000001,ARCH_000004,Điện Kính Thiên được xây dựng vào thời điểm nào?,"[""Năm 1428""]","[""TIME_000004""]","[[""Năm 1428"",""1428""]]","[""ARCH_000004""]",single_hop,Time,1,"[""BUILT_IN""]","[""EDGE_000063""]","[""EVD_000009""]","[""SRC_000006""]",T_1H_BUILT_IN,FACT_HNQ_1H_PLACE_000001_EDGE_000063,template,easy,approved,
HNQ_1H_PLACE_000001_EDGE_000064,HNQ_1H_PLACE_000001_EDGE_000064,PLACE_000001,PLACE_000001,ARCH_000004,Nhân vật nào cho xây dựng Điện Kính Thiên?,"[""Lê Thái Tổ""]","[""PERSON_000002""]","[[""Lê Thái Tổ"",""Lê Lợi""]]","[""ARCH_000004""]",single_hop,Person,1,"[""BUILT_BY""]","[""EDGE_000064""]","[""EVD_000009""]","[""SRC_000006""]",T_1H_BUILT_BY,FACT_HNQ_1H_PLACE_000001_EDGE_000064,template,easy,approved,
HNQ_1H_PLACE_000001_EDGE_000067,HNQ_1H_PLACE_000001_EDGE_000067,PLACE_000001,PLACE_000001,ARCH_000004,Điện Kính Thiên mang phong cách kiến trúc nào?,"[""Kiến trúc cung đình thời Lê""]","[""ASTYLE_000001""]","[[""Kiến trúc cung đình thời Lê"",""Kiến trúc Hoàng cung thời Lê""]]","[""ARCH_000004""]",single_hop,ArchitecturalStyle,1,"[""HAS_ARCHITECTURAL_STYLE""]","[""EDGE_000067""]","[""EVD_000011""]","[""SRC_000006""]",T_1H_HAS_ARCHITECTURAL_STYLE,FACT_HNQ_1H_PLACE_000001_EDGE_000067,template,easy,approved,
HNQ_1H_PLACE_000001_EDGE_000074,HNQ_1H_PLACE_000001_EDGE_000074,PLACE_000001,PLACE_000001,ARCH_000007,Thềm Rồng Điện Kính Thiên được xây dựng vào thời điểm nào?,"[""Năm 1467""]","[""TIME_000005""]","[[""Năm 1467"",""1467""]]","[""ARCH_000007""]",single_hop,Time,1,"[""BUILT_IN""]","[""EDGE_000074""]","[""EVD_000011""]","[""SRC_000006""]",T_1H_BUILT_IN,FACT_HNQ_1H_PLACE_000001_EDGE_000074,template,easy,approved,
HNQ_1H_PLACE_000001_EDGE_000080,HNQ_1H_PLACE_000001_EDGE_000080,PLACE_000001,PLACE_000001,ARCH_000004,Điện Kính Thiên dài bao nhiêu?,"[""Khoảng 57 m""]","[""VALUE_000004""]","[[""Khoảng 57 m""]]","[""ARCH_000004""]",single_hop,Value,1,"[""HAS_MEASUREMENT""]","[""EDGE_000080""]","[""EVD_000011""]","[""SRC_000006""]",T_1H_HAS_MEASUREMENT,FACT_HNQ_1H_PLACE_000001_EDGE_000080,template,easy,approved,
HNQ_1H_PLACE_000001_EDGE_000081,HNQ_1H_PLACE_000001_EDGE_000081,PLACE_000001,PLACE_000001,ARCH_000004,Điện Kính Thiên rộng bao nhiêu?,"[""41,5 m""]","[""VALUE_000005""]","[[""41,5 m""]]","[""ARCH_000004""]",single_hop,Value,1,"[""HAS_MEASUREMENT""]","[""EDGE_000081""]","[""EVD_000011""]","[""SRC_000006""]",T_1H_HAS_MEASUREMENT,FACT_HNQ_1H_PLACE_000001_EDGE_000081,template,easy,approved,
HNQ_1H_PLACE_000001_EDGE_000082,HNQ_1H_PLACE_000001_EDGE_000082,PLACE_000001,PLACE_000001,ARCH_000004,Điện Kính Thiên cao bao nhiêu?,"[""Khoảng 2,3 m""]","[""VALUE_000006""]","[[""Khoảng 2,3 m""]]","[""ARCH_000004""]",single_hop,Value,1,"[""HAS_MEASUREMENT""]","[""EDGE_000082""]","[""EVD_000011""]","[""SRC_000006""]",T_1H_HAS_MEASUREMENT,FACT_HNQ_1H_PLACE_000001_EDGE_000082,template,easy,approved,
HNQ_1H_PLACE_000001_EDGE_000083,HNQ_1H_PLACE_000001_EDGE_000083,PLACE_000001,PLACE_000001,ARCH_000007,Thềm Rồng Điện Kính Thiên có bao nhiêu bậc?,"[""10 bậc""]","[""VALUE_000007""]","[[""10 bậc""]]","[""ARCH_000007""]",single_hop,Value,1,"[""HAS_MEASUREMENT""]","[""EDGE_000083""]","[""EVD_000011""]","[""SRC_000006""]",T_1H_HAS_MEASUREMENT,FACT_HNQ_1H_PLACE_000001_EDGE_000083,template,easy,approved,
HNQ_1H_PLACE_000001_EDGE_000085,HNQ_1H_PLACE_000001_EDGE_000085,PLACE_000001,PLACE_000001,ARCH_000001,Ai hoặc đơn vị nào thực hiện việc trùng tu Đoan Môn?,"[""Nhà Nguyễn""]","[""DYNASTY_000006""]","[[""Nhà Nguyễn"",""Triều Nguyễn""]]","[""ARCH_000001""]",single_hop,Dynasty,1,"[""RENOVATED_BY""]","[""EDGE_000085""]","[""EVD_000012""]","[""SRC_000007""]",T_1H_RENOVATED_BY,FACT_HNQ_1H_PLACE_000001_EDGE_000085,template,easy,approved,
HNQ_1H_PLACE_000001_EDGE_000086,HNQ_1H_PLACE_000001_EDGE_000086,PLACE_000001,PLACE_000001,ARCH_000001,Đoan Môn được trùng tu hoặc xây dựng lại vào thời điểm nào?,"[""Thế kỷ XIX""]","[""TIME_000011""]","[[""Thế kỷ XIX"",""Thế kỷ 19""]]","[""ARCH_000001""]",single_hop,Time,1,"[""RENOVATED_IN""]","[""EDGE_000086""]","[""EVD_000012""]","[""SRC_000007""]",T_1H_RENOVATED_IN,FACT_HNQ_1H_PLACE_000001_EDGE_000086,template,easy,approved,
HNQ_1H_PLACE_000001_EDGE_000087,HNQ_1H_PLACE_000001_EDGE_000087,PLACE_000001,PLACE_000001,ARCH_000001,Đoan Môn mang phong cách kiến trúc nào?,"[""Kiến trúc cung đình thời Lê""]","[""ASTYLE_000001""]","[[""Kiến trúc cung đình thời Lê"",""Kiến trúc Hoàng cung thời Lê""]]","[""ARCH_000001""]",single_hop,ArchitecturalStyle,1,"[""HAS_ARCHITECTURAL_STYLE""]","[""EDGE_000087""]","[""EVD_000012""]","[""SRC_000007""]",T_1H_HAS_ARCHITECTURAL_STYLE,FACT_HNQ_1H_PLACE_000001_EDGE_000087,template,easy,approved,
HNQ_1H_PLACE_000001_EDGE_000089,HNQ_1H_PLACE_000001_EDGE_000089,PLACE_000001,PLACE_000001,ARCH_000003,Hậu Lâu được xây dựng vào thời điểm nào?,"[""Tháng 10 năm 1821""]","[""TIME_000007""]","[[""Tháng 10 năm 1821"",""Năm 1821""]]","[""ARCH_000003""]",single_hop,Time,1,"[""BUILT_IN""]","[""EDGE_000089""]","[""EVD_000013""]","[""SRC_000008""]",T_1H_BUILT_IN,FACT_HNQ_1H_PLACE_000001_EDGE_000089,template,easy,approved,
HNQ_1H_PLACE_000001_EDGE_000090,HNQ_1H_PLACE_000001_EDGE_000090,PLACE_000001,PLACE_000001,ARCH_000003,Nhân vật nào cho xây dựng Hậu Lâu?,"[""Minh Mạng""]","[""PERSON_000005""]","[[""Minh Mạng"",""Nguyễn Phúc Đảm""]]","[""ARCH_000003""]",single_hop,Person,1,"[""BUILT_BY""]","[""EDGE_000090""]","[""EVD_000013""]","[""SRC_000008""]",T_1H_BUILT_BY,FACT_HNQ_1H_PLACE_000001_EDGE_000090,template,easy,approved,
HNQ_1H_PLACE_000001_EDGE_000093,HNQ_1H_PLACE_000001_EDGE_000093,PLACE_000001,PLACE_000001,ARCH_000003,Hậu Lâu mang phong cách kiến trúc nào?,"[""Kiến trúc thời Nguyễn""]","[""ASTYLE_000002""]","[[""Kiến trúc thời Nguyễn""]]","[""ARCH_000003""]",single_hop,ArchitecturalStyle,1,"[""HAS_ARCHITECTURAL_STYLE""]","[""EDGE_000093""]","[""EVD_000013""]","[""SRC_000008""]",T_1H_HAS_ARCHITECTURAL_STYLE,FACT_HNQ_1H_PLACE_000001_EDGE_000093,template,easy,approved,
HNQ_1H_PLACE_000001_EDGE_000095,HNQ_1H_PLACE_000001_EDGE_000095,PLACE_000001,PLACE_000001,PLACE_000003,Cột cờ Hà Nội được hoàn thành vào thời điểm nào?,"[""Năm 1812""]","[""TIME_000006""]","[[""Năm 1812"",""1812""]]","[""PLACE_000003""]",single_hop,Time,1,"[""BUILT_IN""]","[""EDGE_000095""]","[""EVD_000023""]","[""SRC_000016""]",T_1H_BUILT_IN,FACT_HNQ_1H_PLACE_000001_EDGE_000095,template,easy,approved,
HNQ_1H_PLACE_000001_EDGE_000096,HNQ_1H_PLACE_000001_EDGE_000096,PLACE_000001,PLACE_000001,PLACE_000003,Cột cờ Hà Nội được xây dựng dưới triều đại nào?,"[""Nhà Nguyễn""]","[""DYNASTY_000006""]","[[""Nhà Nguyễn"",""Triều Nguyễn""]]","[""PLACE_000003""]",single_hop,Dynasty,1,"[""BUILT_BY""]","[""EDGE_000096""]","[""EVD_000023""]","[""SRC_000016""]",T_1H_BUILT_BY,FACT_HNQ_1H_PLACE_000001_EDGE_000096,template,easy,approved,
HNQ_1H_PLACE_000001_EDGE_000099,HNQ_1H_PLACE_000001_EDGE_000099,PLACE_000001,PLACE_000001,PLACE_000003,Cột cờ Hà Nội cao bao nhiêu?,"[""33,4 m""]","[""VALUE_000008""]","[[""33,4 m""]]","[""PLACE_000003""]",single_hop,Value,1,"[""HAS_MEASUREMENT""]","[""EDGE_000099""]","[""EVD_000023""]","[""SRC_000016""]",T_1H_HAS_MEASUREMENT,FACT_HNQ_1H_PLACE_000001_EDGE_000099,template,easy,approved,
HNQ_1H_PLACE_000001_EDGE_000100,HNQ_1H_PLACE_000001_EDGE_000100,PLACE_000001,PLACE_000001,ARCH_000005,Nhà D67 được xây dựng vào thời điểm nào?,"[""Năm 1967""]","[""TIME_000008""]","[[""Năm 1967"",""1967""]]","[""ARCH_000005""]",single_hop,Time,1,"[""BUILT_IN""]","[""EDGE_000100""]","[""EVD_000017""]","[""SRC_000012""]",T_1H_BUILT_IN,FACT_HNQ_1H_PLACE_000001_EDGE_000100,template,easy,approved,
HNQ_1H_PLACE_000001_EDGE_000101,HNQ_1H_PLACE_000001_EDGE_000101,PLACE_000001,PLACE_000001,ARCH_000005,Cơ quan hoặc tổ chức nào cho xây dựng Nhà D67?,"[""Bộ Quốc phòng""]","[""ORG_000003""]","[[""Bộ Quốc phòng""]]","[""ARCH_000005""]",single_hop,Organization,1,"[""BUILT_BY""]","[""EDGE_000101""]","[""EVD_000017""]","[""SRC_000012""]",T_1H_BUILT_BY,FACT_HNQ_1H_PLACE_000001_EDGE_000101,template,easy,approved,
HNQ_1H_PLACE_000001_EDGE_000103,HNQ_1H_PLACE_000001_EDGE_000103,PLACE_000001,PLACE_000001,ARCH_000005,Nhà D67 mang phong cách kiến trúc nào?,"[""Kiến trúc quân sự thời kháng chiến chống Mỹ""]","[""ASTYLE_000003""]","[[""Kiến trúc quân sự thời kháng chiến chống Mỹ"",""Kiến trúc quân sự Nhà D67""]]","[""ARCH_000005""]",single_hop,ArchitecturalStyle,1,"[""HAS_ARCHITECTURAL_STYLE""]","[""EDGE_000103""]","[""EVD_000017""]","[""SRC_000012""]",T_1H_HAS_ARCHITECTURAL_STYLE,FACT_HNQ_1H_PLACE_000001_EDGE_000103,template,easy,approved,
HNQ_1H_PLACE_000001_EDGE_000107,HNQ_1H_PLACE_000001_EDGE_000107,PLACE_000001,PLACE_000001,ARCH_000005,Tường của Nhà D67 dày bao nhiêu?,"[""0,6 m""]","[""VALUE_000010""]","[[""0,6 m""]]","[""ARCH_000005""]",single_hop,Value,1,"[""HAS_MEASUREMENT""]","[""EDGE_000107""]","[""EVD_000018""]","[""SRC_000012""]",T_1H_HAS_MEASUREMENT,FACT_HNQ_1H_PLACE_000001_EDGE_000107,template,easy,approved,
HNQ_1H_PLACE_000001_EDGE_000108,HNQ_1H_PLACE_000001_EDGE_000108,PLACE_000001,PLACE_000001,ARCH_000006,Hầm D67 được xây dựng vào thời điểm nào?,"[""Năm 1967""]","[""TIME_000008""]","[[""Năm 1967"",""1967""]]","[""ARCH_000006""]",single_hop,Time,1,"[""BUILT_IN""]","[""EDGE_000108""]","[""EVD_000017""]","[""SRC_000012""]",T_1H_BUILT_IN,FACT_HNQ_1H_PLACE_000001_EDGE_000108,template,easy,approved,
HNQ_1H_PLACE_000001_EDGE_000109,HNQ_1H_PLACE_000001_EDGE_000109,PLACE_000001,PLACE_000001,ARCH_000006,Cơ quan hoặc tổ chức nào cho xây dựng Hầm D67?,"[""Bộ Quốc phòng""]","[""ORG_000003""]","[[""Bộ Quốc phòng""]]","[""ARCH_000006""]",single_hop,Organization,1,"[""BUILT_BY""]","[""EDGE_000109""]","[""EVD_000017""]","[""SRC_000012""]",T_1H_BUILT_BY,FACT_HNQ_1H_PLACE_000001_EDGE_000109,template,easy,approved,
HNQ_1H_PLACE_000001_EDGE_000112,HNQ_1H_PLACE_000001_EDGE_000112,PLACE_000001,PLACE_000001,ARCH_000006,Hầm D67 sâu bao nhiêu?,"[""9 m""]","[""VALUE_000009""]","[[""9 m""]]","[""ARCH_000006""]",single_hop,Value,1,"[""HAS_MEASUREMENT""]","[""EDGE_000112""]","[""EVD_000018""]","[""SRC_000012""]",T_1H_HAS_MEASUREMENT,FACT_HNQ_1H_PLACE_000001_EDGE_000112,template,easy,approved,
HNQ_LS_PLACE_000002_ARCH_000025_HAS_COMPONENT,HNQ_LS_PLACE_000002_ARCH_000025_HAS_COMPONENT,PLACE_000002,PLACE_000002,ARCH_000025,"Theo dữ liệu HanoiQA, Thành Cổ Loa có những hạng mục nào?","[""Thành Nội"",""Thành Trung"",""Thành Ngoại"",""Hào nước Cổ Loa""]","[""ARCH_000026"",""ARCH_000027"",""ARCH_000028"",""ARCH_000029""]","[[""Thành Nội"",""Vòng thành Nội"",""Tường thành nội""],[""Thành Trung"",""Vòng thành Trung"",""Tường thành trung""],[""Thành Ngoại"",""Vòng thành Ngoại"",""Tường thành ngoại""],[""Hào nước Cổ Loa"",""Hệ thống hào Cổ Loa"",""Thành hào Cổ Loa""]]","[""ARCH_000025""]",list,Architecture,1,"[""HAS_COMPONENT""]","[""EDGE_000163"",""EDGE_000164"",""EDGE_000165"",""EDGE_000166""]","[""EVD_000072"",""EVD_000073"",""EVD_000074"",""EVD_000075""]","[""SRC_000027""]",T_LS_HAS_COMPONENT,FACT_HNQ_LS_PLACE_000002_ARCH_000025_HAS_COMPONENT,template,easy,approved,
HNQ_LS_PLACE_000002_PLACE_000002_ASSOCIATED_WITH_PERSON,HNQ_LS_PLACE_000002_PLACE_000002_ASSOCIATED_WITH_PERSON,PLACE_000002,PLACE_000002,PLACE_000002,Những nhân vật nào được ghi nhận là có liên hệ với Khu di tích Cổ Loa?,"[""An Dương Vương"",""Mỵ Châu"",""Cao Lỗ"",""Ngô Quyền""]","[""PERSON_000013"",""PERSON_000014"",""PERSON_000015"",""PERSON_000016""]","[[""An Dương Vương"",""Thục Phán"",""Vua Thục""],[""Mỵ Châu"",""Công chúa Mỵ Châu""],[""Cao Lỗ"",""Tướng Cao Lỗ""],[""Ngô Quyền"",""Vua Ngô Quyền""]]","[""PLACE_000002""]",list,Person,1,"[""ASSOCIATED_WITH_PERSON""]","[""EDGE_000177"",""EDGE_000178"",""EDGE_000179"",""EDGE_000180""]","[""EVD_000086"",""EVD_000087"",""EVD_000088"",""EVD_000089""]","[""SRC_000027"",""SRC_000028"",""SRC_000029"",""SRC_000033""]",T_LS_ASSOCIATED_WITH_PERSON,FACT_HNQ_LS_PLACE_000002_PLACE_000002_ASSOCIATED_WITH_PERSON,template,easy,approved,
HNQ_LS_PLACE_000002_PLACE_000002_HAS_CATEGORY,HNQ_LS_PLACE_000002_PLACE_000002_HAS_CATEGORY,PLACE_000002,PLACE_000002,PLACE_000002,"Theo dữ liệu HanoiQA, Khu di tích Cổ Loa thuộc những loại hình nào?","[""Di tích lịch sử"",""Di tích khảo cổ""]","[""CATEGORY_000001"",""CATEGORY_000002""]","[[""Di tích lịch sử"",""Di tích lịch sử – văn hóa""],[""Di tích khảo cổ"",""Điểm khảo cổ""]]","[""PLACE_000002""]",list,TourismCategory,1,"[""HAS_CATEGORY""]","[""EDGE_000159"",""EDGE_000160""]","[""EVD_000068"",""EVD_000069""]","[""SRC_000027""]",T_LS_HAS_CATEGORY,FACT_HNQ_LS_PLACE_000002_PLACE_000002_HAS_CATEGORY,template,easy,approved,
HNQ_LS_PLACE_000002_PLACE_000002_HAS_COMPONENT,HNQ_LS_PLACE_000002_PLACE_000002_HAS_COMPONENT,PLACE_000002,PLACE_000002,PLACE_000002,"Theo dữ liệu HanoiQA, Khu di tích Cổ Loa có những hạng mục nào?","[""Di chỉ Cầu Vực"",""Di tích Mả Tre"",""Lò đúc mũi tên đồng Cổ Loa"",""Thành Cổ Loa"",""Đền Thượng"",""Đình Ngự Triều Di Quy"",""Am Mỵ Châu"",""Giếng Ngọc"",""Đền Cao Lỗ"",""Chùa Bảo Sơn"",""Nhà trưng bày Khu di tích Cổ Loa""]","[""ARCHSITE_000002"",""ARCHSITE_000003"",""ARCHSITE_000004"",""ARCH_000025"",""ARCH_000030"",""ARCH_000031"",""ARCH_000032"",""ARCH_000033"",""ARCH_000034"",""ARCH_000035"",""ARCH_000036""]","[[""Di chỉ Cầu Vực"",""Di tích Cầu Vực""],[""Di tích Mả Tre"",""Di chỉ Mả Tre""],[""Lò đúc mũi tên đồng Cổ Loa"",""Khu lò đúc đồng Đền Thượng"",""Lò đúc đồng Cổ Loa""],[""Thành Cổ Loa"",""Loa thành"",""Thành Ốc"",""Cổ Loa thành""],[""Đền Thượng"",""Đền thờ An Dương Vương"",""Đền Thục An Dương Vương""],[""Đình Ngự Triều Di Quy"",""Đình Cổ Loa"",""Ngự Triều Di Quy""],[""Am Mỵ Châu"",""Am Bà Chúa"",""Am thờ Mỵ Châu""],[""Giếng Ngọc"",""Giếng Trọng Thủy"",""Hồ Giếng Ngọc""],[""Đền Cao Lỗ"",""Đền thờ tướng Cao Lỗ""],[""Chùa Bảo Sơn"",""Chùa Cổ Loa""],[""Nhà trưng bày Khu di tích Cổ Loa"",""Nhà trưng bày Cổ Loa""]]","[""PLACE_000002""]",list,ArchaeologicalSite|Architecture,1,"[""HAS_COMPONENT""]","[""EDGE_000174"",""EDGE_000175"",""EDGE_000176"",""EDGE_000162"",""EDGE_000167"",""EDGE_000168"",""EDGE_000169"",""EDGE_000170"",""EDGE_000171"",""EDGE_000172"",""EDGE_000173""]","[""EVD_000083"",""EVD_000084"",""EVD_000085"",""EVD_000071"",""EVD_000076"",""EVD_000077"",""EVD_000078"",""EVD_000079"",""EVD_000080"",""EVD_000081"",""EVD_000082""]","[""SRC_000027"",""SRC_000028"",""SRC_000029"",""SRC_000033"",""SRC_000034"",""SRC_000035""]",T_LS_HAS_COMPONENT,FACT_HNQ_LS_PLACE_000002_PLACE_000002_HAS_COMPONENT,template,easy,approved,
HNQ_LS_PLACE_000002_PLACE_000002_HAS_EVENT,HNQ_LS_PLACE_000002_PLACE_000002_HAS_EVENT,PLACE_000002,PLACE_000002,PLACE_000002,Những sự kiện nào được ghi nhận là gắn với Khu di tích Cổ Loa?,"[""Phát hiện kho mũi tên đồng Cầu Vực"",""Phát hiện trống đồng tại Mả Tre""]","[""EVENT_000004"",""EVENT_000005""]","[[""Phát hiện kho mũi tên đồng Cầu Vực"",""Phát hiện mũi tên đồng Cổ Loa năm 1959""],[""Phát hiện trống đồng tại Mả Tre"",""Phát hiện trống đồng Cổ Loa năm 1982""]]","[""PLACE_000002""]",list,Event,1,"[""HAS_EVENT""]","[""EDGE_000190"",""EDGE_000192""]","[""EVD_000099"",""EVD_000101""]","[""SRC_000033"",""SRC_000034""]",T_LS_HAS_EVENT,FACT_HNQ_LS_PLACE_000002_PLACE_000002_HAS_EVENT,template,easy,approved,
HNQ_2H_PLACE_000002_T_2H_COMPONENT_BUILT_BY_PERSON_000013,HNQ_2H_PLACE_000002_T_2H_COMPONENT_BUILT_BY_PERSON_000013,PLACE_000002,PLACE_000002,PLACE_000002,Hạng mục nào của Khu di tích Cổ Loa được An Dương Vương cho xây dựng?,"[""Thành Cổ Loa""]","[""ARCH_000025""]","[[""Thành Cổ Loa"",""Loa thành"",""Thành Ốc"",""Cổ Loa thành""]]","[""PLACE_000002"",""PERSON_000013""]",multi_hop,Architecture,2,"[""HAS_COMPONENT"",""BUILT_BY""]","[""EDGE_000162"",""EDGE_000182""]","[""EVD_000071"",""EVD_000091""]","[""SRC_000027""]",T_2H_COMPONENT_BUILT_BY,FACT_HNQ_2H_PLACE_000002_T_2H_COMPONENT_BUILT_BY_PERSON_000013,template,medium,approved,
HNQ_2H_PLACE_000002_T_2H_COMPONENT_BUILT_IN_TIME_000015,HNQ_2H_PLACE_000002_T_2H_COMPONENT_BUILT_IN_TIME_000015,PLACE_000002,PLACE_000002,PLACE_000002,Hạng mục nào của Khu di tích Cổ Loa được xây dựng vào Khoảng năm 208 trước Công nguyên?,"[""Thành Cổ Loa""]","[""ARCH_000025""]","[[""Thành Cổ Loa"",""Loa thành"",""Thành Ốc"",""Cổ Loa thành""]]","[""PLACE_000002"",""TIME_000015""]",multi_hop,Architecture,2,"[""HAS_COMPONENT"",""BUILT_IN""]","[""EDGE_000162"",""EDGE_000181""]","[""EVD_000071"",""EVD_000090""]","[""SRC_000027""]",T_2H_COMPONENT_BUILT_IN,FACT_HNQ_2H_PLACE_000002_T_2H_COMPONENT_BUILT_IN_TIME_000015,template,medium,approved,
HNQ_2H_PLACE_000002_T_2H_EVENT_LOCATION_all,HNQ_2H_PLACE_000002_T_2H_EVENT_LOCATION_all,PLACE_000002,PLACE_000002,PLACE_000002,Các sự kiện gắn với Khu di tích Cổ Loa được ghi nhận là diễn ra tại những đâu?,"[""Năm 1959"",""Năm 1982""]","[""TIME_000016"",""TIME_000017""]","[[""Năm 1959"",""1959""],[""Năm 1982"",""1982""]]","[""PLACE_000002""]",multi_hop,Time,2,"[""HAS_EVENT"",""OCCURRED_IN""]","[""EDGE_000190"",""EDGE_000191"",""EDGE_000192"",""EDGE_000193""]","[""EVD_000099"",""EVD_000100"",""EVD_000101"",""EVD_000102""]","[""SRC_000033"",""SRC_000034""]",T_2H_EVENT_LOCATION,FACT_HNQ_2H_PLACE_000002_T_2H_EVENT_LOCATION_all,template,medium,approved,
HNQ_1H_PLACE_000002_EDGE_000158,HNQ_1H_PLACE_000002_EDGE_000158,PLACE_000002,PLACE_000002,PLACE_000002,Khu di tích Cổ Loa nằm tại thành phố nào?,"[""Thành phố Hà Nội""]","[""ADMIN_000002""]","[[""Thành phố Hà Nội"",""Hà Nội""]]","[""PLACE_000002""]",single_hop,AdministrativeArea,1,"[""LOCATED_IN""]","[""EDGE_000158""]","[""EVD_000067""]","[""SRC_000027""]",T_1H_LOCATED_IN,FACT_HNQ_1H_PLACE_000002_EDGE_000158,template,easy,approved,
HNQ_1H_PLACE_000002_EDGE_000161,HNQ_1H_PLACE_000002_EDGE_000161,PLACE_000002,PLACE_000002,PLACE_000002,Khu di tích Cổ Loa được công nhận với danh hiệu nào?,"[""Di tích quốc gia đặc biệt""]","[""HSTATUS_000003""]","[[""Di tích quốc gia đặc biệt"",""Di tích Quốc gia đặc biệt""]]","[""PLACE_000002""]",single_hop,HeritageStatus,1,"[""RECOGNIZED_AS""]","[""EDGE_000161""]","[""EVD_000070""]","[""SRC_000037""]",T_1H_RECOGNIZED_AS,FACT_HNQ_1H_PLACE_000002_EDGE_000161,template,easy,approved,
HNQ_1H_PLACE_000002_EDGE_000181,HNQ_1H_PLACE_000002_EDGE_000181,PLACE_000002,PLACE_000002,ARCH_000025,Thành Cổ Loa được xây dựng vào thời điểm nào?,"[""Khoảng năm 208 trước Công nguyên""]","[""TIME_000015""]","[[""Khoảng năm 208 trước Công nguyên"",""Khoảng 208 TCN"",""Thế kỷ III trước Công nguyên""]]","[""ARCH_000025""]",single_hop,Time,1,"[""BUILT_IN""]","[""EDGE_000181""]","[""EVD_000090""]","[""SRC_000027""]",T_1H_BUILT_IN,FACT_HNQ_1H_PLACE_000002_EDGE_000181,template,easy,approved,
HNQ_1H_PLACE_000002_EDGE_000182,HNQ_1H_PLACE_000002_EDGE_000182,PLACE_000002,PLACE_000002,ARCH_000025,Nhân vật nào cho xây dựng Thành Cổ Loa?,"[""An Dương Vương""]","[""PERSON_000013""]","[[""An Dương Vương"",""Thục Phán"",""Vua Thục""]]","[""ARCH_000025""]",single_hop,Person,1,"[""BUILT_BY""]","[""EDGE_000182""]","[""EVD_000091""]","[""SRC_000027""]",T_1H_BUILT_BY,FACT_HNQ_1H_PLACE_000002_EDGE_000182,template,easy,approved,
HNQ_1H_PLACE_000002_EDGE_000194,HNQ_1H_PLACE_000002_EDGE_000194,PLACE_000002,PLACE_000002,HOBJ_000007,Trống đồng Cổ Loa được công nhận với danh hiệu nào?,"[""Bảo vật quốc gia""]","[""HSTATUS_000004""]","[[""Bảo vật quốc gia"",""Bảo vật Quốc gia""]]","[""HOBJ_000007""]",single_hop,HeritageStatus,1,"[""RECOGNIZED_AS""]","[""EDGE_000194""]","[""EVD_000103""]","[""SRC_000034""]",T_1H_RECOGNIZED_AS,FACT_HNQ_1H_PLACE_000002_EDGE_000194,template,easy,approved,
HNQ_1H_PLACE_000002_EDGE_000195,HNQ_1H_PLACE_000002_EDGE_000195,PLACE_000002,PLACE_000002,HOBJ_000008,Sưu tập khuôn đúc Cổ Loa được công nhận với danh hiệu nào?,"[""Bảo vật quốc gia""]","[""HSTATUS_000004""]","[[""Bảo vật quốc gia"",""Bảo vật Quốc gia""]]","[""HOBJ_000008""]",single_hop,HeritageStatus,1,"[""RECOGNIZED_AS""]","[""EDGE_000195""]","[""EVD_000104""]","[""SRC_000036""]",T_1H_RECOGNIZED_AS,FACT_HNQ_1H_PLACE_000002_EDGE_000195,template,easy,approved,
HNQ_1H_PLACE_000002_EDGE_000197,HNQ_1H_PLACE_000002_EDGE_000197,PLACE_000002,PLACE_000002,PLACE_000002,Đơn vị nào quản lý Khu di tích Cổ Loa?,"[""Trung tâm Bảo tồn Di sản Thăng Long – Hà Nội""]","[""ORG_000002""]","[[""Trung tâm Bảo tồn Di sản Thăng Long – Hà Nội"",""Trung tâm Thăng Long""]]","[""PLACE_000002""]",single_hop,Organization,1,"[""MANAGED_BY""]","[""EDGE_000197""]","[""EVD_000106""]","[""SRC_000013""]",T_1H_MANAGED_BY,FACT_HNQ_1H_PLACE_000002_EDGE_000197,template,easy,approved,
HNQ_1H_PLACE_000002_EDGE_000878,HNQ_1H_PLACE_000002_EDGE_000878,PLACE_000002,PLACE_000002,PLACE_000002,"Theo nguồn đã lưu, Khu di tích Cổ Loa có địa chỉ nào?","[""Xã Đông Anh, thành phố Hà Nội""]","[""ADDRESS_000020""]","[[""Xã Đông Anh, thành phố Hà Nội"",""Đông Anh, Hà Nội""]]","[""PLACE_000002""]",single_hop,Address,1,"[""HAS_ADDRESS""]","[""EDGE_000878""]","[""EVD_000372""]","[""SRC_000125""]",T_1H_HAS_ADDRESS,FACT_HNQ_1H_PLACE_000002_EDGE_000878,template,easy,approved,
HNQ_LS_PLACE_000003_ARCH_000053_HAS_COMPONENT,HNQ_LS_PLACE_000003_ARCH_000053_HAS_COMPONENT,PLACE_000003,PLACE_000003,ARCH_000053,"Theo dữ liệu HanoiQA, Thân tháp Cột cờ Hà Nội có những hạng mục nào?","[""Cầu thang xoắn trong thân tháp Cột cờ Hà Nội"",""Nhóm ô cửa hình hoa thị Cột cờ Hà Nội"",""Nhóm ô cửa hình rẻ quạt Cột cờ Hà Nội""]","[""ARCH_000055"",""ARCH_000059"",""ARCH_000060""]","[[""Cầu thang xoắn trong thân tháp Cột cờ Hà Nội""],[""Nhóm ô cửa hình hoa thị Cột cờ Hà Nội""],[""Nhóm ô cửa hình rẻ quạt Cột cờ Hà Nội""]]","[""ARCH_000053""]",list,Architecture,1,"[""HAS_COMPONENT""]","[""EDGE_000283"",""EDGE_000284"",""EDGE_000285""]","[""EVD_000192""]","[""SRC_000056""]",T_LS_HAS_COMPONENT,FACT_HNQ_LS_PLACE_000003_ARCH_000053_HAS_COMPONENT,template,easy,approved,
HNQ_LS_PLACE_000003_ARCH_000054_HAS_COMPONENT,HNQ_LS_PLACE_000003_ARCH_000054_HAS_COMPONENT,PLACE_000003,PLACE_000003,ARCH_000054,"Theo dữ liệu HanoiQA, Lầu vọng canh Cột cờ Hà Nội có những hạng mục nào?","[""Nhóm cửa sổ lầu vọng canh Cột cờ Hà Nội"",""Trụ tròn giữa lầu vọng canh Cột cờ Hà Nội""]","[""ARCH_000061"",""ARCH_000062""]","[[""Nhóm cửa sổ lầu vọng canh Cột cờ Hà Nội""],[""Trụ tròn giữa lầu vọng canh Cột cờ Hà Nội""]]","[""ARCH_000054""]",list,Architecture,1,"[""HAS_COMPONENT""]","[""EDGE_000286"",""EDGE_000287""]","[""EVD_000192""]","[""SRC_000056""]",T_LS_HAS_COMPONENT,FACT_HNQ_LS_PLACE_000003_ARCH_000054_HAS_COMPONENT,template,easy,approved,
HNQ_LS_PLACE_000003_PLACE_000003_HAS_COMPONENT,HNQ_LS_PLACE_000003_PLACE_000003_HAS_COMPONENT,PLACE_000003,PLACE_000003,PLACE_000003,"Theo dữ liệu HanoiQA, Cột cờ Hà Nội có những hạng mục nào?","[""Tầng đế thứ nhất Cột cờ Hà Nội"",""Tầng đế thứ hai Cột cờ Hà Nội"",""Tầng đế thứ ba Cột cờ Hà Nội"",""Thân tháp Cột cờ Hà Nội"",""Lầu vọng canh Cột cờ Hà Nội"",""Cửa Đông Nghênh Húc Cột cờ Hà Nội"",""Cửa Tây Hồi Quang Cột cờ Hà Nội"",""Cửa Nam Hướng Minh Cột cờ Hà Nội""]","[""ARCH_000050"",""ARCH_000051"",""ARCH_000052"",""ARCH_000053"",""ARCH_000054"",""ARCH_000056"",""ARCH_000057"",""ARCH_000058""]","[[""Tầng đế thứ nhất Cột cờ Hà Nội""],[""Tầng đế thứ hai Cột cờ Hà Nội""],[""Tầng đế thứ ba Cột cờ Hà Nội""],[""Thân tháp Cột cờ Hà Nội""],[""Lầu vọng canh Cột cờ Hà Nội""],[""Cửa Đông Nghênh Húc Cột cờ Hà Nội""],[""Cửa Tây Hồi Quang Cột cờ Hà Nội""],[""Cửa Nam Hướng Minh Cột cờ Hà Nội""]]","[""PLACE_000003""]",list,Architecture,1,"[""HAS_COMPONENT""]","[""EDGE_000278"",""EDGE_000279"",""EDGE_000280"",""EDGE_000281"",""EDGE_000282"",""EDGE_000288"",""EDGE_000289"",""EDGE_000290""]","[""EVD_000189"",""EVD_000193""]","[""SRC_000057""]",T_LS_HAS_COMPONENT,FACT_HNQ_LS_PLACE_000003_PLACE_000003_HAS_COMPONENT,template,easy,approved,
HNQ_2H_PLACE_000003_T_2H_COMPONENT_BUILT_WITH_MATERIAL_000003,HNQ_2H_PLACE_000003_T_2H_COMPONENT_BUILT_WITH_MATERIAL_000003,PLACE_000003,PLACE_000003,PLACE_000003,Hạng mục nào của Cột cờ Hà Nội được xây dựng bằng Gạch?,"[""Tầng đế thứ nhất Cột cờ Hà Nội"",""Tầng đế thứ hai Cột cờ Hà Nội"",""Tầng đế thứ ba Cột cờ Hà Nội""]","[""ARCH_000050"",""ARCH_000051"",""ARCH_000052""]","[[""Tầng đế thứ nhất Cột cờ Hà Nội""],[""Tầng đế thứ hai Cột cờ Hà Nội""],[""Tầng đế thứ ba Cột cờ Hà Nội""]]","[""PLACE_000003"",""MATERIAL_000003""]",multi_hop,Architecture,2,"[""HAS_COMPONENT"",""BUILT_WITH""]","[""EDGE_000278"",""EDGE_000313"",""EDGE_000279"",""EDGE_000314"",""EDGE_000280"",""EDGE_000315""]","[""EVD_000189"",""EVD_000191""]","[""SRC_000057""]",T_2H_COMPONENT_BUILT_WITH,FACT_HNQ_2H_PLACE_000003_T_2H_COMPONENT_BUILT_WITH_MATERIAL_000003,template,medium,approved,
HNQ_2H_PLACE_000003_T_2H_COMPONENT_USED_FOR_ACTIVITY_000013,HNQ_2H_PLACE_000003_T_2H_COMPONENT_USED_FOR_ACTIVITY_000013,PLACE_000003,PLACE_000003,PLACE_000003,Hạng mục nào của Cột cờ Hà Nội từng được sử dụng để Quan sát quân sự?,"[""Lầu vọng canh Cột cờ Hà Nội""]","[""ARCH_000054""]","[[""Lầu vọng canh Cột cờ Hà Nội""]]","[""PLACE_000003"",""ACTIVITY_000013""]",multi_hop,Architecture,2,"[""HAS_COMPONENT"",""USED_FOR""]","[""EDGE_000282"",""EDGE_000310""]","[""EVD_000189"",""EVD_000196""]","[""SRC_000057""]",T_2H_COMPONENT_USED_FOR,FACT_HNQ_2H_PLACE_000003_T_2H_COMPONENT_USED_FOR_ACTIVITY_000013,template,medium,approved,
HNQ_2H_PLACE_000003_T_2H_EVENT_LOCATION_all,HNQ_2H_PLACE_000003_T_2H_EVENT_LOCATION_all,PLACE_000003,PLACE_000003,PLACE_000003,Các sự kiện gắn với Cột cờ Hà Nội được ghi nhận là diễn ra tại những đâu?,"[""Ngày 10 tháng 10 năm 1954""]","[""TIME_000029""]","[[""Ngày 10 tháng 10 năm 1954"",""10/10/1954"",""1954-10-10""]]","[""PLACE_000003""]",multi_hop,Time,2,"[""HAS_EVENT"",""OCCURRED_IN""]","[""EDGE_000307"",""EDGE_000308""]","[""EVD_000195""]","[""SRC_000056""]",T_2H_EVENT_LOCATION,FACT_HNQ_2H_PLACE_000003_T_2H_EVENT_LOCATION_all,template,medium,approved,
HNQ_1H_PLACE_000003_EDGE_000095,HNQ_1H_PLACE_000003_EDGE_000095,PLACE_000003,PLACE_000003,PLACE_000003,Cột cờ Hà Nội được hoàn thành vào thời điểm nào?,"[""Năm 1812""]","[""TIME_000006""]","[[""Năm 1812"",""1812""]]","[""PLACE_000003""]",single_hop,Time,1,"[""BUILT_IN""]","[""EDGE_000095""]","[""EVD_000187""]","[""SRC_000056""]",T_1H_BUILT_IN,FACT_HNQ_1H_PLACE_000003_EDGE_000095,template,easy,approved,
HNQ_1H_PLACE_000003_EDGE_000096,HNQ_1H_PLACE_000003_EDGE_000096,PLACE_000003,PLACE_000003,PLACE_000003,Cột cờ Hà Nội được xây dựng dưới triều đại nào?,"[""Nhà Nguyễn""]","[""DYNASTY_000006""]","[[""Nhà Nguyễn"",""Triều Nguyễn""]]","[""PLACE_000003""]",single_hop,Dynasty,1,"[""BUILT_BY""]","[""EDGE_000096""]","[""EVD_000187""]","[""SRC_000056""]",T_1H_BUILT_BY,FACT_HNQ_1H_PLACE_000003_EDGE_000096,template,easy,approved,
HNQ_1H_PLACE_000003_EDGE_000291,HNQ_1H_PLACE_000003_EDGE_000291,PLACE_000003,PLACE_000003,ARCH_000050,Tầng đế thứ nhất Cột cờ Hà Nội cao bao nhiêu?,"[""3,1 m""]","[""VALUE_000015""]","[[""3,1 m""]]","[""ARCH_000050""]",single_hop,Value,1,"[""HAS_MEASUREMENT""]","[""EDGE_000291""]","[""EVD_000190""]","[""SRC_000057""]",T_1H_HAS_MEASUREMENT,FACT_HNQ_1H_PLACE_000003_EDGE_000291,template,easy,approved,
HNQ_1H_PLACE_000003_EDGE_000292,HNQ_1H_PLACE_000003_EDGE_000292,PLACE_000003,PLACE_000003,ARCH_000050,Tầng đế thứ nhất Cột cờ Hà Nội dài bao nhiêu?,"[""42,5 m""]","[""VALUE_000016""]","[[""42,5 m""]]","[""ARCH_000050""]",single_hop,Value,1,"[""HAS_MEASUREMENT""]","[""EDGE_000292""]","[""EVD_000190""]","[""SRC_000057""]",T_1H_HAS_MEASUREMENT,FACT_HNQ_1H_PLACE_000003_EDGE_000292,template,easy,approved,
HNQ_1H_PLACE_000003_EDGE_000293,HNQ_1H_PLACE_000003_EDGE_000293,PLACE_000003,PLACE_000003,ARCH_000051,Tầng đế thứ hai Cột cờ Hà Nội cao bao nhiêu?,"[""3,7 m""]","[""VALUE_000017""]","[[""3,7 m""]]","[""ARCH_000051""]",single_hop,Value,1,"[""HAS_MEASUREMENT""]","[""EDGE_000293""]","[""EVD_000190""]","[""SRC_000057""]",T_1H_HAS_MEASUREMENT,FACT_HNQ_1H_PLACE_000003_EDGE_000293,template,easy,approved,
HNQ_1H_PLACE_000003_EDGE_000294,HNQ_1H_PLACE_000003_EDGE_000294,PLACE_000003,PLACE_000003,ARCH_000051,Tầng đế thứ hai Cột cờ Hà Nội dài bao nhiêu?,"[""27 m""]","[""VALUE_000018""]","[[""27 m""]]","[""ARCH_000051""]",single_hop,Value,1,"[""HAS_MEASUREMENT""]","[""EDGE_000294""]","[""EVD_000190""]","[""SRC_000057""]",T_1H_HAS_MEASUREMENT,FACT_HNQ_1H_PLACE_000003_EDGE_000294,template,easy,approved,
HNQ_1H_PLACE_000003_EDGE_000295,HNQ_1H_PLACE_000003_EDGE_000295,PLACE_000003,PLACE_000003,ARCH_000052,Tầng đế thứ ba Cột cờ Hà Nội cao bao nhiêu?,"[""5,1 m""]","[""VALUE_000019""]","[[""5,1 m""]]","[""ARCH_000052""]",single_hop,Value,1,"[""HAS_MEASUREMENT""]","[""EDGE_000295""]","[""EVD_000190""]","[""SRC_000057""]",T_1H_HAS_MEASUREMENT,FACT_HNQ_1H_PLACE_000003_EDGE_000295,template,easy,approved,
HNQ_1H_PLACE_000003_EDGE_000296,HNQ_1H_PLACE_000003_EDGE_000296,PLACE_000003,PLACE_000003,ARCH_000052,Tầng đế thứ ba Cột cờ Hà Nội dài bao nhiêu?,"[""12,8 m""]","[""VALUE_000020""]","[[""12,8 m""]]","[""ARCH_000052""]",single_hop,Value,1,"[""HAS_MEASUREMENT""]","[""EDGE_000296""]","[""EVD_000190""]","[""SRC_000057""]",T_1H_HAS_MEASUREMENT,FACT_HNQ_1H_PLACE_000003_EDGE_000296,template,easy,approved,
HNQ_1H_PLACE_000003_EDGE_000297,HNQ_1H_PLACE_000003_EDGE_000297,PLACE_000003,PLACE_000003,ARCH_000055,Cầu thang xoắn trong thân tháp Cột cờ Hà Nội có bao nhiêu bậc?,"[""54 bậc""]","[""VALUE_000021""]","[[""54 bậc""]]","[""ARCH_000055""]",single_hop,Value,1,"[""HAS_MEASUREMENT""]","[""EDGE_000297""]","[""EVD_000192""]","[""SRC_000056""]",T_1H_HAS_MEASUREMENT,FACT_HNQ_1H_PLACE_000003_EDGE_000297,template,easy,approved,
HNQ_1H_PLACE_000003_EDGE_000298,HNQ_1H_PLACE_000003_EDGE_000298,PLACE_000003,PLACE_000003,ARCH_000059,Số ô cửa hình hoa thị trên Cột cờ Hà Nội là bao nhiêu?,"[""39 ô cửa""]","[""VALUE_000022""]","[[""39 ô cửa""]]","[""ARCH_000059""]",single_hop,Value,1,"[""HAS_MEASUREMENT""]","[""EDGE_000298""]","[""EVD_000192""]","[""SRC_000056""]",T_1H_HAS_MEASUREMENT,FACT_HNQ_1H_PLACE_000003_EDGE_000298,template,easy,approved,
HNQ_1H_PLACE_000003_EDGE_000299,HNQ_1H_PLACE_000003_EDGE_000299,PLACE_000003,PLACE_000003,ARCH_000060,Số nhóm ô cửa hình rẻ quạt trên Cột cờ Hà Nội là bao nhiêu?,"[""6 ô cửa""]","[""VALUE_000023""]","[[""6 ô cửa""]]","[""ARCH_000060""]",single_hop,Value,1,"[""HAS_MEASUREMENT""]","[""EDGE_000299""]","[""EVD_000192""]","[""SRC_000056""]",T_1H_HAS_MEASUREMENT,FACT_HNQ_1H_PLACE_000003_EDGE_000299,template,easy,approved,
HNQ_1H_PLACE_000003_EDGE_000300,HNQ_1H_PLACE_000003_EDGE_000300,PLACE_000003,PLACE_000003,ARCH_000061,Số nhóm cửa sổ lầu vọng canh trên Cột cờ Hà Nội là bao nhiêu?,"[""8 cửa sổ""]","[""VALUE_000024""]","[[""8 cửa sổ""]]","[""ARCH_000061""]",single_hop,Value,1,"[""HAS_MEASUREMENT""]","[""EDGE_000300""]","[""EVD_000192""]","[""SRC_000056""]",T_1H_HAS_MEASUREMENT,FACT_HNQ_1H_PLACE_000003_EDGE_000300,template,easy,approved,
HNQ_1H_PLACE_000003_EDGE_000301,HNQ_1H_PLACE_000003_EDGE_000301,PLACE_000003,PLACE_000003,ARCH_000054,Lầu vọng canh Cột cờ Hà Nội cao bao nhiêu?,"[""3,3 m""]","[""VALUE_000025""]","[[""3,3 m""]]","[""ARCH_000054""]",single_hop,Value,1,"[""HAS_MEASUREMENT""]","[""EDGE_000301""]","[""EVD_000192""]","[""SRC_000056""]",T_1H_HAS_MEASUREMENT,FACT_HNQ_1H_PLACE_000003_EDGE_000301,template,easy,approved,
HNQ_1H_PLACE_000003_EDGE_000302,HNQ_1H_PLACE_000003_EDGE_000302,PLACE_000003,PLACE_000003,ARCH_000062,Số đo đường kính của Trụ tròn giữa lầu vọng canh Cột cờ Hà Nội là bao nhiêu?,"[""0,4 m""]","[""VALUE_000026""]","[[""0,4 m""]]","[""ARCH_000062""]",single_hop,Value,1,"[""HAS_MEASUREMENT""]","[""EDGE_000302""]","[""EVD_000192""]","[""SRC_000056""]",T_1H_HAS_MEASUREMENT,FACT_HNQ_1H_PLACE_000003_EDGE_000302,template,easy,approved,
HNQ_1H_PLACE_000003_EDGE_000303,HNQ_1H_PLACE_000003_EDGE_000303,PLACE_000003,PLACE_000003,PLACE_000003,Cột cờ Hà Nội nằm tại vị trí nào?,"[""Đường Điện Biên Phủ""]","[""LOCATION_000002""]","[[""Đường Điện Biên Phủ"",""Phố Điện Biên Phủ""]]","[""PLACE_000003""]",single_hop,Location,1,"[""LOCATED_IN""]","[""EDGE_000303""]","[""EVD_000188""]","[""SRC_000056""]",T_1H_LOCATED_IN,FACT_HNQ_1H_PLACE_000003_EDGE_000303,template,easy,approved,
HNQ_1H_PLACE_000003_EDGE_000304,HNQ_1H_PLACE_000003_EDGE_000304,PLACE_000003,PLACE_000003,PLACE_000003,Cột cờ Hà Nội nằm tại thành phố nào?,"[""Thành phố Hà Nội""]","[""ADMIN_000002""]","[[""Thành phố Hà Nội"",""Hà Nội""]]","[""PLACE_000003""]",single_hop,AdministrativeArea,1,"[""LOCATED_IN""]","[""EDGE_000304""]","[""EVD_000188""]","[""SRC_000056""]",T_1H_LOCATED_IN,FACT_HNQ_1H_PLACE_000003_EDGE_000304,template,easy,approved,
HNQ_1H_PLACE_000003_EDGE_000305,HNQ_1H_PLACE_000003_EDGE_000305,PLACE_000003,PLACE_000003,PLACE_000003,Cột cờ Hà Nội được công nhận với danh hiệu nào?,"[""Di tích lịch sử quốc gia""]","[""HSTATUS_000005""]","[[""Di tích lịch sử quốc gia"",""Di tích cấp quốc gia"",""Di tích lịch sử Quốc gia""]]","[""PLACE_000003""]",single_hop,HeritageStatus,1,"[""RECOGNIZED_AS""]","[""EDGE_000305""]","[""EVD_000194""]","[""SRC_000058""]",T_1H_RECOGNIZED_AS,FACT_HNQ_1H_PLACE_000003_EDGE_000305,template,easy,approved,
HNQ_1H_PLACE_000003_EDGE_000306,HNQ_1H_PLACE_000003_EDGE_000306,PLACE_000003,PLACE_000003,PLACE_000003,Cột cờ Hà Nội được công nhận là Di tích quốc gia vào thời điểm nào?,"[""Năm 1989""]","[""TIME_000028""]","[[""Năm 1989"",""1989""]]","[""PLACE_000003""]",single_hop,Time,1,"[""RECOGNIZED_IN""]","[""EDGE_000306""]","[""EVD_000194""]","[""SRC_000058""]",T_1H_RECOGNIZED_IN,FACT_HNQ_1H_PLACE_000003_EDGE_000306,template,easy,approved,
HNQ_1H_PLACE_000003_EDGE_000311,HNQ_1H_PLACE_000003_EDGE_000311,PLACE_000003,PLACE_000003,PLACE_000003,Cột cờ Hà Nội được khởi công vào thời điểm nào?,"[""Năm 1805""]","[""TIME_000014""]","[[""Năm 1805"",""1805""]]","[""PLACE_000003""]",single_hop,Time,1,"[""BUILT_IN""]","[""EDGE_000311""]","[""EVD_000187""]","[""SRC_000056""]",T_1H_BUILT_IN,FACT_HNQ_1H_PLACE_000003_EDGE_000311,template,easy,approved,
HNQ_1H_PLACE_000003_EDGE_000312,HNQ_1H_PLACE_000003_EDGE_000312,PLACE_000003,PLACE_000003,PLACE_000003,Nhân vật nào cho xây dựng Cột cờ Hà Nội?,"[""Gia Long""]","[""PERSON_000004""]","[[""Gia Long"",""Nguyễn Phúc Ánh""]]","[""PLACE_000003""]",single_hop,Person,1,"[""BUILT_BY""]","[""EDGE_000312""]","[""EVD_000187""]","[""SRC_000056""]",T_1H_BUILT_BY,FACT_HNQ_1H_PLACE_000003_EDGE_000312,template,easy,approved,
HNQ_1H_PLACE_000003_EDGE_000879,HNQ_1H_PLACE_000003_EDGE_000879,PLACE_000003,PLACE_000003,PLACE_000003,"Theo nguồn đã lưu, Cột cờ Hà Nội có địa chỉ nào?","[""Số 28A đường Điện Biên Phủ, phường Ba Đình, Hà Nội""]","[""ADDRESS_000021""]","[[""Số 28A đường Điện Biên Phủ, phường Ba Đình, Hà Nội""]]","[""PLACE_000003""]",single_hop,Address,1,"[""HAS_ADDRESS""]","[""EDGE_000879""]","[""EVD_000373""]","[""SRC_000126""]",T_1H_HAS_ADDRESS,FACT_HNQ_1H_PLACE_000003_EDGE_000879,template,easy,approved,
HNQ_LS_PLACE_000004_ARCH_000014_HAS_COMPONENT,HNQ_LS_PLACE_000004_ARCH_000014_HAS_COMPONENT,PLACE_000004,PLACE_000004,ARCH_000014,"Theo dữ liệu HanoiQA, Vườn bia Tiến sĩ có những hạng mục nào?","[""Giếng Thiên Quang"",""82 bia Tiến sĩ""]","[""ARCH_000024"",""HOBJ_000005""]","[[""Giếng Thiên Quang"",""Thiên Quang Tỉnh"",""Giếng Thiên Quang Tỉnh""],[""82 bia Tiến sĩ"",""Bia Tiến sĩ triều Lê – Mạc"",""Doctoral Stelae""]]","[""ARCH_000014""]",list,Architecture|HeritageObject,1,"[""HAS_COMPONENT""]","[""EDGE_000132"",""EDGE_000133""]","[""EVD_000041"",""EVD_000042""]","[""SRC_000021""]",T_LS_HAS_COMPONENT,FACT_HNQ_LS_PLACE_000004_ARCH_000014_HAS_COMPONENT,template,easy,approved,
HNQ_LS_PLACE_000004_ARCH_000016_HAS_COMPONENT,HNQ_LS_PLACE_000004_ARCH_000016_HAS_COMPONENT,PLACE_000004,PLACE_000004,ARCH_000016,"Theo dữ liệu HanoiQA, Khu Thái Học có những hạng mục nào?","[""Nhà Thái Học"",""Nhà Chuông"",""Nhà Trống""]","[""ARCH_000019"",""ARCH_000022"",""ARCH_000023""]","[[""Nhà Thái Học"",""Nhà Thái học""],[""Nhà Chuông"",""Lầu Chuông""],[""Nhà Trống"",""Lầu Trống""]]","[""ARCH_000016""]",list,Architecture,1,"[""HAS_COMPONENT""]","[""EDGE_000135"",""EDGE_000138"",""EDGE_000139""]","[""EVD_000044"",""EVD_000047"",""EVD_000048""]","[""SRC_000022"",""SRC_000023""]",T_LS_HAS_COMPONENT,FACT_HNQ_LS_PLACE_000004_ARCH_000016_HAS_COMPONENT,template,easy,approved,
HNQ_LS_PLACE_000004_ARCH_000019_HAS_COMPONENT,HNQ_LS_PLACE_000004_ARCH_000019_HAS_COMPONENT,PLACE_000004,PLACE_000004,ARCH_000019,"Theo dữ liệu HanoiQA, Nhà Thái Học có những hạng mục nào?","[""Nhà Tiền Đường"",""Nhà Hậu Đường""]","[""ARCH_000020"",""ARCH_000021""]","[[""Nhà Tiền Đường"",""Tiền Đường""],[""Nhà Hậu Đường"",""Hậu Đường"",""Hậu cung""]]","[""ARCH_000019""]",list,Architecture,1,"[""HAS_COMPONENT""]","[""EDGE_000136"",""EDGE_000137""]","[""EVD_000045"",""EVD_000046""]","[""SRC_000022""]",T_LS_HAS_COMPONENT,FACT_HNQ_LS_PLACE_000004_ARCH_000019_HAS_COMPONENT,template,easy,approved,
HNQ_LS_PLACE_000004_ARCH_000021_HONORS,HNQ_LS_PLACE_000004_ARCH_000021_HONORS,PLACE_000004,PLACE_000004,ARCH_000021,Nhà Hậu Đường thờ hoặc tưởng niệm những nhân vật nào?,"[""Lê Thánh Tông"",""Lý Thánh Tông"",""Lý Nhân Tông"",""Chu Văn An""]","[""PERSON_000003"",""PERSON_000008"",""PERSON_000009"",""PERSON_000010""]","[[""Lê Thánh Tông""],[""Lý Thánh Tông"",""Vua Lý Thánh Tông""],[""Lý Nhân Tông"",""Vua Lý Nhân Tông"",""Càn Đức""],[""Chu Văn An"",""Danh sư Chu Văn An""]]","[""ARCH_000021""]",list,Person,1,"[""HONORS""]","[""EDGE_000154"",""EDGE_000152"",""EDGE_000153"",""EDGE_000151""]","[""EVD_000063"",""EVD_000061"",""EVD_000062"",""EVD_000060""]","[""SRC_000022""]",T_LS_HONORS,FACT_HNQ_LS_PLACE_000004_ARCH_000021_HONORS,template,easy,approved,
HNQ_LS_PLACE_000004_PLACE_000004_ASSOCIATED_WITH_PERSON,HNQ_LS_PLACE_000004_PLACE_000004_ASSOCIATED_WITH_PERSON,PLACE_000004,PLACE_000004,PLACE_000004,Những nhân vật nào được ghi nhận là có liên hệ với Văn Miếu – Quốc Tử Giám?,"[""Lý Thánh Tông"",""Lý Nhân Tông"",""Chu Văn An""]","[""PERSON_000008"",""PERSON_000009"",""PERSON_000010""]","[[""Lý Thánh Tông"",""Vua Lý Thánh Tông""],[""Lý Nhân Tông"",""Vua Lý Nhân Tông"",""Càn Đức""],[""Chu Văn An"",""Danh sư Chu Văn An""]]","[""PLACE_000004""]",list,Person,1,"[""ASSOCIATED_WITH_PERSON""]","[""EDGE_000156"",""EDGE_000157"",""EDGE_000155""]","[""EVD_000065"",""EVD_000066"",""EVD_000064""]","[""SRC_000022"",""SRC_000025""]",T_LS_ASSOCIATED_WITH_PERSON,FACT_HNQ_LS_PLACE_000004_PLACE_000004_ASSOCIATED_WITH_PERSON,template,easy,approved,
HNQ_LS_PLACE_000004_PLACE_000004_HAS_COMPONENT,HNQ_LS_PLACE_000004_PLACE_000004_HAS_COMPONENT,PLACE_000004,PLACE_000004,PLACE_000004,"Theo dữ liệu HanoiQA, Văn Miếu – Quốc Tử Giám có những hạng mục nào?","[""Văn Miếu"",""Quốc Tử Giám"",""Hồ Văn"",""Vườn Giám"",""Khu Nhập Đạo"",""Khu Thành Đạt"",""Vườn bia Tiến sĩ"",""Khu Đại Thành"",""Khu Thái Học""]","[""ARCH_000008"",""ARCH_000009"",""ARCH_000010"",""ARCH_000011"",""ARCH_000012"",""ARCH_000013"",""ARCH_000014"",""ARCH_000015"",""ARCH_000016""]","[[""Văn Miếu"",""Văn Miếu Hà Nội"",""Temple of Literature""],[""Quốc Tử Giám"",""Quốc học viện"",""Thái Học viện""],[""Hồ Văn"",""Hồ Giám"",""Minh Đường hồ""],[""Vườn Giám"",""Giám viên""],[""Khu Nhập Đạo"",""Nhập Đạo""],[""Khu Thành Đạt"",""Thành Đạt""],[""Vườn bia Tiến sĩ"",""Khu Vườn Bia Tiến Sĩ"",""Vườn bia""],[""Khu Đại Thành"",""Đại Thành""],[""Khu Thái Học"",""Khu Thái học"",""Thái Học""]]","[""PLACE_000004""]",list,Architecture,1,"[""HAS_COMPONENT""]","[""EDGE_000122"",""EDGE_000123"",""EDGE_000124"",""EDGE_000125"",""EDGE_000126"",""EDGE_000127"",""EDGE_000128"",""EDGE_000129"",""EDGE_000130""]","[""EVD_000031"",""EVD_000032"",""EVD_000033"",""EVD_000034"",""EVD_000035"",""EVD_000036"",""EVD_000037"",""EVD_000038"",""EVD_000039""]","[""SRC_000019""]",T_LS_HAS_COMPONENT,FACT_HNQ_LS_PLACE_000004_PLACE_000004_HAS_COMPONENT,template,easy,approved,
HNQ_2H_PLACE_000004_T_2H_COMPONENT_BUILT_BY_PERSON_000008,HNQ_2H_PLACE_000004_T_2H_COMPONENT_BUILT_BY_PERSON_000008,PLACE_000004,PLACE_000004,PLACE_000004,Hạng mục nào của Văn Miếu – Quốc Tử Giám được Lý Thánh Tông cho xây dựng?,"[""Văn Miếu""]","[""ARCH_000008""]","[[""Văn Miếu"",""Văn Miếu Hà Nội"",""Temple of Literature""]]","[""PLACE_000004"",""PERSON_000008""]",multi_hop,Architecture,2,"[""HAS_COMPONENT"",""BUILT_BY""]","[""EDGE_000122"",""EDGE_000141""]","[""EVD_000031"",""EVD_000050""]","[""SRC_000019""]",T_2H_COMPONENT_BUILT_BY,FACT_HNQ_2H_PLACE_000004_T_2H_COMPONENT_BUILT_BY_PERSON_000008,template,medium,approved,
HNQ_2H_PLACE_000004_T_2H_COMPONENT_BUILT_BY_PERSON_000009,HNQ_2H_PLACE_000004_T_2H_COMPONENT_BUILT_BY_PERSON_000009,PLACE_000004,PLACE_000004,PLACE_000004,Hạng mục nào của Văn Miếu – Quốc Tử Giám được Lý Nhân Tông cho xây dựng?,"[""Quốc Tử Giám""]","[""ARCH_000009""]","[[""Quốc Tử Giám"",""Quốc học viện"",""Thái Học viện""]]","[""PLACE_000004"",""PERSON_000009""]",multi_hop,Architecture,2,"[""HAS_COMPONENT"",""BUILT_BY""]","[""EDGE_000123"",""EDGE_000144""]","[""EVD_000032"",""EVD_000053""]","[""SRC_000019""]",T_2H_COMPONENT_BUILT_BY,FACT_HNQ_2H_PLACE_000004_T_2H_COMPONENT_BUILT_BY_PERSON_000009,template,medium,approved,
HNQ_2H_PLACE_000004_T_2H_COMPONENT_BUILT_IN_TIME_000012,HNQ_2H_PLACE_000004_T_2H_COMPONENT_BUILT_IN_TIME_000012,PLACE_000004,PLACE_000004,PLACE_000004,Hạng mục nào của Văn Miếu – Quốc Tử Giám được xây dựng vào Năm 1070?,"[""Văn Miếu""]","[""ARCH_000008""]","[[""Văn Miếu"",""Văn Miếu Hà Nội"",""Temple of Literature""]]","[""PLACE_000004"",""TIME_000012""]",multi_hop,Architecture,2,"[""HAS_COMPONENT"",""BUILT_IN""]","[""EDGE_000122"",""EDGE_000140""]","[""EVD_000031"",""EVD_000049""]","[""SRC_000019""]",T_2H_COMPONENT_BUILT_IN,FACT_HNQ_2H_PLACE_000004_T_2H_COMPONENT_BUILT_IN_TIME_000012,template,medium,approved,
HNQ_2H_PLACE_000004_T_2H_COMPONENT_BUILT_IN_TIME_000013,HNQ_2H_PLACE_000004_T_2H_COMPONENT_BUILT_IN_TIME_000013,PLACE_000004,PLACE_000004,PLACE_000004,Hạng mục nào của Văn Miếu – Quốc Tử Giám được xây dựng vào Năm 1076?,"[""Quốc Tử Giám""]","[""ARCH_000009""]","[[""Quốc Tử Giám"",""Quốc học viện"",""Thái Học viện""]]","[""PLACE_000004"",""TIME_000013""]",multi_hop,Architecture,2,"[""HAS_COMPONENT"",""BUILT_IN""]","[""EDGE_000123"",""EDGE_000143""]","[""EVD_000032"",""EVD_000052""]","[""SRC_000019""]",T_2H_COMPONENT_BUILT_IN,FACT_HNQ_2H_PLACE_000004_T_2H_COMPONENT_BUILT_IN_TIME_000013,template,medium,approved,
HNQ_1H_PLACE_000004_EDGE_000118,HNQ_1H_PLACE_000004_EDGE_000118,PLACE_000004,PLACE_000004,PLACE_000004,"Theo nguồn đã lưu, Văn Miếu – Quốc Tử Giám có địa chỉ nào?","[""Số 58 phố Quốc Tử Giám, phường Văn Miếu - Quốc Tử Giám, thành phố Hà Nội""]","[""ADDRESS_000002""]","[[""Số 58 phố Quốc Tử Giám, phường Văn Miếu - Quốc Tử Giám, thành phố Hà Nội"",""58 Quốc Tử Giám"",""No. 58 Quoc Tu Giam Street""]]","[""PLACE_000004""]",single_hop,Address,1,"[""HAS_ADDRESS""]","[""EDGE_000118""]","[""EVD_000027""]","[""SRC_000019""]",T_1H_HAS_ADDRESS,FACT_HNQ_1H_PLACE_000004_EDGE_000118,template,easy,approved,
HNQ_1H_PLACE_000004_EDGE_000119,HNQ_1H_PLACE_000004_EDGE_000119,PLACE_000004,PLACE_000004,PLACE_000004,Văn Miếu – Quốc Tử Giám nằm tại phường nào?,"[""Phường Văn Miếu - Quốc Tử Giám""]","[""ADMIN_000003""]","[[""Phường Văn Miếu - Quốc Tử Giám"",""Phường Văn Miếu – Quốc Tử Giám""]]","[""PLACE_000004""]",single_hop,AdministrativeArea,1,"[""LOCATED_IN""]","[""EDGE_000119""]","[""EVD_000028""]","[""SRC_000019""]",T_1H_LOCATED_IN,FACT_HNQ_1H_PLACE_000004_EDGE_000119,template,easy,approved,
HNQ_1H_PLACE_000004_EDGE_000120,HNQ_1H_PLACE_000004_EDGE_000120,PLACE_000004,PLACE_000004,PLACE_000004,Văn Miếu – Quốc Tử Giám nằm tại thành phố nào?,"[""Thành phố Hà Nội""]","[""ADMIN_000002""]","[[""Thành phố Hà Nội"",""Hà Nội""]]","[""PLACE_000004""]",single_hop,AdministrativeArea,1,"[""LOCATED_IN""]","[""EDGE_000120""]","[""EVD_000029""]","[""SRC_000019""]",T_1H_LOCATED_IN,FACT_HNQ_1H_PLACE_000004_EDGE_000120,template,easy,approved,
HNQ_1H_PLACE_000004_EDGE_000140,HNQ_1H_PLACE_000004_EDGE_000140,PLACE_000004,PLACE_000004,ARCH_000008,Văn Miếu được xây dựng vào thời điểm nào?,"[""Năm 1070""]","[""TIME_000012""]","[[""Năm 1070"",""1070""]]","[""ARCH_000008""]",single_hop,Time,1,"[""BUILT_IN""]","[""EDGE_000140""]","[""EVD_000049""]","[""SRC_000019""]",T_1H_BUILT_IN,FACT_HNQ_1H_PLACE_000004_EDGE_000140,template,easy,approved,
HNQ_1H_PLACE_000004_EDGE_000141,HNQ_1H_PLACE_000004_EDGE_000141,PLACE_000004,PLACE_000004,ARCH_000008,Nhân vật nào cho xây dựng Văn Miếu?,"[""Lý Thánh Tông""]","[""PERSON_000008""]","[[""Lý Thánh Tông"",""Vua Lý Thánh Tông""]]","[""ARCH_000008""]",single_hop,Person,1,"[""BUILT_BY""]","[""EDGE_000141""]","[""EVD_000050""]","[""SRC_000019""]",T_1H_BUILT_BY,FACT_HNQ_1H_PLACE_000004_EDGE_000141,template,easy,approved,
HNQ_1H_PLACE_000004_EDGE_000143,HNQ_1H_PLACE_000004_EDGE_000143,PLACE_000004,PLACE_000004,ARCH_000009,Quốc Tử Giám được xây dựng vào thời điểm nào?,"[""Năm 1076""]","[""TIME_000013""]","[[""Năm 1076"",""1076""]]","[""ARCH_000009""]",single_hop,Time,1,"[""BUILT_IN""]","[""EDGE_000143""]","[""EVD_000052""]","[""SRC_000019""]",T_1H_BUILT_IN,FACT_HNQ_1H_PLACE_000004_EDGE_000143,template,easy,approved,
HNQ_1H_PLACE_000004_EDGE_000144,HNQ_1H_PLACE_000004_EDGE_000144,PLACE_000004,PLACE_000004,ARCH_000009,Nhân vật nào cho xây dựng Quốc Tử Giám?,"[""Lý Nhân Tông""]","[""PERSON_000009""]","[[""Lý Nhân Tông"",""Vua Lý Nhân Tông"",""Càn Đức""]]","[""ARCH_000009""]",single_hop,Person,1,"[""BUILT_BY""]","[""EDGE_000144""]","[""EVD_000053""]","[""SRC_000019""]",T_1H_BUILT_BY,FACT_HNQ_1H_PLACE_000004_EDGE_000144,template,easy,approved,
HNQ_1H_PLACE_000004_EDGE_000145,HNQ_1H_PLACE_000004_EDGE_000145,PLACE_000004,PLACE_000004,ARCH_000017,Khuê Văn Các được xây dựng vào thời điểm nào?,"[""Năm 1805""]","[""TIME_000014""]","[[""Năm 1805"",""1805""]]","[""ARCH_000017""]",single_hop,Time,1,"[""BUILT_IN""]","[""EDGE_000145""]","[""EVD_000054""]","[""SRC_000020""]",T_1H_BUILT_IN,FACT_HNQ_1H_PLACE_000004_EDGE_000145,template,easy,approved,
HNQ_1H_PLACE_000004_EDGE_000146,HNQ_1H_PLACE_000004_EDGE_000146,PLACE_000004,PLACE_000004,ARCH_000017,Nhân vật nào cho xây dựng Khuê Văn Các?,"[""Nguyễn Văn Thành""]","[""PERSON_000012""]","[[""Nguyễn Văn Thành"",""Tổng trấn Bắc Thành Nguyễn Văn Thành""]]","[""ARCH_000017""]",single_hop,Person,1,"[""BUILT_BY""]","[""EDGE_000146""]","[""EVD_000055""]","[""SRC_000020""]",T_1H_BUILT_BY,FACT_HNQ_1H_PLACE_000004_EDGE_000146,template,easy,approved,
HNQ_1H_PLACE_000004_EDGE_000147,HNQ_1H_PLACE_000004_EDGE_000147,PLACE_000004,PLACE_000004,HOBJ_000005,82 bia Tiến sĩ được công nhận với danh hiệu nào?,"[""Di sản tư liệu thế giới""]","[""HSTATUS_000002""]","[[""Di sản tư liệu thế giới"",""Di sản Tư liệu Thế giới"",""Memory of the World""]]","[""HOBJ_000005""]",single_hop,HeritageStatus,1,"[""RECOGNIZED_AS""]","[""EDGE_000147""]","[""EVD_000056""]","[""SRC_000026""]",T_1H_RECOGNIZED_AS,FACT_HNQ_1H_PLACE_000004_EDGE_000147,template,easy,approved,
HNQ_1H_PLACE_000004_EDGE_000148,HNQ_1H_PLACE_000004_EDGE_000148,PLACE_000004,PLACE_000004,HOBJ_000005,Tổ chức nào công nhận 82 bia Tiến sĩ?,"[""UNESCO""]","[""ORG_000001""]","[[""UNESCO"",""Tổ chức Giáo dục Khoa học và Văn hóa Liên Hợp Quốc""]]","[""HOBJ_000005""]",single_hop,Organization,1,"[""RECOGNIZED_BY""]","[""EDGE_000148""]","[""EVD_000057""]","[""SRC_000026""]",T_1H_RECOGNIZED_BY,FACT_HNQ_1H_PLACE_000004_EDGE_000148,template,easy,approved,
HNQ_LS_PLACE_000005_PLACE_000005_ASSOCIATED_WITH_PERSON,HNQ_LS_PLACE_000005_PLACE_000005_ASSOCIATED_WITH_PERSON,PLACE_000005,PLACE_000005,PLACE_000005,Những nhân vật nào được ghi nhận là có liên hệ với Di tích Nhà tù Hỏa Lò?,"[""John Sidney McCain"",""Trần Trọng Duyệt""]","[""PERSON_000017"",""PERSON_000018""]","[[""John Sidney McCain"",""John McCain"",""John Sidney Mc.Cain""],[""Trần Trọng Duyệt"",""Đại tá Trần Trọng Duyệt""]]","[""PLACE_000005""]",list,Person,1,"[""ASSOCIATED_WITH_PERSON""]","[""EDGE_000232"",""EDGE_000233""]","[""EVD_000141"",""EVD_000142""]","[""SRC_000044""]",T_LS_ASSOCIATED_WITH_PERSON,FACT_HNQ_LS_PLACE_000005_PLACE_000005_ASSOCIATED_WITH_PERSON,template,easy,approved,
HNQ_LS_PLACE_000005_PLACE_000005_HAS_ACTIVITY,HNQ_LS_PLACE_000005_PLACE_000005_HAS_ACTIVITY,PLACE_000005,PLACE_000005,PLACE_000005,"Theo dữ liệu HanoiQA, những hoạt động nào được ghi nhận tại Di tích Nhà tù Hỏa Lò?","[""Giáo dục truyền thống yêu nước và cách mạng"",""Tham quan, nghiên cứu và học tập""]","[""ACTIVITY_000009"",""ACTIVITY_000010""]","[[""Giáo dục truyền thống yêu nước và cách mạng"",""Giáo dục truyền thống cách mạng""],[""Tham quan, nghiên cứu và học tập"",""Tham quan và nghiên cứu di tích""]]","[""PLACE_000005""]",list,Activity,1,"[""HAS_ACTIVITY""]","[""EDGE_000236"",""EDGE_000237""]","[""EVD_000145"",""EVD_000146""]","[""SRC_000041""]",T_LS_HAS_ACTIVITY,FACT_HNQ_LS_PLACE_000005_PLACE_000005_HAS_ACTIVITY,template,easy,approved,
HNQ_LS_PLACE_000005_PLACE_000005_HAS_COMPONENT,HNQ_LS_PLACE_000005_PLACE_000005_HAS_COMPONENT,PLACE_000005,PLACE_000005,PLACE_000005,"Theo dữ liệu HanoiQA, Di tích Nhà tù Hỏa Lò có những hạng mục nào?","[""Nhà canh gác Nhà tù Hỏa Lò"",""Cụm bệnh xá Nhà tù Hỏa Lò"",""Khu giam bị can Nhà tù Hỏa Lò"",""Phân xưởng Nhà tù Hỏa Lò"",""Khu giam tù nhân Nhà tù Hỏa Lò"",""Đài tưởng niệm Nhà tù Hỏa Lò"",""Phòng trưng bày cuộc sống tù binh phi công Mỹ"",""Máy chém Nhà tù Hỏa Lò"",""Mô hình tái tạo chiến sĩ cách mạng trong lao tù""]","[""ARCH_000037"",""ARCH_000038"",""ARCH_000039"",""ARCH_000040"",""ARCH_000041"",""ARCH_000042"",""ARCH_000043"",""HOBJ_000009"",""HOBJ_000010""]","[[""Nhà canh gác Nhà tù Hỏa Lò"",""Nhà dùng cho việc canh gác""],[""Cụm bệnh xá Nhà tù Hỏa Lò"",""Hai nhà bệnh xá""],[""Khu giam bị can Nhà tù Hỏa Lò"",""Hai nhà giam bị can""],[""Phân xưởng Nhà tù Hỏa Lò"",""Nhà phân xưởng""],[""Khu giam tù nhân Nhà tù Hỏa Lò"",""Năm nhà giam tù nhân""],[""Đài tưởng niệm Nhà tù Hỏa Lò"",""Khu tưởng niệm""],[""Phòng trưng bày cuộc sống tù binh phi công Mỹ"",""Phòng trưng bày phi công Mỹ"",""American pilots exhibition rooms""],[""Máy chém Nhà tù Hỏa Lò"",""Chiếc máy chém Hỏa Lò""],[""Mô hình tái tạo chiến sĩ cách mạng trong lao tù"",""Mô hình tù nhân Hỏa Lò""]]","[""PLACE_000005""]",list,Architecture|HeritageObject,1,"[""HAS_COMPONENT""]","[""EDGE_000209"",""EDGE_000210"",""EDGE_000211"",""EDGE_000212"",""EDGE_000213"",""EDGE_000214"",""EDGE_000215"",""EDGE_000216"",""EDGE_000217""]","[""EVD_000118"",""EVD_000119"",""EVD_000120"",""EVD_000121"",""EVD_000122"",""EVD_000123"",""EVD_000124"",""EVD_000125"",""EVD_000126""]","[""SRC_000039"",""SRC_000041"",""SRC_000043""]",T_LS_HAS_COMPONENT,FACT_HNQ_LS_PLACE_000005_PLACE_000005_HAS_COMPONENT,template,easy,approved,
HNQ_LS_PLACE_000005_PLACE_000005_HAS_EVENT,HNQ_LS_PLACE_000005_PLACE_000005_HAS_EVENT,PLACE_000005,PLACE_000005,PLACE_000005,Những sự kiện nào được ghi nhận là gắn với Di tích Nhà tù Hỏa Lò?,"[""Xây dựng Nhà tù Hỏa Lò"",""Tiếp quản Nhà tù Hỏa Lò năm 1954"",""Giam giữ phi công Mỹ tại Hỏa Lò"",""Trao trả phi công Mỹ năm 1973""]","[""EVENT_000006"",""EVENT_000007"",""EVENT_000008"",""EVENT_000009""]","[[""Xây dựng Nhà tù Hỏa Lò"",""Khởi công Nhà tù Trung ương""],[""Tiếp quản Nhà tù Hỏa Lò năm 1954"",""Quân đội nhân dân Việt Nam tiếp quản Hỏa Lò""],[""Giam giữ phi công Mỹ tại Hỏa Lò"",""Thời kỳ Hilton Hà Nội""],[""Trao trả phi công Mỹ năm 1973"",""Trao trả tù binh phi công Mỹ""]]","[""PLACE_000005""]",list,Event,1,"[""HAS_EVENT""]","[""EDGE_000224"",""EDGE_000225"",""EDGE_000226"",""EDGE_000227""]","[""EVD_000133"",""EVD_000134"",""EVD_000135"",""EVD_000136""]","[""SRC_000038"",""SRC_000042"",""SRC_000043""]",T_LS_HAS_EVENT,FACT_HNQ_LS_PLACE_000005_PLACE_000005_HAS_EVENT,template,easy,approved,
HNQ_RV_PLACE_000005_PLACE_000005_HAS_MEASUREMENT,HNQ_RV_PLACE_000005_PLACE_000005_HAS_MEASUREMENT,PLACE_000005,PLACE_000005,PLACE_000005,Di tích Nhà tù Hỏa Lò có diện tích ban đầu và hiện tại là bao nhiêu?,"[""12.908 m²"",""2.434 m²""]","[""VALUE_000011"",""VALUE_000012""]","[[""12.908 m²"",""12908 m2""],[""2.434 m²"",""2434 m2""]]","[""PLACE_000005""]",list,Value,1,"[""HAS_MEASUREMENT""]","[""EDGE_000207"",""EDGE_000208""]","[""EVD_000116"",""EVD_000117""]","[""SRC_000038"",""SRC_000042""]",T_1H_HAS_MEASUREMENT,FACT_HNQ_RV_PLACE_000005_PLACE_000005_HAS_MEASUREMENT,template,easy,approved,
HNQ_2H_PLACE_000005_T_2H_EVENT_LOCATION_all,HNQ_2H_PLACE_000005_T_2H_EVENT_LOCATION_all,PLACE_000005,PLACE_000005,PLACE_000005,Các sự kiện gắn với Di tích Nhà tù Hỏa Lò được ghi nhận là diễn ra tại những đâu?,"[""Năm 1896"",""Năm 1954"",""Giai đoạn 1964–1973"",""Ngày 14 tháng 3 năm 1973""]","[""TIME_000018"",""TIME_000019"",""TIME_000020"",""TIME_000022""]","[[""Năm 1896"",""1896""],[""Năm 1954"",""1954""],[""Giai đoạn 1964–1973"",""1964-1973""],[""Ngày 14 tháng 3 năm 1973"",""14/3/1973"",""14-03-1973""]]","[""PLACE_000005""]",multi_hop,Time,2,"[""HAS_EVENT"",""OCCURRED_IN""]","[""EDGE_000224"",""EDGE_000228"",""EDGE_000225"",""EDGE_000229"",""EDGE_000226"",""EDGE_000230"",""EDGE_000227"",""EDGE_000231""]","[""EVD_000133"",""EVD_000137"",""EVD_000134"",""EVD_000138"",""EVD_000135"",""EVD_000139"",""EVD_000136"",""EVD_000140""]","[""SRC_000038"",""SRC_000042"",""SRC_000043""]",T_2H_EVENT_LOCATION,FACT_HNQ_2H_PLACE_000005_T_2H_EVENT_LOCATION_all,template,medium,approved,
HNQ_2H_PLACE_000005_T_2H_EVENT_PERSON_all,HNQ_2H_PLACE_000005_T_2H_EVENT_PERSON_all,PLACE_000005,PLACE_000005,PLACE_000005,Những nhân vật nào tham gia các sự kiện được ghi nhận là gắn với Di tích Nhà tù Hỏa Lò?,"[""John Sidney McCain""]","[""PERSON_000017""]","[[""John Sidney McCain"",""John McCain"",""John Sidney Mc.Cain""]]","[""PLACE_000005""]",multi_hop,Person,2,"[""HAS_EVENT"",""INVOLVED_PERSON""]","[""EDGE_000227"",""EDGE_000235""]","[""EVD_000136"",""EVD_000144""]","[""SRC_000043"",""SRC_000044""]",T_2H_EVENT_PERSON,FACT_HNQ_2H_PLACE_000005_T_2H_EVENT_PERSON_all,template,medium,approved,
HNQ_1H_PLACE_000005_EDGE_000198,HNQ_1H_PLACE_000005_EDGE_000198,PLACE_000005,PLACE_000005,PLACE_000005,"Theo nguồn đã lưu, Di tích Nhà tù Hỏa Lò có địa chỉ nào?","[""Số 1 phố Hỏa Lò, phường Cửa Nam, thành phố Hà Nội""]","[""ADDRESS_000003""]","[[""Số 1 phố Hỏa Lò, phường Cửa Nam, thành phố Hà Nội"",""1 Hỏa Lò"",""No. 1 Hoa Lo Street""]]","[""PLACE_000005""]",single_hop,Address,1,"[""HAS_ADDRESS""]","[""EDGE_000198""]","[""EVD_000107""]","[""SRC_000038""]",T_1H_HAS_ADDRESS,FACT_HNQ_1H_PLACE_000005_EDGE_000198,template,easy,approved,
HNQ_1H_PLACE_000005_EDGE_000199,HNQ_1H_PLACE_000005_EDGE_000199,PLACE_000005,PLACE_000005,PLACE_000005,Di tích Nhà tù Hỏa Lò nằm tại phường nào?,"[""Phường Cửa Nam""]","[""ADMIN_000004""]","[[""Phường Cửa Nam""]]","[""PLACE_000005""]",single_hop,AdministrativeArea,1,"[""LOCATED_IN""]","[""EDGE_000199""]","[""EVD_000108""]","[""SRC_000038""]",T_1H_LOCATED_IN,FACT_HNQ_1H_PLACE_000005_EDGE_000199,template,easy,approved,
HNQ_1H_PLACE_000005_EDGE_000200,HNQ_1H_PLACE_000005_EDGE_000200,PLACE_000005,PLACE_000005,PLACE_000005,Di tích Nhà tù Hỏa Lò nằm tại thành phố nào?,"[""Thành phố Hà Nội""]","[""ADMIN_000002""]","[[""Thành phố Hà Nội"",""Hà Nội""]]","[""PLACE_000005""]",single_hop,AdministrativeArea,1,"[""LOCATED_IN""]","[""EDGE_000200""]","[""EVD_000109""]","[""SRC_000038""]",T_1H_LOCATED_IN,FACT_HNQ_1H_PLACE_000005_EDGE_000200,template,easy,approved,
HNQ_1H_PLACE_000005_EDGE_000202,HNQ_1H_PLACE_000005_EDGE_000202,PLACE_000005,PLACE_000005,PLACE_000005,Di tích Nhà tù Hỏa Lò được xây dựng vào thời điểm nào?,"[""Năm 1896""]","[""TIME_000018""]","[[""Năm 1896"",""1896""]]","[""PLACE_000005""]",single_hop,Time,1,"[""BUILT_IN""]","[""EDGE_000202""]","[""EVD_000111""]","[""SRC_000038""]",T_1H_BUILT_IN,FACT_HNQ_1H_PLACE_000005_EDGE_000202,template,easy,approved,
HNQ_1H_PLACE_000005_EDGE_000203,HNQ_1H_PLACE_000005_EDGE_000203,PLACE_000005,PLACE_000005,PLACE_000005,Cơ quan hoặc tổ chức nào cho xây dựng Di tích Nhà tù Hỏa Lò?,"[""Chính quyền thực dân Pháp""]","[""ORG_000006""]","[[""Chính quyền thực dân Pháp"",""Thực dân Pháp"",""French colonial administration""]]","[""PLACE_000005""]",single_hop,Organization,1,"[""BUILT_BY""]","[""EDGE_000203""]","[""EVD_000112""]","[""SRC_000038""]",T_1H_BUILT_BY,FACT_HNQ_1H_PLACE_000005_EDGE_000203,template,easy,approved,
HNQ_1H_PLACE_000005_EDGE_000204,HNQ_1H_PLACE_000005_EDGE_000204,PLACE_000005,PLACE_000005,PLACE_000005,Di tích Nhà tù Hỏa Lò được công nhận với danh hiệu nào?,"[""Di tích lịch sử quốc gia""]","[""HSTATUS_000005""]","[[""Di tích lịch sử quốc gia"",""Di tích cấp quốc gia"",""Di tích lịch sử Quốc gia""]]","[""PLACE_000005""]",single_hop,HeritageStatus,1,"[""RECOGNIZED_AS""]","[""EDGE_000204""]","[""EVD_000113""]","[""SRC_000041""]",T_1H_RECOGNIZED_AS,FACT_HNQ_1H_PLACE_000005_EDGE_000204,template,easy,approved,
HNQ_1H_PLACE_000005_EDGE_000205,HNQ_1H_PLACE_000005_EDGE_000205,PLACE_000005,PLACE_000005,PLACE_000005,Thời điểm được công nhận di tích lịch sử với Di tích Nhà tù Hỏa Lò là thời điểm nào?,"[""Ngày 18 tháng 6 năm 1997""]","[""TIME_000021""]","[[""Ngày 18 tháng 6 năm 1997"",""18/6/1997"",""18-06-1997""]]","[""PLACE_000005""]",single_hop,Time,1,"[""RECOGNIZED_IN""]","[""EDGE_000205""]","[""EVD_000114""]","[""SRC_000041""]",T_1H_RECOGNIZED_IN,FACT_HNQ_1H_PLACE_000005_EDGE_000205,template,easy,approved,
HNQ_1H_PLACE_000005_EDGE_000206,HNQ_1H_PLACE_000005_EDGE_000206,PLACE_000005,PLACE_000005,PLACE_000005,Đơn vị nào quản lý Di tích Nhà tù Hỏa Lò?,"[""Ban Quản lý Di tích Nhà tù Hỏa Lò""]","[""ORG_000005""]","[[""Ban Quản lý Di tích Nhà tù Hỏa Lò"",""Ban quản lý Hỏa Lò""]]","[""PLACE_000005""]",single_hop,Organization,1,"[""MANAGED_BY""]","[""EDGE_000206""]","[""EVD_000115""]","[""SRC_000040""]",T_1H_MANAGED_BY,FACT_HNQ_1H_PLACE_000005_EDGE_000206,template,easy,approved,
HNQ_1H_PLACE_000005_EDGE_000218,HNQ_1H_PLACE_000005_EDGE_000218,PLACE_000005,PLACE_000005,ARCH_000037,Nhà canh gác Nhà tù Hỏa Lò nằm trong địa danh nào?,"[""Di tích Nhà tù Hỏa Lò""]","[""PLACE_000005""]","[[""Di tích Nhà tù Hỏa Lò"",""Nhà tù Hỏa Lò"",""Hỏa Lò Prison Relic"",""Maison Centrale""]]","[""ARCH_000037""]",single_hop,Place,1,"[""LOCATED_IN""]","[""EDGE_000218""]","[""EVD_000127""]","[""SRC_000039""]",T_1H_LOCATED_IN,FACT_HNQ_1H_PLACE_000005_EDGE_000218,template,easy,approved,
HNQ_1H_PLACE_000005_EDGE_000219,HNQ_1H_PLACE_000005_EDGE_000219,PLACE_000005,PLACE_000005,ARCH_000038,Cụm bệnh xá Nhà tù Hỏa Lò nằm trong địa danh nào?,"[""Di tích Nhà tù Hỏa Lò""]","[""PLACE_000005""]","[[""Di tích Nhà tù Hỏa Lò"",""Nhà tù Hỏa Lò"",""Hỏa Lò Prison Relic"",""Maison Centrale""]]","[""ARCH_000038""]",single_hop,Place,1,"[""LOCATED_IN""]","[""EDGE_000219""]","[""EVD_000128""]","[""SRC_000039""]",T_1H_LOCATED_IN,FACT_HNQ_1H_PLACE_000005_EDGE_000219,template,easy,approved,
HNQ_1H_PLACE_000005_EDGE_000220,HNQ_1H_PLACE_000005_EDGE_000220,PLACE_000005,PLACE_000005,ARCH_000039,Khu giam bị can Nhà tù Hỏa Lò nằm trong địa danh nào?,"[""Di tích Nhà tù Hỏa Lò""]","[""PLACE_000005""]","[[""Di tích Nhà tù Hỏa Lò"",""Nhà tù Hỏa Lò"",""Hỏa Lò Prison Relic"",""Maison Centrale""]]","[""ARCH_000039""]",single_hop,Place,1,"[""LOCATED_IN""]","[""EDGE_000220""]","[""EVD_000129""]","[""SRC_000039""]",T_1H_LOCATED_IN,FACT_HNQ_1H_PLACE_000005_EDGE_000220,template,easy,approved,
HNQ_1H_PLACE_000005_EDGE_000221,HNQ_1H_PLACE_000005_EDGE_000221,PLACE_000005,PLACE_000005,ARCH_000040,Phân xưởng Nhà tù Hỏa Lò nằm trong địa danh nào?,"[""Di tích Nhà tù Hỏa Lò""]","[""PLACE_000005""]","[[""Di tích Nhà tù Hỏa Lò"",""Nhà tù Hỏa Lò"",""Hỏa Lò Prison Relic"",""Maison Centrale""]]","[""ARCH_000040""]",single_hop,Place,1,"[""LOCATED_IN""]","[""EDGE_000221""]","[""EVD_000130""]","[""SRC_000039""]",T_1H_LOCATED_IN,FACT_HNQ_1H_PLACE_000005_EDGE_000221,template,easy,approved,
HNQ_1H_PLACE_000005_EDGE_000222,HNQ_1H_PLACE_000005_EDGE_000222,PLACE_000005,PLACE_000005,ARCH_000041,Khu giam tù nhân Nhà tù Hỏa Lò nằm trong địa danh nào?,"[""Di tích Nhà tù Hỏa Lò""]","[""PLACE_000005""]","[[""Di tích Nhà tù Hỏa Lò"",""Nhà tù Hỏa Lò"",""Hỏa Lò Prison Relic"",""Maison Centrale""]]","[""ARCH_000041""]",single_hop,Place,1,"[""LOCATED_IN""]","[""EDGE_000222""]","[""EVD_000131""]","[""SRC_000039""]",T_1H_LOCATED_IN,FACT_HNQ_1H_PLACE_000005_EDGE_000222,template,easy,approved,
HNQ_1H_PLACE_000005_EDGE_000223,HNQ_1H_PLACE_000005_EDGE_000223,PLACE_000005,PLACE_000005,ARCH_000042,Đài tưởng niệm Nhà tù Hỏa Lò nằm trong địa danh nào?,"[""Di tích Nhà tù Hỏa Lò""]","[""PLACE_000005""]","[[""Di tích Nhà tù Hỏa Lò"",""Nhà tù Hỏa Lò"",""Hỏa Lò Prison Relic"",""Maison Centrale""]]","[""ARCH_000042""]",single_hop,Place,1,"[""LOCATED_IN""]","[""EDGE_000223""]","[""EVD_000132""]","[""SRC_000041""]",T_1H_LOCATED_IN,FACT_HNQ_1H_PLACE_000005_EDGE_000223,template,easy,approved,
HNQ_LS_PLACE_000006_ARCH_000047_HONORS,HNQ_LS_PLACE_000006_ARCH_000047_HONORS,PLACE_000006,PLACE_000006,ARCH_000047,Đền thờ Hoàng đế Quang Trung thờ hoặc tưởng niệm những nhân vật nào?,"[""Quang Trung – Nguyễn Huệ"",""Lê Ngọc Hân""]","[""PERSON_000019"",""PERSON_000020""]","[[""Quang Trung – Nguyễn Huệ"",""Hoàng đế Quang Trung"",""Nguyễn Huệ"",""Nguyễn Quang Bình"",""Bắc Bình Vương""],[""Lê Ngọc Hân"",""Bắc cung Hoàng hậu Ngọc Hân"",""Ngọc Hân công chúa""]]","[""ARCH_000047""]",list,Person,1,"[""HONORS""]","[""EDGE_000269"",""EDGE_000270""]","[""EVD_000178"",""EVD_000179""]","[""SRC_000053""]",T_LS_HONORS,FACT_HNQ_LS_PLACE_000006_ARCH_000047_HONORS,template,easy,approved,
HNQ_LS_PLACE_000006_EVENT_000010_INVOLVED_PERSON,HNQ_LS_PLACE_000006_EVENT_000010_INVOLVED_PERSON,PLACE_000006,PLACE_000006,EVENT_000010,Những nhân vật nào được ghi nhận là tham gia Chiến thắng Ngọc Hồi – Đống Đa?,"[""Quang Trung – Nguyễn Huệ"",""Sầm Nghi Đống""]","[""PERSON_000019"",""PERSON_000021""]","[[""Quang Trung – Nguyễn Huệ"",""Hoàng đế Quang Trung"",""Nguyễn Huệ"",""Nguyễn Quang Bình"",""Bắc Bình Vương""],[""Sầm Nghi Đống"",""Thái thú Điền Châu Sầm Nghi Đống""]]","[""EVENT_000010""]",list,Person,1,"[""INVOLVED_PERSON""]","[""EDGE_000271"",""EDGE_000272""]","[""EVD_000180"",""EVD_000181""]","[""SRC_000046"",""SRC_000051""]",T_LS_INVOLVED_PERSON,FACT_HNQ_LS_PLACE_000006_EVENT_000010_INVOLVED_PERSON,template,easy,approved,
HNQ_LS_PLACE_000006_PLACE_000006_ASSOCIATED_WITH_DYNASTY,HNQ_LS_PLACE_000006_PLACE_000006_ASSOCIATED_WITH_DYNASTY,PLACE_000006,PLACE_000006,PLACE_000006,Di tích Gò Đống Đa được ghi nhận là gắn với những triều đại nào?,"[""Nhà Tây Sơn"",""Nhà Thanh""]","[""DYNASTY_000007"",""DYNASTY_000008""]","[[""Nhà Tây Sơn"",""Triều Tây Sơn"",""Vương triều Tây Sơn""],[""Nhà Thanh"",""Triều Thanh"",""Đại Thanh""]]","[""PLACE_000006""]",list,Dynasty,1,"[""ASSOCIATED_WITH_DYNASTY""]","[""EDGE_000249"",""EDGE_000250""]","[""EVD_000158"",""EVD_000159""]","[""SRC_000046""]",T_LS_ASSOCIATED_WITH_DYNASTY,FACT_HNQ_LS_PLACE_000006_PLACE_000006_ASSOCIATED_WITH_DYNASTY,template,easy,approved,
HNQ_LS_PLACE_000006_PLACE_000006_ASSOCIATED_WITH_PERSON,HNQ_LS_PLACE_000006_PLACE_000006_ASSOCIATED_WITH_PERSON,PLACE_000006,PLACE_000006,PLACE_000006,Những nhân vật nào được ghi nhận là có liên hệ với Di tích Gò Đống Đa?,"[""Quang Trung – Nguyễn Huệ"",""Lê Ngọc Hân"",""Sầm Nghi Đống""]","[""PERSON_000019"",""PERSON_000020"",""PERSON_000021""]","[[""Quang Trung – Nguyễn Huệ"",""Hoàng đế Quang Trung"",""Nguyễn Huệ"",""Nguyễn Quang Bình"",""Bắc Bình Vương""],[""Lê Ngọc Hân"",""Bắc cung Hoàng hậu Ngọc Hân"",""Ngọc Hân công chúa""],[""Sầm Nghi Đống"",""Thái thú Điền Châu Sầm Nghi Đống""]]","[""PLACE_000006""]",list,Person,1,"[""ASSOCIATED_WITH_PERSON""]","[""EDGE_000246"",""EDGE_000247"",""EDGE_000248""]","[""EVD_000155"",""EVD_000156"",""EVD_000157""]","[""SRC_000046"",""SRC_000051"",""SRC_000053""]",T_LS_ASSOCIATED_WITH_PERSON,FACT_HNQ_LS_PLACE_000006_PLACE_000006_ASSOCIATED_WITH_PERSON,template,easy,approved,
HNQ_LS_PLACE_000006_PLACE_000006_HAS_ACTIVITY,HNQ_LS_PLACE_000006_PLACE_000006_HAS_ACTIVITY,PLACE_000006,PLACE_000006,PLACE_000006,"Theo dữ liệu HanoiQA, những hoạt động nào được ghi nhận tại Di tích Gò Đống Đa?","[""Dâng hương và rước kiệu tưởng niệm"",""Biểu diễn võ thuật và múa rồng lửa""]","[""ACTIVITY_000011"",""ACTIVITY_000012""]","[[""Dâng hương và rước kiệu tưởng niệm"",""Dâng hoa dâng hương"",""Rước kiệu Quang Trung và Ngọc Hân""],[""Biểu diễn võ thuật và múa rồng lửa"",""Múa Rồng lửa Thăng Long"",""Biểu diễn côn quyền""]]","[""PLACE_000006""]",list,Activity,1,"[""HAS_ACTIVITY""]","[""EDGE_000275"",""EDGE_000276""]","[""EVD_000184"",""EVD_000185""]","[""SRC_000052""]",T_LS_HAS_ACTIVITY,FACT_HNQ_LS_PLACE_000006_PLACE_000006_HAS_ACTIVITY,template,easy,approved,
HNQ_LS_PLACE_000006_PLACE_000006_HAS_COMPONENT,HNQ_LS_PLACE_000006_PLACE_000006_HAS_COMPONENT,PLACE_000006,PLACE_000006,PLACE_000006,"Theo dữ liệu HanoiQA, Di tích Gò Đống Đa có những hạng mục nào?","[""Gò Đống Đa lịch sử"",""Cụm cổng ra vào Gò Đống Đa"",""Nghi môn Gò Đống Đa"",""Tượng đài Quang Trung"",""Đền thờ Hoàng đế Quang Trung"",""Nhà trưng bày Quang Trung và Chiến thắng Ngọc Hồi – Đống Đa"",""Cụm phù điêu Chiến thắng Ngọc Hồi – Đống Đa"",""Sa bàn trận chiến Ngọc Hồi – Đống Đa""]","[""ARCHSITE_000005"",""ARCH_000044"",""ARCH_000045"",""ARCH_000046"",""ARCH_000047"",""ARCH_000048"",""ARCH_000049"",""HOBJ_000011""]","[[""Gò Đống Đa lịch sử"",""Gò Đống Đa nguyên gốc"",""Gò Đống Đa""],[""Cụm cổng ra vào Gò Đống Đa"",""Cổng phố Tây Sơn"",""Cổng số 2 Đặng Tiến Đông"",""Cổng số 4 Đặng Tiến Đông""],[""Nghi môn Gò Đống Đa"",""Nghi Môn""],[""Tượng đài Quang Trung"",""Tượng đài Hoàng đế Quang Trung""],[""Đền thờ Hoàng đế Quang Trung"",""Điện thờ Hoàng đế Quang Trung""],[""Nhà trưng bày Quang Trung và Chiến thắng Ngọc Hồi – Đống Đa"",""Nhà trưng bày Quang Trung""],[""Cụm phù điêu Chiến thắng Ngọc Hồi – Đống Đa"",""Hai bức phù điêu sau tượng đài Quang Trung""],[""Sa bàn trận chiến Ngọc Hồi – Đống Đa"",""Sa bàn Chiến thắng Ngọc Hồi – Đống Đa""]]","[""PLACE_000006""]",list,ArchaeologicalSite|Architecture|HeritageObject,1,"[""HAS_COMPONENT""]","[""EDGE_000259"",""EDGE_000260"",""EDGE_000261"",""EDGE_000262"",""EDGE_000263"",""EDGE_000264"",""EDGE_000265"",""EDGE_000266""]","[""EVD_000168"",""EVD_000169"",""EVD_000170"",""EVD_000171"",""EVD_000172"",""EVD_000173"",""EVD_000174"",""EVD_000175""]","[""SRC_000049"",""SRC_000054""]",T_LS_HAS_COMPONENT,FACT_HNQ_LS_PLACE_000006_PLACE_000006_HAS_COMPONENT,template,easy,approved,
HNQ_LS_PLACE_000006_PLACE_000006_HAS_EVENT,HNQ_LS_PLACE_000006_PLACE_000006_HAS_EVENT,PLACE_000006,PLACE_000006,PLACE_000006,Những sự kiện nào được ghi nhận là gắn với Di tích Gò Đống Đa?,"[""Chiến thắng Ngọc Hồi – Đống Đa"",""Lễ hội Gò Đống Đa"",""Xếp hạng Gò Đống Đa là Di tích quốc gia đặc biệt"",""Tu bổ, tôn tạo Gò Đống Đa năm 2010""]","[""EVENT_000010"",""EVENT_000011"",""EVENT_000012"",""EVENT_000013""]","[[""Chiến thắng Ngọc Hồi – Đống Đa"",""Trận Ngọc Hồi – Đống Đa"",""Đại phá quân Thanh""],[""Lễ hội Gò Đống Đa"",""Giỗ trận Đống Đa"",""Hội Gò Đống Đa""],[""Xếp hạng Gò Đống Đa là Di tích quốc gia đặc biệt"",""Quyết định 1820/QĐ-TTg""],[""Tu bổ, tôn tạo Gò Đống Đa năm 2010"",""Tôn tạo Gò Đống Đa dịp 1000 năm Thăng Long – Hà Nội""]]","[""PLACE_000006""]",list,Event,1,"[""HAS_EVENT""]","[""EDGE_000251"",""EDGE_000252"",""EDGE_000253"",""EDGE_000254""]","[""EVD_000160"",""EVD_000161"",""EVD_000162"",""EVD_000163""]","[""SRC_000046"",""SRC_000047"",""SRC_000050"",""SRC_000052""]",T_LS_HAS_EVENT,FACT_HNQ_LS_PLACE_000006_PLACE_000006_HAS_EVENT,template,easy,approved,
HNQ_2H_PLACE_000006_T_2H_COMPONENT_BUILT_IN_TIME_000027,HNQ_2H_PLACE_000006_T_2H_COMPONENT_BUILT_IN_TIME_000027,PLACE_000006,PLACE_000006,PLACE_000006,Hạng mục nào của Di tích Gò Đống Đa được xây dựng vào Giai đoạn 2014–2015?,"[""Đền thờ Hoàng đế Quang Trung""]","[""ARCH_000047""]","[[""Đền thờ Hoàng đế Quang Trung"",""Điện thờ Hoàng đế Quang Trung""]]","[""PLACE_000006"",""TIME_000027""]",multi_hop,Architecture,2,"[""HAS_COMPONENT"",""BUILT_IN""]","[""EDGE_000263"",""EDGE_000268""]","[""EVD_000172"",""EVD_000177""]","[""SRC_000049"",""SRC_000053""]",T_2H_COMPONENT_BUILT_IN,FACT_HNQ_2H_PLACE_000006_T_2H_COMPONENT_BUILT_IN_TIME_000027,template,medium,approved,
HNQ_2H_PLACE_000006_T_2H_EVENT_LOCATION_all,HNQ_2H_PLACE_000006_T_2H_EVENT_LOCATION_all,PLACE_000006,PLACE_000006,PLACE_000006,Các sự kiện gắn với Di tích Gò Đống Đa được ghi nhận là diễn ra tại những đâu?,"[""Mùa xuân năm Kỷ Dậu 1789"",""Mùng 5 Tết Nguyên Đán"",""Ngày 24 tháng 12 năm 2018"",""Năm 2010""]","[""TIME_000023"",""TIME_000024"",""TIME_000025"",""TIME_000026""]","[[""Mùa xuân năm Kỷ Dậu 1789"",""Năm 1789"",""Xuân Kỷ Dậu""],[""Mùng 5 Tết Nguyên Đán"",""Ngày mùng 5 tháng Giêng âm lịch""],[""Ngày 24 tháng 12 năm 2018"",""24/12/2018"",""24-12-2018""],[""Năm 2010"",""2010""]]","[""PLACE_000006""]",multi_hop,Time,2,"[""HAS_EVENT"",""OCCURRED_IN""]","[""EDGE_000251"",""EDGE_000255"",""EDGE_000252"",""EDGE_000256"",""EDGE_000253"",""EDGE_000257"",""EDGE_000254"",""EDGE_000258""]","[""EVD_000160"",""EVD_000164"",""EVD_000161"",""EVD_000165"",""EVD_000162"",""EVD_000166"",""EVD_000163"",""EVD_000167""]","[""SRC_000046"",""SRC_000047"",""SRC_000050"",""SRC_000052""]",T_2H_EVENT_LOCATION,FACT_HNQ_2H_PLACE_000006_T_2H_EVENT_LOCATION_all,template,medium,approved,
HNQ_2H_PLACE_000006_T_2H_EVENT_PERSON_all,HNQ_2H_PLACE_000006_T_2H_EVENT_PERSON_all,PLACE_000006,PLACE_000006,PLACE_000006,Những nhân vật nào tham gia các sự kiện được ghi nhận là gắn với Di tích Gò Đống Đa?,"[""Quang Trung – Nguyễn Huệ"",""Sầm Nghi Đống""]","[""PERSON_000019"",""PERSON_000021""]","[[""Quang Trung – Nguyễn Huệ"",""Hoàng đế Quang Trung"",""Nguyễn Huệ"",""Nguyễn Quang Bình"",""Bắc Bình Vương""],[""Sầm Nghi Đống"",""Thái thú Điền Châu Sầm Nghi Đống""]]","[""PLACE_000006""]",multi_hop,Person,2,"[""HAS_EVENT"",""INVOLVED_PERSON""]","[""EDGE_000251"",""EDGE_000271"",""EDGE_000272""]","[""EVD_000160"",""EVD_000180"",""EVD_000181""]","[""SRC_000046"",""SRC_000051""]",T_2H_EVENT_PERSON,FACT_HNQ_2H_PLACE_000006_T_2H_EVENT_PERSON_all,template,medium,approved,
HNQ_1H_PLACE_000006_EDGE_000238,HNQ_1H_PLACE_000006_EDGE_000238,PLACE_000006,PLACE_000006,PLACE_000006,"Theo nguồn đã lưu, Di tích Gò Đống Đa có địa chỉ nào?","[""Số 4 Đặng Tiến Đông, phường Đống Đa, thành phố Hà Nội""]","[""ADDRESS_000004""]","[[""Số 4 Đặng Tiến Đông, phường Đống Đa, thành phố Hà Nội"",""4 Đặng Tiến Đông"",""No. 4 Dang Tien Dong""]]","[""PLACE_000006""]",single_hop,Address,1,"[""HAS_ADDRESS""]","[""EDGE_000238""]","[""EVD_000147""]","[""SRC_000048""]",T_1H_HAS_ADDRESS,FACT_HNQ_1H_PLACE_000006_EDGE_000238,template,easy,approved,
HNQ_1H_PLACE_000006_EDGE_000239,HNQ_1H_PLACE_000006_EDGE_000239,PLACE_000006,PLACE_000006,PLACE_000006,Di tích Gò Đống Đa nằm tại phường nào?,"[""Phường Đống Đa""]","[""ADMIN_000005""]","[[""Phường Đống Đa""]]","[""PLACE_000006""]",single_hop,AdministrativeArea,1,"[""LOCATED_IN""]","[""EDGE_000239""]","[""EVD_000148""]","[""SRC_000048""]",T_1H_LOCATED_IN,FACT_HNQ_1H_PLACE_000006_EDGE_000239,template,easy,approved,
HNQ_1H_PLACE_000006_EDGE_000240,HNQ_1H_PLACE_000006_EDGE_000240,PLACE_000006,PLACE_000006,PLACE_000006,Di tích Gò Đống Đa nằm tại thành phố nào?,"[""Thành phố Hà Nội""]","[""ADMIN_000002""]","[[""Thành phố Hà Nội"",""Hà Nội""]]","[""PLACE_000006""]",single_hop,AdministrativeArea,1,"[""LOCATED_IN""]","[""EDGE_000240""]","[""EVD_000149""]","[""SRC_000048""]",T_1H_LOCATED_IN,FACT_HNQ_1H_PLACE_000006_EDGE_000240,template,easy,approved,
HNQ_1H_PLACE_000006_EDGE_000242,HNQ_1H_PLACE_000006_EDGE_000242,PLACE_000006,PLACE_000006,PLACE_000006,Đơn vị nào quản lý Di tích Gò Đống Đa?,"[""Ban Quản lý Công viên Văn hóa Đống Đa""]","[""ORG_000007""]","[[""Ban Quản lý Công viên Văn hóa Đống Đa"",""Ban Quản lý Di tích Gò Đống Đa""]]","[""PLACE_000006""]",single_hop,Organization,1,"[""MANAGED_BY""]","[""EDGE_000242""]","[""EVD_000151""]","[""SRC_000055""]",T_1H_MANAGED_BY,FACT_HNQ_1H_PLACE_000006_EDGE_000242,template,easy,approved,
HNQ_1H_PLACE_000006_EDGE_000243,HNQ_1H_PLACE_000006_EDGE_000243,PLACE_000006,PLACE_000006,PLACE_000006,Di tích Gò Đống Đa được công nhận với danh hiệu nào?,"[""Di tích quốc gia đặc biệt""]","[""HSTATUS_000003""]","[[""Di tích quốc gia đặc biệt"",""Di tích Quốc gia đặc biệt""]]","[""PLACE_000006""]",single_hop,HeritageStatus,1,"[""RECOGNIZED_AS""]","[""EDGE_000243""]","[""EVD_000152""]","[""SRC_000050""]",T_1H_RECOGNIZED_AS,FACT_HNQ_1H_PLACE_000006_EDGE_000243,template,easy,approved,
HNQ_1H_PLACE_000006_EDGE_000244,HNQ_1H_PLACE_000006_EDGE_000244,PLACE_000006,PLACE_000006,PLACE_000006,Thời điểm công nhận di tích quốc gia với Di tích Gò Đống Đa là thời điểm nào?,"[""Ngày 24 tháng 12 năm 2018""]","[""TIME_000025""]","[[""Ngày 24 tháng 12 năm 2018"",""24/12/2018"",""24-12-2018""]]","[""PLACE_000006""]",single_hop,Time,1,"[""RECOGNIZED_IN""]","[""EDGE_000244""]","[""EVD_000153""]","[""SRC_000050""]",T_1H_RECOGNIZED_IN,FACT_HNQ_1H_PLACE_000006_EDGE_000244,template,easy,approved,
HNQ_1H_PLACE_000006_EDGE_000245,HNQ_1H_PLACE_000006_EDGE_000245,PLACE_000006,PLACE_000006,PLACE_000006,Di tích Gò Đống Đa có diện tích bao nhiêu?,"[""22.120,8 m²""]","[""VALUE_000013""]","[[""22.120,8 m²"",""Hơn 22120,8 m2""]]","[""PLACE_000006""]",single_hop,Value,1,"[""HAS_MEASUREMENT""]","[""EDGE_000245""]","[""EVD_000154""]","[""SRC_000047""]",T_1H_HAS_MEASUREMENT,FACT_HNQ_1H_PLACE_000006_EDGE_000245,template,easy,approved,
HNQ_1H_PLACE_000006_EDGE_000267,HNQ_1H_PLACE_000006_EDGE_000267,PLACE_000006,PLACE_000006,ARCH_000047,Đền thờ Hoàng đế Quang Trung có diện tích bao nhiêu?,"[""300 m²""]","[""VALUE_000014""]","[[""300 m²"",""300 m2""]]","[""ARCH_000047""]",single_hop,Value,1,"[""HAS_MEASUREMENT""]","[""EDGE_000267""]","[""EVD_000176""]","[""SRC_000053""]",T_1H_HAS_MEASUREMENT,FACT_HNQ_1H_PLACE_000006_EDGE_000267,template,easy,approved,
HNQ_1H_PLACE_000006_EDGE_000268,HNQ_1H_PLACE_000006_EDGE_000268,PLACE_000006,PLACE_000006,ARCH_000047,Đền thờ Hoàng đế Quang Trung được xây dựng vào thời điểm nào?,"[""Giai đoạn 2014–2015""]","[""TIME_000027""]","[[""Giai đoạn 2014–2015"",""Mùa xuân 2014 đến tháng Giêng 2015""]]","[""ARCH_000047""]",single_hop,Time,1,"[""BUILT_IN""]","[""EDGE_000268""]","[""EVD_000177""]","[""SRC_000053""]",T_1H_BUILT_IN,FACT_HNQ_1H_PLACE_000006_EDGE_000268,template,easy,approved,
HNQ_LS_PLACE_000007_ARCH_000063_BUILT_WITH,HNQ_LS_PLACE_000007_ARCH_000063_BUILT_WITH,PLACE_000007,PLACE_000007,ARCH_000063,Tầng dưới Ô Quan Chưởng được ghi nhận là được xây dựng bằng những vật liệu nào?,"[""Đá"",""Gạch vồ""]","[""MATERIAL_000002"",""MATERIAL_000004""]","[[""Đá""],[""Gạch vồ""]]","[""ARCH_000063""]",list,Material,1,"[""BUILT_WITH""]","[""EDGE_000337"",""EDGE_000336""]","[""EVD_000203""]","[""SRC_000059""]",T_LS_BUILT_WITH,FACT_HNQ_LS_PLACE_000007_ARCH_000063_BUILT_WITH,template,easy,approved,
HNQ_LS_PLACE_000007_ARCH_000063_HAS_COMPONENT,HNQ_LS_PLACE_000007_ARCH_000063_HAS_COMPONENT,PLACE_000007,PLACE_000007,ARCH_000063,"Theo dữ liệu HanoiQA, Tầng dưới Ô Quan Chưởng có những hạng mục nào?","[""Cửa chính Ô Quan Chưởng"",""Cửa phụ bên trái Ô Quan Chưởng"",""Cửa phụ bên phải Ô Quan Chưởng""]","[""ARCH_000064"",""ARCH_000065"",""ARCH_000066""]","[[""Cửa chính Ô Quan Chưởng""],[""Cửa phụ bên trái Ô Quan Chưởng""],[""Cửa phụ bên phải Ô Quan Chưởng""]]","[""ARCH_000063""]",list,Architecture,1,"[""HAS_COMPONENT""]","[""EDGE_000330"",""EDGE_000331"",""EDGE_000332""]","[""EVD_000200""]","[""SRC_000060""]",T_LS_HAS_COMPONENT,FACT_HNQ_LS_PLACE_000007_ARCH_000063_HAS_COMPONENT,template,easy,approved,
HNQ_LS_PLACE_000007_EVENT_000015_INVOLVED_PERSON,HNQ_LS_PLACE_000007_EVENT_000015_INVOLVED_PERSON,PLACE_000007,PLACE_000007,EVENT_000015,Những nhân vật nào được ghi nhận là tham gia Lập bia Thân cấm khư tệ tại Ô Quan Chưởng năm 1881?,"[""Hoàng Diệu"",""Hoàng Văn Xứng""]","[""PERSON_000022"",""PERSON_000023""]","[[""Hoàng Diệu""],[""Hoàng Văn Xứng""]]","[""EVENT_000015""]",list,Person,1,"[""INVOLVED_PERSON""]","[""EDGE_000344"",""EDGE_000345""]","[""EVD_000205""]","[""SRC_000059""]",T_LS_INVOLVED_PERSON,FACT_HNQ_LS_PLACE_000007_EVENT_000015_INVOLVED_PERSON,template,easy,approved,
HNQ_LS_PLACE_000007_HOBJ_000012_ASSOCIATED_WITH_PERSON,HNQ_LS_PLACE_000007_HOBJ_000012_ASSOCIATED_WITH_PERSON,PLACE_000007,PLACE_000007,HOBJ_000012,Những nhân vật nào được ghi nhận là có liên hệ với Bia Thân cấm khư tệ tại Ô Quan Chưởng?,"[""Hoàng Diệu"",""Hoàng Văn Xứng""]","[""PERSON_000022"",""PERSON_000023""]","[[""Hoàng Diệu""],[""Hoàng Văn Xứng""]]","[""HOBJ_000012""]",list,Person,1,"[""ASSOCIATED_WITH_PERSON""]","[""EDGE_000339"",""EDGE_000340""]","[""EVD_000205""]","[""SRC_000059""]",T_LS_ASSOCIATED_WITH_PERSON,FACT_HNQ_LS_PLACE_000007_HOBJ_000012_ASSOCIATED_WITH_PERSON,template,easy,approved,
HNQ_LS_PLACE_000007_PLACE_000007_HAS_COMPONENT,HNQ_LS_PLACE_000007_PLACE_000007_HAS_COMPONENT,PLACE_000007,PLACE_000007,PLACE_000007,"Theo dữ liệu HanoiQA, Ô Quan Chưởng có những hạng mục nào?","[""Tầng dưới Ô Quan Chưởng"",""Vọng lâu Ô Quan Chưởng"",""Hệ bậc thang lên vọng lâu Ô Quan Chưởng"",""Bia Thân cấm khư tệ tại Ô Quan Chưởng"",""Bảng chữ Đông Hà Môn tại Ô Quan Chưởng""]","[""ARCH_000063"",""ARCH_000067"",""ARCH_000068"",""HOBJ_000012"",""HOBJ_000013""]","[[""Tầng dưới Ô Quan Chưởng""],[""Vọng lâu Ô Quan Chưởng""],[""Hệ bậc thang lên vọng lâu Ô Quan Chưởng""],[""Bia Thân cấm khư tệ tại Ô Quan Chưởng"",""Bia Lệnh cấm trừ tệ Ô Quan Chưởng""],[""Bảng chữ Đông Hà Môn tại Ô Quan Chưởng""]]","[""PLACE_000007""]",list,Architecture|HeritageObject,1,"[""HAS_COMPONENT""]","[""EDGE_000327"",""EDGE_000328"",""EDGE_000329"",""EDGE_000334"",""EDGE_000335""]","[""EVD_000200"",""EVD_000205"",""EVD_000204""]","[""SRC_000059"",""SRC_000060""]",T_LS_HAS_COMPONENT,FACT_HNQ_LS_PLACE_000007_PLACE_000007_HAS_COMPONENT,template,easy,approved,
HNQ_RV_PLACE_000007_HOBJ_000012_HAS_MEASUREMENT,HNQ_RV_PLACE_000007_HOBJ_000012_HAS_MEASUREMENT,PLACE_000007,PLACE_000007,HOBJ_000012,Số đo kích thước của Bia Thân cấm khư tệ tại Ô Quan Chưởng là bao nhiêu?,"[""0,8 m"",""1 m""]","[""VALUE_000031"",""VALUE_000032""]","[[""0,8 m""],[""1 m""]]","[""HOBJ_000012""]",list,Value,1,"[""HAS_MEASUREMENT""]","[""EDGE_000352"",""EDGE_000353""]","[""EVD_000205""]","[""SRC_000059""]",T_1H_HAS_MEASUREMENT,FACT_HNQ_RV_PLACE_000007_HOBJ_000012_HAS_MEASUREMENT,template,easy,approved,
HNQ_RV_PLACE_000007_PLACE_000007_LOCATED_IN,HNQ_RV_PLACE_000007_PLACE_000007_LOCATED_IN,PLACE_000007,PLACE_000007,PLACE_000007,Ô Quan Chưởng nằm cắt giao tại vị trí nào?,"[""Phố Ô Quan Chưởng"",""Phố Hàng Chiếu""]","[""LOCATION_000003"",""LOCATION_000004""]","[[""Phố Ô Quan Chưởng""],[""Phố Hàng Chiếu""]]","[""PLACE_000007""]",list,Location,1,"[""LOCATED_IN""]","[""EDGE_000320"",""EDGE_000321""]","[""EVD_000198""]","[""SRC_000062""]",T_1H_LOCATED_IN,FACT_HNQ_RV_PLACE_000007_PLACE_000007_LOCATED_IN,template,easy,approved,
HNQ_RV_PLACE_000007_PLACE_000007_RENOVATED_IN,HNQ_RV_PLACE_000007_PLACE_000007_RENOVATED_IN,PLACE_000007,PLACE_000007,PLACE_000007,Ô Quan Chưởng được trùng tu hoặc xây dựng lại vào những thời điểm nào?,"[""Năm 1785"",""Năm 1804""]","[""TIME_000031"",""TIME_000032""]","[[""Năm 1785"",""1785""],[""Năm 1804"",""1804""]]","[""PLACE_000007""]",list,Time,1,"[""RENOVATED_IN""]","[""EDGE_000324"",""EDGE_000325""]","[""EVD_000199""]","[""SRC_000060""]",T_1H_RENOVATED_IN,FACT_HNQ_RV_PLACE_000007_PLACE_000007_RENOVATED_IN,template,easy,approved,
HNQ_2H_PLACE_000007_T_2H_COMPONENT_BUILT_WITH_MATERIAL_000002,HNQ_2H_PLACE_000007_T_2H_COMPONENT_BUILT_WITH_MATERIAL_000002,PLACE_000007,PLACE_000007,PLACE_000007,Hạng mục nào của Ô Quan Chưởng được xây dựng bằng Đá?,"[""Tầng dưới Ô Quan Chưởng"",""Bia Thân cấm khư tệ tại Ô Quan Chưởng""]","[""ARCH_000063"",""HOBJ_000012""]","[[""Tầng dưới Ô Quan Chưởng""],[""Bia Thân cấm khư tệ tại Ô Quan Chưởng"",""Bia Lệnh cấm trừ tệ Ô Quan Chưởng""]]","[""PLACE_000007"",""MATERIAL_000002""]",multi_hop,Architecture|HeritageObject,2,"[""HAS_COMPONENT"",""BUILT_WITH""]","[""EDGE_000327"",""EDGE_000337"",""EDGE_000334"",""EDGE_000338""]","[""EVD_000200"",""EVD_000203"",""EVD_000205""]","[""SRC_000059"",""SRC_000060""]",T_2H_COMPONENT_BUILT_WITH,FACT_HNQ_2H_PLACE_000007_T_2H_COMPONENT_BUILT_WITH_MATERIAL_000002,template,medium,approved,
HNQ_2H_PLACE_000007_T_2H_COMPONENT_BUILT_WITH_MATERIAL_000004,HNQ_2H_PLACE_000007_T_2H_COMPONENT_BUILT_WITH_MATERIAL_000004,PLACE_000007,PLACE_000007,PLACE_000007,Hạng mục nào của Ô Quan Chưởng được xây dựng bằng Gạch vồ?,"[""Tầng dưới Ô Quan Chưởng""]","[""ARCH_000063""]","[[""Tầng dưới Ô Quan Chưởng""]]","[""PLACE_000007"",""MATERIAL_000004""]",multi_hop,Architecture,2,"[""HAS_COMPONENT"",""BUILT_WITH""]","[""EDGE_000327"",""EDGE_000336""]","[""EVD_000200"",""EVD_000203""]","[""SRC_000059"",""SRC_000060""]",T_2H_COMPONENT_BUILT_WITH,FACT_HNQ_2H_PLACE_000007_T_2H_COMPONENT_BUILT_WITH_MATERIAL_000004,template,medium,approved,
HNQ_2H_PLACE_000007_T_2H_COMPONENT_USED_FOR_ACTIVITY_000014,HNQ_2H_PLACE_000007_T_2H_COMPONENT_USED_FOR_ACTIVITY_000014,PLACE_000007,PLACE_000007,PLACE_000007,Hạng mục nào của Ô Quan Chưởng từng được sử dụng để Canh gác và kiểm soát an ninh cửa ô?,"[""Vọng lâu Ô Quan Chưởng""]","[""ARCH_000067""]","[[""Vọng lâu Ô Quan Chưởng""]]","[""PLACE_000007"",""ACTIVITY_000014""]",multi_hop,Architecture,2,"[""HAS_COMPONENT"",""USED_FOR""]","[""EDGE_000328"",""EDGE_000354""]","[""EVD_000200"",""EVD_000206""]","[""SRC_000060"",""SRC_000062""]",T_2H_COMPONENT_USED_FOR,FACT_HNQ_2H_PLACE_000007_T_2H_COMPONENT_USED_FOR_ACTIVITY_000014,template,medium,approved,
HNQ_2H_PLACE_000007_T_2H_EVENT_LOCATION_all,HNQ_2H_PLACE_000007_T_2H_EVENT_LOCATION_all,PLACE_000007,PLACE_000007,PLACE_000007,Các sự kiện gắn với Ô Quan Chưởng được ghi nhận là diễn ra tại những đâu?,"[""Năm 1881""]","[""TIME_000033""]","[[""Năm 1881"",""1881""]]","[""PLACE_000007""]",multi_hop,Time,2,"[""HAS_EVENT"",""OCCURRED_IN""]","[""EDGE_000342"",""EDGE_000343""]","[""EVD_000205""]","[""SRC_000059""]",T_2H_EVENT_LOCATION,FACT_HNQ_2H_PLACE_000007_T_2H_EVENT_LOCATION_all,template,medium,approved,
HNQ_2H_PLACE_000007_T_2H_EVENT_PERSON_all,HNQ_2H_PLACE_000007_T_2H_EVENT_PERSON_all,PLACE_000007,PLACE_000007,PLACE_000007,Những nhân vật nào tham gia các sự kiện được ghi nhận là gắn với Ô Quan Chưởng?,"[""Hoàng Diệu"",""Hoàng Văn Xứng""]","[""PERSON_000022"",""PERSON_000023""]","[[""Hoàng Diệu""],[""Hoàng Văn Xứng""]]","[""PLACE_000007""]",multi_hop,Person,2,"[""HAS_EVENT"",""INVOLVED_PERSON""]","[""EDGE_000342"",""EDGE_000344"",""EDGE_000345""]","[""EVD_000205""]","[""SRC_000059""]",T_2H_EVENT_PERSON,FACT_HNQ_2H_PLACE_000007_T_2H_EVENT_PERSON_all,template,medium,approved,
HNQ_1H_PLACE_000007_EDGE_000317,HNQ_1H_PLACE_000007_EDGE_000317,PLACE_000007,PLACE_000007,PLACE_000007,"Theo nguồn đã lưu, Ô Quan Chưởng có địa chỉ nào?","[""Ngã tư Hàng Chiếu – Đào Duy Từ – Thanh Hà – Ô Quan Chưởng, phường Hoàn Kiếm, thành phố Hà Nội""]","[""ADDRESS_000005""]","[[""Ngã tư Hàng Chiếu – Đào Duy Từ – Thanh Hà – Ô Quan Chưởng, phường Hoàn Kiếm, thành phố Hà Nội""]]","[""PLACE_000007""]",single_hop,Address,1,"[""HAS_ADDRESS""]","[""EDGE_000317""]","[""EVD_000197""]","[""SRC_000061""]",T_1H_HAS_ADDRESS,FACT_HNQ_1H_PLACE_000007_EDGE_000317,template,easy,approved,
HNQ_1H_PLACE_000007_EDGE_000318,HNQ_1H_PLACE_000007_EDGE_000318,PLACE_000007,PLACE_000007,PLACE_000007,Ô Quan Chưởng nằm tại phường nào?,"[""Phường Hoàn Kiếm""]","[""ADMIN_000006""]","[[""Phường Hoàn Kiếm""]]","[""PLACE_000007""]",single_hop,AdministrativeArea,1,"[""LOCATED_IN""]","[""EDGE_000318""]","[""EVD_000197""]","[""SRC_000061""]",T_1H_LOCATED_IN,FACT_HNQ_1H_PLACE_000007_EDGE_000318,template,easy,approved,
HNQ_1H_PLACE_000007_EDGE_000319,HNQ_1H_PLACE_000007_EDGE_000319,PLACE_000007,PLACE_000007,PLACE_000007,Ô Quan Chưởng nằm tại thành phố nào?,"[""Thành phố Hà Nội""]","[""ADMIN_000002""]","[[""Thành phố Hà Nội"",""Hà Nội""]]","[""PLACE_000007""]",single_hop,AdministrativeArea,1,"[""LOCATED_IN""]","[""EDGE_000319""]","[""EVD_000197""]","[""SRC_000061""]",T_1H_LOCATED_IN,FACT_HNQ_1H_PLACE_000007_EDGE_000319,template,easy,approved,
HNQ_1H_PLACE_000007_EDGE_000322,HNQ_1H_PLACE_000007_EDGE_000322,PLACE_000007,PLACE_000007,PLACE_000007,Ô Quan Chưởng được khởi dựng ban đầu vào thời điểm nào?,"[""Năm 1749""]","[""TIME_000030""]","[[""Năm 1749"",""1749""]]","[""PLACE_000007""]",single_hop,Time,1,"[""BUILT_IN""]","[""EDGE_000322""]","[""EVD_000199""]","[""SRC_000060""]",T_1H_BUILT_IN,FACT_HNQ_1H_PLACE_000007_EDGE_000322,template,easy,approved,
HNQ_1H_PLACE_000007_EDGE_000326,HNQ_1H_PLACE_000007_EDGE_000326,PLACE_000007,PLACE_000007,PLACE_000007,Ô Quan Chưởng mang phong cách kiến trúc nào?,"[""Kiến trúc vọng lâu""]","[""ASTYLE_000004""]","[[""Kiến trúc vọng lâu"",""Kiểu vọng lâu""]]","[""PLACE_000007""]",single_hop,ArchitecturalStyle,1,"[""HAS_ARCHITECTURAL_STYLE""]","[""EDGE_000326""]","[""EVD_000200""]","[""SRC_000060""]",T_1H_HAS_ARCHITECTURAL_STYLE,FACT_HNQ_1H_PLACE_000007_EDGE_000326,template,easy,approved,
HNQ_1H_PLACE_000007_EDGE_000346,HNQ_1H_PLACE_000007_EDGE_000346,PLACE_000007,PLACE_000007,ARCH_000064,Cửa chính Ô Quan Chưởng cao bao nhiêu?,"[""3 m""]","[""VALUE_000027""]","[[""3 m""]]","[""ARCH_000064""]",single_hop,Value,1,"[""HAS_MEASUREMENT""]","[""EDGE_000346""]","[""EVD_000202""]","[""SRC_000060""]",T_1H_HAS_MEASUREMENT,FACT_HNQ_1H_PLACE_000007_EDGE_000346,template,easy,approved,
HNQ_1H_PLACE_000007_EDGE_000347,HNQ_1H_PLACE_000007_EDGE_000347,PLACE_000007,PLACE_000007,ARCH_000065,Cửa phụ bên trái Ô Quan Chưởng cao bao nhiêu?,"[""2,5 m""]","[""VALUE_000028""]","[[""2,5 m""]]","[""ARCH_000065""]",single_hop,Value,1,"[""HAS_MEASUREMENT""]","[""EDGE_000347""]","[""EVD_000202""]","[""SRC_000060""]",T_1H_HAS_MEASUREMENT,FACT_HNQ_1H_PLACE_000007_EDGE_000347,template,easy,approved,
HNQ_1H_PLACE_000007_EDGE_000348,HNQ_1H_PLACE_000007_EDGE_000348,PLACE_000007,PLACE_000007,ARCH_000065,Cửa phụ bên trái Ô Quan Chưởng rộng bao nhiêu?,"[""1,65 m""]","[""VALUE_000029""]","[[""1,65 m""]]","[""ARCH_000065""]",single_hop,Value,1,"[""HAS_MEASUREMENT""]","[""EDGE_000348""]","[""EVD_000202""]","[""SRC_000060""]",T_1H_HAS_MEASUREMENT,FACT_HNQ_1H_PLACE_000007_EDGE_000348,template,easy,approved,
HNQ_1H_PLACE_000007_EDGE_000349,HNQ_1H_PLACE_000007_EDGE_000349,PLACE_000007,PLACE_000007,ARCH_000066,Cửa phụ bên phải Ô Quan Chưởng cao bao nhiêu?,"[""2,5 m""]","[""VALUE_000028""]","[[""2,5 m""]]","[""ARCH_000066""]",single_hop,Value,1,"[""HAS_MEASUREMENT""]","[""EDGE_000349""]","[""EVD_000202""]","[""SRC_000060""]",T_1H_HAS_MEASUREMENT,FACT_HNQ_1H_PLACE_000007_EDGE_000349,template,easy,approved,
HNQ_1H_PLACE_000007_EDGE_000350,HNQ_1H_PLACE_000007_EDGE_000350,PLACE_000007,PLACE_000007,ARCH_000066,Cửa phụ bên phải Ô Quan Chưởng rộng bao nhiêu?,"[""1,65 m""]","[""VALUE_000029""]","[[""1,65 m""]]","[""ARCH_000066""]",single_hop,Value,1,"[""HAS_MEASUREMENT""]","[""EDGE_000350""]","[""EVD_000202""]","[""SRC_000060""]",T_1H_HAS_MEASUREMENT,FACT_HNQ_1H_PLACE_000007_EDGE_000350,template,easy,approved,
HNQ_1H_PLACE_000007_EDGE_000351,HNQ_1H_PLACE_000007_EDGE_000351,PLACE_000007,PLACE_000007,PLACE_000007,Độ dày cổng của Ô Quan Chưởng là bao nhiêu?,"[""7 m""]","[""VALUE_000030""]","[[""7 m""]]","[""PLACE_000007""]",single_hop,Value,1,"[""HAS_MEASUREMENT""]","[""EDGE_000351""]","[""EVD_000203""]","[""SRC_000059""]",T_1H_HAS_MEASUREMENT,FACT_HNQ_1H_PLACE_000007_EDGE_000351,template,easy,approved,
HNQ_1H_PLACE_000007_EDGE_000356,HNQ_1H_PLACE_000007_EDGE_000356,PLACE_000007,PLACE_000007,PLACE_000007,Ô Quan Chưởng được công nhận với danh hiệu nào?,"[""Di tích lịch sử quốc gia""]","[""HSTATUS_000005""]","[[""Di tích lịch sử quốc gia"",""Di tích cấp quốc gia"",""Di tích lịch sử Quốc gia""]]","[""PLACE_000007""]",single_hop,HeritageStatus,1,"[""RECOGNIZED_AS""]","[""EDGE_000356""]","[""EVD_000207""]","[""SRC_000059""]",T_1H_RECOGNIZED_AS,FACT_HNQ_1H_PLACE_000007_EDGE_000356,template,easy,approved,
HNQ_LS_PLACE_000008_ARCH_000072_HAS_COMPONENT,HNQ_LS_PLACE_000008_ARCH_000072_HAS_COMPONENT,PLACE_000008,PLACE_000008,ARCH_000072,"Theo dữ liệu HanoiQA, Tầng ba Tháp Rùa có những hạng mục nào?","[""Cửa tròn phía đông tầng ba Tháp Rùa"",""Dòng chữ Quy Sơn Tháp trên Tháp Rùa""]","[""ARCH_000075"",""HOBJ_000014""]","[[""Cửa tròn phía đông tầng ba Tháp Rùa""],[""Dòng chữ Quy Sơn Tháp trên Tháp Rùa"",""Quy Sơn Tháp trên cửa tròn""]]","[""ARCH_000072""]",list,Architecture|HeritageObject,1,"[""HAS_COMPONENT""]","[""EDGE_000371"",""EDGE_000372""]","[""EVD_000212""]","[""SRC_000064""]",T_LS_HAS_COMPONENT,FACT_HNQ_LS_PLACE_000008_ARCH_000072_HAS_COMPONENT,template,easy,approved,
HNQ_LS_PLACE_000008_PLACE_000008_HAS_COMPONENT,HNQ_LS_PLACE_000008_PLACE_000008_HAS_COMPONENT,PLACE_000008,PLACE_000008,PLACE_000008,"Theo dữ liệu HanoiQA, Tháp Rùa có những hạng mục nào?","[""Tầng một Tháp Rùa"",""Tầng hai Tháp Rùa"",""Tầng ba Tháp Rùa"",""Tầng đỉnh Tháp Rùa"",""Móng Tháp Rùa"",""Hệ mái cong Tháp Rùa"",""Hệ lan can hai tầng dưới Tháp Rùa""]","[""ARCH_000070"",""ARCH_000071"",""ARCH_000072"",""ARCH_000073"",""ARCH_000074"",""ARCH_000076"",""ARCH_000077""]","[[""Tầng một Tháp Rùa""],[""Tầng hai Tháp Rùa""],[""Tầng ba Tháp Rùa""],[""Tầng đỉnh Tháp Rùa""],[""Móng Tháp Rùa""],[""Hệ mái cong Tháp Rùa""],[""Hệ lan can hai tầng dưới Tháp Rùa""]]","[""PLACE_000008""]",list,Architecture,1,"[""HAS_COMPONENT""]","[""EDGE_000364"",""EDGE_000365"",""EDGE_000366"",""EDGE_000367"",""EDGE_000368"",""EDGE_000369"",""EDGE_000370""]","[""EVD_000213""]","[""SRC_000063""]",T_LS_HAS_COMPONENT,FACT_HNQ_LS_PLACE_000008_PLACE_000008_HAS_COMPONENT,template,easy,approved,
HNQ_RV_PLACE_000008_ARCH_000070_HAS_MEASUREMENT,HNQ_RV_PLACE_000008_ARCH_000070_HAS_MEASUREMENT,PLACE_000008,PLACE_000008,ARCH_000070,Số đo opening_count của Tầng một Tháp Rùa là bao nhiêu?,"[""10 cửa"",""14 cửa""]","[""VALUE_000043"",""VALUE_000044""]","[[""10 cửa""],[""14 cửa""]]","[""ARCH_000070""]",list,Value,1,"[""HAS_MEASUREMENT""]","[""EDGE_000384"",""EDGE_000385""]","[""EVD_000217""]","[""SRC_000063""]",T_1H_HAS_MEASUREMENT,FACT_HNQ_RV_PLACE_000008_ARCH_000070_HAS_MEASUREMENT,template,easy,rejected,Sai thông tin
HNQ_RV_PLACE_000008_ARCH_000071_HAS_MEASUREMENT,HNQ_RV_PLACE_000008_ARCH_000071_HAS_MEASUREMENT,PLACE_000008,PLACE_000008,ARCH_000071,Số đo opening_count của Tầng hai Tháp Rùa là bao nhiêu?,"[""10 cửa"",""14 cửa""]","[""VALUE_000043"",""VALUE_000044""]","[[""10 cửa""],[""14 cửa""]]","[""ARCH_000071""]",list,Value,1,"[""HAS_MEASUREMENT""]","[""EDGE_000386"",""EDGE_000387""]","[""EVD_000217""]","[""SRC_000063""]",T_1H_HAS_MEASUREMENT,FACT_HNQ_RV_PLACE_000008_ARCH_000071_HAS_MEASUREMENT,template,easy,rejected,Sai thông tin
HNQ_RV_PLACE_000008_PLACE_000008_HAS_ARCHITECTURAL_STYLE,HNQ_RV_PLACE_000008_PLACE_000008_HAS_ARCHITECTURAL_STYLE,PLACE_000008,PLACE_000008,PLACE_000008,Tháp Rùa mang những phong cách kiến trúc nào?,"[""Kiến trúc Gothic"",""Kiến trúc truyền thống Việt Nam""]","[""ASTYLE_000005"",""ASTYLE_000006""]","[[""Kiến trúc Gothic"",""Kiến trúc gô-tích"",""Gothic""],[""Kiến trúc truyền thống Việt Nam""]]","[""PLACE_000008""]",list,ArchitecturalStyle,1,"[""HAS_ARCHITECTURAL_STYLE""]","[""EDGE_000388"",""EDGE_000389""]","[""EVD_000214""]","[""SRC_000063""]",T_1H_HAS_ARCHITECTURAL_STYLE,FACT_HNQ_RV_PLACE_000008_PLACE_000008_HAS_ARCHITECTURAL_STYLE,template,easy,approved,
HNQ_2H_PLACE_000008_T_2H_COMPONENT_STYLE_ASTYLE_000004,HNQ_2H_PLACE_000008_T_2H_COMPONENT_STYLE_ASTYLE_000004,PLACE_000008,PLACE_000008,PLACE_000008,Hạng mục nào của Tháp Rùa mang phong cách Kiến trúc vọng lâu?,"[""Tầng đỉnh Tháp Rùa""]","[""ARCH_000073""]","[[""Tầng đỉnh Tháp Rùa""]]","[""PLACE_000008"",""ASTYLE_000004""]",multi_hop,Architecture,2,"[""HAS_COMPONENT"",""HAS_ARCHITECTURAL_STYLE""]","[""EDGE_000367"",""EDGE_000393""]","[""EVD_000213""]","[""SRC_000063""]",T_2H_COMPONENT_STYLE,FACT_HNQ_2H_PLACE_000008_T_2H_COMPONENT_STYLE_ASTYLE_000004,template,medium,approved,
HNQ_2H_PLACE_000008_T_2H_COMPONENT_STYLE_ASTYLE_000005,HNQ_2H_PLACE_000008_T_2H_COMPONENT_STYLE_ASTYLE_000005,PLACE_000008,PLACE_000008,PLACE_000008,Hạng mục nào của Tháp Rùa mang phong cách Kiến trúc Gothic?,"[""Tầng một Tháp Rùa"",""Tầng hai Tháp Rùa""]","[""ARCH_000070"",""ARCH_000071""]","[[""Tầng một Tháp Rùa""],[""Tầng hai Tháp Rùa""]]","[""PLACE_000008"",""ASTYLE_000005""]",multi_hop,Architecture,2,"[""HAS_COMPONENT"",""HAS_ARCHITECTURAL_STYLE""]","[""EDGE_000364"",""EDGE_000390"",""EDGE_000365"",""EDGE_000391""]","[""EVD_000213"",""EVD_000214""]","[""SRC_000063""]",T_2H_COMPONENT_STYLE,FACT_HNQ_2H_PLACE_000008_T_2H_COMPONENT_STYLE_ASTYLE_000005,template,medium,approved,
HNQ_2H_PLACE_000008_T_2H_COMPONENT_STYLE_ASTYLE_000006,HNQ_2H_PLACE_000008_T_2H_COMPONENT_STYLE_ASTYLE_000006,PLACE_000008,PLACE_000008,PLACE_000008,Hạng mục nào của Tháp Rùa mang phong cách Kiến trúc truyền thống Việt Nam?,"[""Hệ mái cong Tháp Rùa""]","[""ARCH_000076""]","[[""Hệ mái cong Tháp Rùa""]]","[""PLACE_000008"",""ASTYLE_000006""]",multi_hop,Architecture,2,"[""HAS_COMPONENT"",""HAS_ARCHITECTURAL_STYLE""]","[""EDGE_000369"",""EDGE_000392""]","[""EVD_000213"",""EVD_000214""]","[""SRC_000063""]",T_2H_COMPONENT_STYLE,FACT_HNQ_2H_PLACE_000008_T_2H_COMPONENT_STYLE_ASTYLE_000006,template,medium,approved,
HNQ_2H_PLACE_000008_T_2H_EVENT_LOCATION_all,HNQ_2H_PLACE_000008_T_2H_EVENT_LOCATION_all,PLACE_000008,PLACE_000008,PLACE_000008,Các sự kiện gắn với Tháp Rùa được ghi nhận là diễn ra tại những đâu?,"[""Từ ngày 24/12/2025 đến ngày 04/01/2026""]","[""TIME_000035""]","[[""Từ ngày 24/12/2025 đến ngày 04/01/2026"",""2025-12-24/2026-01-04""]]","[""PLACE_000008""]",multi_hop,Time,2,"[""HAS_EVENT"",""OCCURRED_IN""]","[""EDGE_000394"",""EDGE_000395""]","[""EVD_000218""]","[""SRC_000065""]",T_2H_EVENT_LOCATION,FACT_HNQ_2H_PLACE_000008_T_2H_EVENT_LOCATION_all,template,medium,approved,
HNQ_1H_PLACE_000008_EDGE_000358,HNQ_1H_PLACE_000008_EDGE_000358,PLACE_000008,PLACE_000008,PLACE_000008,"Theo địa chỉ vị trí trong nguồn, Tháp Rùa nằm ở đâu?","[""Gò Rùa, hồ Hoàn Kiếm, thành phố Hà Nội""]","[""ADDRESS_000006""]","[[""Gò Rùa, hồ Hoàn Kiếm, thành phố Hà Nội""]]","[""PLACE_000008""]",single_hop,Address,1,"[""HAS_ADDRESS""]","[""EDGE_000358""]","[""EVD_000208""]","[""SRC_000064""]",T_1H_HAS_ADDRESS,FACT_HNQ_1H_PLACE_000008_EDGE_000358,template,easy,approved,
HNQ_1H_PLACE_000008_EDGE_000359,HNQ_1H_PLACE_000008_EDGE_000359,PLACE_000008,PLACE_000008,PLACE_000008,Tháp Rùa nằm tại vị trí nào?,"[""Gò Rùa""]","[""LOCATION_000005""]","[[""Gò Rùa"",""Đảo Rùa"",""Gò Tháp Rùa""]]","[""PLACE_000008""]",single_hop,Location,1,"[""LOCATED_IN""]","[""EDGE_000359""]","[""EVD_000208""]","[""SRC_000064""]",T_1H_LOCATED_IN,FACT_HNQ_1H_PLACE_000008_EDGE_000359,template,easy,approved,
HNQ_1H_PLACE_000008_EDGE_000360,HNQ_1H_PLACE_000008_EDGE_000360,PLACE_000008,PLACE_000008,PLACE_000008,Tháp Rùa nằm trong địa danh nào?,"[""Hồ Hoàn Kiếm""]","[""PLACE_000009""]","[[""Hồ Hoàn Kiếm"",""Hồ Gươm"",""Hồ Tả Vọng"",""Hoan Kiem Lake""]]","[""PLACE_000008""]",single_hop,Place,1,"[""LOCATED_IN""]","[""EDGE_000360""]","[""EVD_000209""]","[""SRC_000066""]",T_1H_LOCATED_IN,FACT_HNQ_1H_PLACE_000008_EDGE_000360,template,easy,approved,
HNQ_1H_PLACE_000008_EDGE_000361,HNQ_1H_PLACE_000008_EDGE_000361,PLACE_000008,PLACE_000008,PLACE_000008,Tháp Rùa nằm tại thành phố nào?,"[""Thành phố Hà Nội""]","[""ADMIN_000002""]","[[""Thành phố Hà Nội"",""Hà Nội""]]","[""PLACE_000008""]",single_hop,AdministrativeArea,1,"[""LOCATED_IN""]","[""EDGE_000361""]","[""EVD_000208""]","[""SRC_000064""]",T_1H_LOCATED_IN,FACT_HNQ_1H_PLACE_000008_EDGE_000361,template,easy,approved,
HNQ_1H_PLACE_000008_EDGE_000363,HNQ_1H_PLACE_000008_EDGE_000363,PLACE_000008,PLACE_000008,PLACE_000008,Tháp Rùa được xây dựng trong khoảng thời gian nào?,"[""Khoảng giữa năm 1884 đến tháng 4 năm 1886""]","[""TIME_000034""]","[[""Khoảng giữa năm 1884 đến tháng 4 năm 1886"",""Khoảng 1884–1886""]]","[""PLACE_000008""]",single_hop,Time,1,"[""BUILT_IN""]","[""EDGE_000363""]","[""EVD_000210""]","[""SRC_000064""]",T_1H_BUILT_IN,FACT_HNQ_1H_PLACE_000008_EDGE_000363,template,easy,approved,
HNQ_1H_PLACE_000008_EDGE_000373,HNQ_1H_PLACE_000008_EDGE_000373,PLACE_000008,PLACE_000008,ARCH_000070,Tầng một Tháp Rùa dài bao nhiêu?,"[""6,28 m""]","[""VALUE_000033""]","[[""6,28 m""]]","[""ARCH_000070""]",single_hop,Value,1,"[""HAS_MEASUREMENT""]","[""EDGE_000373""]","[""EVD_000211""]","[""SRC_000064""]",T_1H_HAS_MEASUREMENT,FACT_HNQ_1H_PLACE_000008_EDGE_000373,template,easy,approved,
HNQ_1H_PLACE_000008_EDGE_000374,HNQ_1H_PLACE_000008_EDGE_000374,PLACE_000008,PLACE_000008,ARCH_000070,Tầng một Tháp Rùa rộng bao nhiêu?,"[""4,54 m""]","[""VALUE_000034""]","[[""4,54 m""]]","[""ARCH_000070""]",single_hop,Value,1,"[""HAS_MEASUREMENT""]","[""EDGE_000374""]","[""EVD_000211""]","[""SRC_000064""]",T_1H_HAS_MEASUREMENT,FACT_HNQ_1H_PLACE_000008_EDGE_000374,template,easy,approved,
HNQ_1H_PLACE_000008_EDGE_000375,HNQ_1H_PLACE_000008_EDGE_000375,PLACE_000008,PLACE_000008,ARCH_000071,Tầng hai Tháp Rùa dài bao nhiêu?,"[""4,8 m""]","[""VALUE_000035""]","[[""4,8 m""]]","[""ARCH_000071""]",single_hop,Value,1,"[""HAS_MEASUREMENT""]","[""EDGE_000375""]","[""EVD_000211""]","[""SRC_000064""]",T_1H_HAS_MEASUREMENT,FACT_HNQ_1H_PLACE_000008_EDGE_000375,template,easy,approved,
HNQ_1H_PLACE_000008_EDGE_000376,HNQ_1H_PLACE_000008_EDGE_000376,PLACE_000008,PLACE_000008,ARCH_000071,Tầng hai Tháp Rùa rộng bao nhiêu?,"[""3,64 m""]","[""VALUE_000036""]","[[""3,64 m""]]","[""ARCH_000071""]",single_hop,Value,1,"[""HAS_MEASUREMENT""]","[""EDGE_000376""]","[""EVD_000211""]","[""SRC_000064""]",T_1H_HAS_MEASUREMENT,FACT_HNQ_1H_PLACE_000008_EDGE_000376,template,easy,approved,
HNQ_1H_PLACE_000008_EDGE_000377,HNQ_1H_PLACE_000008_EDGE_000377,PLACE_000008,PLACE_000008,ARCH_000072,Tầng ba Tháp Rùa dài bao nhiêu?,"[""2,97 m""]","[""VALUE_000037""]","[[""2,97 m""]]","[""ARCH_000072""]",single_hop,Value,1,"[""HAS_MEASUREMENT""]","[""EDGE_000377""]","[""EVD_000211""]","[""SRC_000064""]",T_1H_HAS_MEASUREMENT,FACT_HNQ_1H_PLACE_000008_EDGE_000377,template,easy,approved,
HNQ_1H_PLACE_000008_EDGE_000378,HNQ_1H_PLACE_000008_EDGE_000378,PLACE_000008,PLACE_000008,ARCH_000072,Tầng ba Tháp Rùa rộng bao nhiêu?,"[""1,9 m""]","[""VALUE_000038""]","[[""1,9 m""]]","[""ARCH_000072""]",single_hop,Value,1,"[""HAS_MEASUREMENT""]","[""EDGE_000378""]","[""EVD_000211""]","[""SRC_000064""]",T_1H_HAS_MEASUREMENT,FACT_HNQ_1H_PLACE_000008_EDGE_000378,template,easy,approved,
HNQ_1H_PLACE_000008_EDGE_000379,HNQ_1H_PLACE_000008_EDGE_000379,PLACE_000008,PLACE_000008,ARCH_000073,Số đo mỗi cạnh của Tầng đỉnh Tháp Rùa là bao nhiêu?,"[""2 m""]","[""VALUE_000040""]","[[""2 m""]]","[""ARCH_000073""]",single_hop,Value,1,"[""HAS_MEASUREMENT""]","[""EDGE_000379""]","[""EVD_000211""]","[""SRC_000064""]",T_1H_HAS_MEASUREMENT,FACT_HNQ_1H_PLACE_000008_EDGE_000379,template,easy,approved,
HNQ_1H_PLACE_000008_EDGE_000380,HNQ_1H_PLACE_000008_EDGE_000380,PLACE_000008,PLACE_000008,ARCH_000075,Số đo đường kính của Cửa tròn phía đông tầng ba Tháp Rùa là bao nhiêu?,"[""0,68 m""]","[""VALUE_000039""]","[[""0,68 m""]]","[""ARCH_000075""]",single_hop,Value,1,"[""HAS_MEASUREMENT""]","[""EDGE_000380""]","[""EVD_000212""]","[""SRC_000064""]",T_1H_HAS_MEASUREMENT,FACT_HNQ_1H_PLACE_000008_EDGE_000380,template,easy,approved,
HNQ_1H_PLACE_000008_EDGE_000381,HNQ_1H_PLACE_000008_EDGE_000381,PLACE_000008,PLACE_000008,ARCH_000074,Số đo móng của Móng Tháp Rùa là bao nhiêu?,"[""0,8 m""]","[""VALUE_000031""]","[[""0,8 m""]]","[""ARCH_000074""]",single_hop,Value,1,"[""HAS_MEASUREMENT""]","[""EDGE_000381""]","[""EVD_000215""]","[""SRC_000063""]",T_1H_HAS_MEASUREMENT,FACT_HNQ_1H_PLACE_000008_EDGE_000381,template,easy,approved,
HNQ_1H_PLACE_000008_EDGE_000382,HNQ_1H_PLACE_000008_EDGE_000382,PLACE_000008,PLACE_000008,PLACE_000008,Tháp Rùa cao bao nhiêu?,"[""8,8 m""]","[""VALUE_000041""]","[[""8,8 m""]]","[""PLACE_000008""]",single_hop,Value,1,"[""HAS_MEASUREMENT""]","[""EDGE_000382""]","[""EVD_000215""]","[""SRC_000063""]",T_1H_HAS_MEASUREMENT,FACT_HNQ_1H_PLACE_000008_EDGE_000382,template,easy,approved,
HNQ_1H_PLACE_000008_EDGE_000383,HNQ_1H_PLACE_000008_EDGE_000383,PLACE_000008,PLACE_000008,LOCATION_000005,Gò Rùa có diện tích bao nhiêu?,"[""Khoảng 350 m²""]","[""VALUE_000042""]","[[""Khoảng 350 m²""]]","[""LOCATION_000005""]",single_hop,Value,1,"[""HAS_MEASUREMENT""]","[""EDGE_000383""]","[""EVD_000216""]","[""SRC_000063""]",T_1H_HAS_MEASUREMENT,FACT_HNQ_1H_PLACE_000008_EDGE_000383,template,easy,approved,
HNQ_1H_PLACE_000008_EDGE_000390,HNQ_1H_PLACE_000008_EDGE_000390,PLACE_000008,PLACE_000008,ARCH_000070,Tầng một Tháp Rùa mang phong cách kiến trúc nào?,"[""Kiến trúc Gothic""]","[""ASTYLE_000005""]","[[""Kiến trúc Gothic"",""Kiến trúc gô-tích"",""Gothic""]]","[""ARCH_000070""]",single_hop,ArchitecturalStyle,1,"[""HAS_ARCHITECTURAL_STYLE""]","[""EDGE_000390""]","[""EVD_000214""]","[""SRC_000063""]",T_1H_HAS_ARCHITECTURAL_STYLE,FACT_HNQ_1H_PLACE_000008_EDGE_000390,template,easy,approved,
HNQ_1H_PLACE_000008_EDGE_000391,HNQ_1H_PLACE_000008_EDGE_000391,PLACE_000008,PLACE_000008,ARCH_000071,Tầng hai Tháp Rùa mang phong cách kiến trúc nào?,"[""Kiến trúc Gothic""]","[""ASTYLE_000005""]","[[""Kiến trúc Gothic"",""Kiến trúc gô-tích"",""Gothic""]]","[""ARCH_000071""]",single_hop,ArchitecturalStyle,1,"[""HAS_ARCHITECTURAL_STYLE""]","[""EDGE_000391""]","[""EVD_000214""]","[""SRC_000063""]",T_1H_HAS_ARCHITECTURAL_STYLE,FACT_HNQ_1H_PLACE_000008_EDGE_000391,template,easy,approved,
HNQ_1H_PLACE_000008_EDGE_000392,HNQ_1H_PLACE_000008_EDGE_000392,PLACE_000008,PLACE_000008,ARCH_000076,Hệ mái cong Tháp Rùa mang phong cách kiến trúc nào?,"[""Kiến trúc truyền thống Việt Nam""]","[""ASTYLE_000006""]","[[""Kiến trúc truyền thống Việt Nam""]]","[""ARCH_000076""]",single_hop,ArchitecturalStyle,1,"[""HAS_ARCHITECTURAL_STYLE""]","[""EDGE_000392""]","[""EVD_000214""]","[""SRC_000063""]",T_1H_HAS_ARCHITECTURAL_STYLE,FACT_HNQ_1H_PLACE_000008_EDGE_000392,template,easy,approved,
HNQ_1H_PLACE_000008_EDGE_000393,HNQ_1H_PLACE_000008_EDGE_000393,PLACE_000008,PLACE_000008,ARCH_000073,Tầng đỉnh Tháp Rùa mang phong cách kiến trúc nào?,"[""Kiến trúc vọng lâu""]","[""ASTYLE_000004""]","[[""Kiến trúc vọng lâu"",""Kiểu vọng lâu""]]","[""ARCH_000073""]",single_hop,ArchitecturalStyle,1,"[""HAS_ARCHITECTURAL_STYLE""]","[""EDGE_000393""]","[""EVD_000213""]","[""SRC_000063""]",T_1H_HAS_ARCHITECTURAL_STYLE,FACT_HNQ_1H_PLACE_000008_EDGE_000393,template,easy,approved,
HNQ_1H_PLACE_000008_EDGE_000396,HNQ_1H_PLACE_000008_EDGE_000396,PLACE_000008,PLACE_000008,PLACE_000009,Hồ Hoàn Kiếm nằm tại thành phố nào?,"[""Thành phố Hà Nội""]","[""ADMIN_000002""]","[[""Thành phố Hà Nội"",""Hà Nội""]]","[""PLACE_000009""]",single_hop,AdministrativeArea,1,"[""LOCATED_IN""]","[""EDGE_000396""]","[""EVD_000209""]","[""SRC_000066""]",T_1H_LOCATED_IN,FACT_HNQ_1H_PLACE_000008_EDGE_000396,template,easy,approved,
HNQ_LS_PLACE_000010_ARCH_000078_HAS_COMPONENT,HNQ_LS_PLACE_000010_ARCH_000078_HAS_COMPONENT,PLACE_000010,PLACE_000010,ARCH_000078,"Theo dữ liệu HanoiQA, Nhà 54 tại Khu Di tích Phủ Chủ tịch có những hạng mục nào?","[""Phòng làm việc Nhà 54"",""Phòng ăn Nhà 54"",""Phòng ngủ Nhà 54""]","[""ARCH_000081"",""ARCH_000082"",""ARCH_000083""]","[[""Phòng làm việc Nhà 54""],[""Phòng ăn Nhà 54""],[""Phòng ngủ Nhà 54""]]","[""ARCH_000078""]",list,Architecture,1,"[""HAS_COMPONENT""]","[""EDGE_000404"",""EDGE_000405"",""EDGE_000406""]","[""EVD_000221""]","[""SRC_000068""]",T_LS_HAS_COMPONENT,FACT_HNQ_LS_PLACE_000010_ARCH_000078_HAS_COMPONENT,template,easy,approved,
HNQ_LS_PLACE_000010_ARCH_000079_ASSOCIATED_WITH_PERSON,HNQ_LS_PLACE_000010_ARCH_000079_ASSOCIATED_WITH_PERSON,PLACE_000010,PLACE_000010,ARCH_000079,Những nhân vật nào được ghi nhận là có liên hệ với Nhà sàn Bác Hồ tại Phủ Chủ tịch?,"[""Hồ Chí Minh"",""Nguyễn Văn Ninh""]","[""PERSON_000024"",""PERSON_000025""]","[[""Hồ Chí Minh"",""Chủ tịch Hồ Chí Minh"",""Bác Hồ"",""Nguyễn Ái Quốc"",""Nguyễn Tất Thành""],[""Nguyễn Văn Ninh"",""Kiến trúc sư Nguyễn Văn Ninh""]]","[""ARCH_000079""]",list,Person,1,"[""ASSOCIATED_WITH_PERSON""]","[""EDGE_000416"",""EDGE_000431""]","[""EVD_000223"",""EVD_000224""]","[""SRC_000070""]",T_LS_ASSOCIATED_WITH_PERSON,FACT_HNQ_LS_PLACE_000010_ARCH_000079_ASSOCIATED_WITH_PERSON,template,easy,approved,
HNQ_LS_PLACE_000010_ARCH_000080_HAS_COMPONENT,HNQ_LS_PLACE_000010_ARCH_000080_HAS_COMPONENT,PLACE_000010,PLACE_000010,ARCH_000080,"Theo dữ liệu HanoiQA, Nhà 67 tại Khu Di tích Phủ Chủ tịch có những hạng mục nào?","[""Đài ZENITH của Hồ Chí Minh tại Nhà 67"",""Đồng hồ cạnh giường tại Nhà 67"",""Hai bản đồ quân sự tại Nhà 67""]","[""HOBJ_000018"",""HOBJ_000019"",""HOBJ_000020""]","[[""Đài ZENITH của Hồ Chí Minh tại Nhà 67""],[""Đồng hồ cạnh giường tại Nhà 67""],[""Hai bản đồ quân sự tại Nhà 67""]]","[""ARCH_000080""]",list,HeritageObject,1,"[""HAS_COMPONENT""]","[""EDGE_000412"",""EDGE_000413"",""EDGE_000414""]","[""EVD_000228""]","[""SRC_000069""]",T_LS_HAS_COMPONENT,FACT_HNQ_LS_PLACE_000010_ARCH_000080_HAS_COMPONENT,template,easy,approved,
HNQ_LS_PLACE_000010_ARCH_000083_HAS_COMPONENT,HNQ_LS_PLACE_000010_ARCH_000083_HAS_COMPONENT,PLACE_000010,PLACE_000010,ARCH_000083,"Theo dữ liệu HanoiQA, Phòng ngủ Nhà 54 có những hạng mục nào?","[""Giường ngủ của Hồ Chí Minh tại Nhà 54"",""Tủ quần áo của Hồ Chí Minh tại Nhà 54""]","[""HOBJ_000016"",""HOBJ_000017""]","[[""Giường ngủ của Hồ Chí Minh tại Nhà 54""],[""Tủ quần áo của Hồ Chí Minh tại Nhà 54""]]","[""ARCH_000083""]",list,HeritageObject,1,"[""HAS_COMPONENT""]","[""EDGE_000410"",""EDGE_000411""]","[""EVD_000222""]","[""SRC_000068""]",T_LS_HAS_COMPONENT,FACT_HNQ_LS_PLACE_000010_ARCH_000083_HAS_COMPONENT,template,easy,approved,
HNQ_LS_PLACE_000010_PLACE_000010_HAS_COMPONENT,HNQ_LS_PLACE_000010_PLACE_000010_HAS_COMPONENT,PLACE_000010,PLACE_000010,PLACE_000010,"Theo dữ liệu HanoiQA, Khu di tích Chủ tịch Hồ Chí Minh tại Phủ Chủ tịch có những hạng mục nào?","[""Nhà 54 tại Khu Di tích Phủ Chủ tịch"",""Nhà sàn Bác Hồ tại Phủ Chủ tịch"",""Nhà 67 tại Khu Di tích Phủ Chủ tịch"",""Ao cá Bác Hồ tại Khu Di tích Phủ Chủ tịch""]","[""ARCH_000078"",""ARCH_000079"",""ARCH_000080"",""ARCH_000084""]","[[""Nhà 54 tại Khu Di tích Phủ Chủ tịch"",""Di tích Nhà 54""],[""Nhà sàn Bác Hồ tại Phủ Chủ tịch"",""Nhà sàn Bác Hồ"",""Di tích Nhà sàn""],[""Nhà 67 tại Khu Di tích Phủ Chủ tịch"",""Di tích Nhà 67"",""DK2""],[""Ao cá Bác Hồ tại Khu Di tích Phủ Chủ tịch"",""Ao cá Bác Hồ""]]","[""PLACE_000010""]",list,Architecture,1,"[""HAS_COMPONENT""]","[""EDGE_000401"",""EDGE_000402"",""EDGE_000403"",""EDGE_000407""]","[""EVD_000220"",""EVD_000223"",""EVD_000225"",""EVD_000230""]","[""SRC_000068"",""SRC_000069"",""SRC_000070"",""SRC_000072""]",T_LS_HAS_COMPONENT,FACT_HNQ_LS_PLACE_000010_PLACE_000010_HAS_COMPONENT,template,easy,approved,
HNQ_2H_PLACE_000010_T_2H_COMPONENT_BUILT_IN_TIME_000037,HNQ_2H_PLACE_000010_T_2H_COMPONENT_BUILT_IN_TIME_000037,PLACE_000010,PLACE_000010,PLACE_000010,Hạng mục nào của Khu di tích Chủ tịch Hồ Chí Minh tại Phủ Chủ tịch được xây dựng vào Ngày 1 tháng 5 năm 1967?,"[""Nhà 67 tại Khu Di tích Phủ Chủ tịch""]","[""ARCH_000080""]","[[""Nhà 67 tại Khu Di tích Phủ Chủ tịch"",""Di tích Nhà 67"",""DK2""]]","[""PLACE_000010"",""TIME_000037""]",multi_hop,Architecture,2,"[""HAS_COMPONENT"",""BUILT_IN""]","[""EDGE_000403"",""EDGE_000427""]","[""EVD_000225""]","[""SRC_000069""]",T_2H_COMPONENT_BUILT_IN,FACT_HNQ_2H_PLACE_000010_T_2H_COMPONENT_BUILT_IN_TIME_000037,template,medium,approved,
HNQ_2H_PLACE_000010_T_2H_COMPONENT_BUILT_IN_TIME_000038,HNQ_2H_PLACE_000010_T_2H_COMPONENT_BUILT_IN_TIME_000038,PLACE_000010,PLACE_000010,PLACE_000010,Hạng mục nào của Khu di tích Chủ tịch Hồ Chí Minh tại Phủ Chủ tịch được xây dựng vào Ngày 17 tháng 5 năm 1958?,"[""Nhà sàn Bác Hồ tại Phủ Chủ tịch""]","[""ARCH_000079""]","[[""Nhà sàn Bác Hồ tại Phủ Chủ tịch"",""Nhà sàn Bác Hồ"",""Di tích Nhà sàn""]]","[""PLACE_000010"",""TIME_000038""]",multi_hop,Architecture,2,"[""HAS_COMPONENT"",""BUILT_IN""]","[""EDGE_000402"",""EDGE_000428""]","[""EVD_000223"",""EVD_000224""]","[""SRC_000070""]",T_2H_COMPONENT_BUILT_IN,FACT_HNQ_2H_PLACE_000010_T_2H_COMPONENT_BUILT_IN_TIME_000038,template,medium,approved,
HNQ_2H_PLACE_000010_T_2H_COMPONENT_BUILT_WITH_MATERIAL_000001,HNQ_2H_PLACE_000010_T_2H_COMPONENT_BUILT_WITH_MATERIAL_000001,PLACE_000010,PLACE_000010,PLACE_000010,Hạng mục nào của Khu di tích Chủ tịch Hồ Chí Minh tại Phủ Chủ tịch được xây dựng bằng Gỗ?,"[""Nhà sàn Bác Hồ tại Phủ Chủ tịch""]","[""ARCH_000079""]","[[""Nhà sàn Bác Hồ tại Phủ Chủ tịch"",""Nhà sàn Bác Hồ"",""Di tích Nhà sàn""]]","[""PLACE_000010"",""MATERIAL_000001""]",multi_hop,Architecture,2,"[""HAS_COMPONENT"",""BUILT_WITH""]","[""EDGE_000402"",""EDGE_000430""]","[""EVD_000223"",""EVD_000224""]","[""SRC_000070""]",T_2H_COMPONENT_BUILT_WITH,FACT_HNQ_2H_PLACE_000010_T_2H_COMPONENT_BUILT_WITH_MATERIAL_000001,template,medium,approved,
HNQ_2H_PLACE_000010_T_2H_COMPONENT_BUILT_WITH_MATERIAL_000005,HNQ_2H_PLACE_000010_T_2H_COMPONENT_BUILT_WITH_MATERIAL_000005,PLACE_000010,PLACE_000010,PLACE_000010,Hạng mục nào của Khu di tích Chủ tịch Hồ Chí Minh tại Phủ Chủ tịch được xây dựng bằng Bê tông cốt thép?,"[""Nhà 67 tại Khu Di tích Phủ Chủ tịch""]","[""ARCH_000080""]","[[""Nhà 67 tại Khu Di tích Phủ Chủ tịch"",""Di tích Nhà 67"",""DK2""]]","[""PLACE_000010"",""MATERIAL_000005""]",multi_hop,Architecture,2,"[""HAS_COMPONENT"",""BUILT_WITH""]","[""EDGE_000403"",""EDGE_000429""]","[""EVD_000225"",""EVD_000226""]","[""SRC_000069""]",T_2H_COMPONENT_BUILT_WITH,FACT_HNQ_2H_PLACE_000010_T_2H_COMPONENT_BUILT_WITH_MATERIAL_000005,template,medium,approved,
HNQ_2H_PLACE_000010_T_2H_COMPONENT_STYLE_ASTYLE_000007,HNQ_2H_PLACE_000010_T_2H_COMPONENT_STYLE_ASTYLE_000007,PLACE_000010,PLACE_000010,PLACE_000010,Hạng mục nào của Khu di tích Chủ tịch Hồ Chí Minh tại Phủ Chủ tịch mang phong cách Kiến trúc nhà sàn dân tộc Việt Bắc?,"[""Nhà sàn Bác Hồ tại Phủ Chủ tịch""]","[""ARCH_000079""]","[[""Nhà sàn Bác Hồ tại Phủ Chủ tịch"",""Nhà sàn Bác Hồ"",""Di tích Nhà sàn""]]","[""PLACE_000010"",""ASTYLE_000007""]",multi_hop,Architecture,2,"[""HAS_COMPONENT"",""HAS_ARCHITECTURAL_STYLE""]","[""EDGE_000402"",""EDGE_000432""]","[""EVD_000223"",""EVD_000224""]","[""SRC_000070""]",T_2H_COMPONENT_STYLE,FACT_HNQ_2H_PLACE_000010_T_2H_COMPONENT_STYLE_ASTYLE_000007,template,medium,approved,
HNQ_2H_PLACE_000010_T_2H_COMPONENT_USED_FOR_ACTIVITY_000015,HNQ_2H_PLACE_000010_T_2H_COMPONENT_USED_FOR_ACTIVITY_000015,PLACE_000010,PLACE_000010,PLACE_000010,Hạng mục nào của Khu di tích Chủ tịch Hồ Chí Minh tại Phủ Chủ tịch từng được sử dụng để Họp Bộ Chính trị?,"[""Nhà 67 tại Khu Di tích Phủ Chủ tịch""]","[""ARCH_000080""]","[[""Nhà 67 tại Khu Di tích Phủ Chủ tịch"",""Di tích Nhà 67"",""DK2""]]","[""PLACE_000010"",""ACTIVITY_000015""]",multi_hop,Architecture,2,"[""HAS_COMPONENT"",""USED_FOR""]","[""EDGE_000403"",""EDGE_000435""]","[""EVD_000225"",""EVD_000227""]","[""SRC_000069""]",T_2H_COMPONENT_USED_FOR,FACT_HNQ_2H_PLACE_000010_T_2H_COMPONENT_USED_FOR_ACTIVITY_000015,template,medium,approved,
HNQ_1H_PLACE_000010_EDGE_000398,HNQ_1H_PLACE_000010_EDGE_000398,PLACE_000010,PLACE_000010,PLACE_000010,Địa chỉ liên hệ tại Cổng Đỏ của Khu di tích Chủ tịch Hồ Chí Minh tại Phủ Chủ tịch là gì?,"[""Số 1 Hoàng Hoa Thám (Cổng Đỏ), Ba Đình, Hà Nội""]","[""ADDRESS_000007""]","[[""Số 1 Hoàng Hoa Thám (Cổng Đỏ), Ba Đình, Hà Nội"",""1 Hoàng Hoa Thám, Cổng Đỏ""]]","[""PLACE_000010""]",single_hop,Address,1,"[""HAS_ADDRESS""]","[""EDGE_000398""]","[""EVD_000219""]","[""SRC_000067""]",T_1H_HAS_ADDRESS,FACT_HNQ_1H_PLACE_000010_EDGE_000398,template,easy,approved,
HNQ_1H_PLACE_000010_EDGE_000399,HNQ_1H_PLACE_000010_EDGE_000399,PLACE_000010,PLACE_000010,PLACE_000010,Khu di tích Chủ tịch Hồ Chí Minh tại Phủ Chủ tịch nằm tại thành phố nào?,"[""Thành phố Hà Nội""]","[""ADMIN_000002""]","[[""Thành phố Hà Nội"",""Hà Nội""]]","[""PLACE_000010""]",single_hop,AdministrativeArea,1,"[""LOCATED_IN""]","[""EDGE_000399""]","[""EVD_000219""]","[""SRC_000067""]",T_1H_LOCATED_IN,FACT_HNQ_1H_PLACE_000010_EDGE_000399,template,easy,approved,
HNQ_1H_PLACE_000010_EDGE_000408,HNQ_1H_PLACE_000010_EDGE_000408,PLACE_000010,PLACE_000010,ARCH_000084,Ao cá Bác Hồ tại Khu Di tích Phủ Chủ tịch có diện tích bao nhiêu?,"[""Khoảng 3.200 m²""]","[""VALUE_000045""]","[[""Khoảng 3.200 m²""]]","[""ARCH_000084""]",single_hop,Value,1,"[""HAS_MEASUREMENT""]","[""EDGE_000408""]","[""EVD_000230""]","[""SRC_000072""]",T_1H_HAS_MEASUREMENT,FACT_HNQ_1H_PLACE_000010_EDGE_000408,template,easy,approved,
HNQ_1H_PLACE_000010_EDGE_000427,HNQ_1H_PLACE_000010_EDGE_000427,PLACE_000010,PLACE_000010,ARCH_000080,Nhà 67 tại Khu Di tích Phủ Chủ tịch được khởi công vào thời điểm nào?,"[""Ngày 1 tháng 5 năm 1967""]","[""TIME_000037""]","[[""Ngày 1 tháng 5 năm 1967"",""01/05/1967"",""1967-05-01""]]","[""ARCH_000080""]",single_hop,Time,1,"[""BUILT_IN""]","[""EDGE_000427""]","[""EVD_000225""]","[""SRC_000069""]",T_1H_BUILT_IN,FACT_HNQ_1H_PLACE_000010_EDGE_000427,template,easy,approved,
HNQ_1H_PLACE_000010_EDGE_000428,HNQ_1H_PLACE_000010_EDGE_000428,PLACE_000010,PLACE_000010,ARCH_000079,Nhà sàn Bác Hồ tại Phủ Chủ tịch được hoàn thành vào thời điểm nào?,"[""Ngày 17 tháng 5 năm 1958""]","[""TIME_000038""]","[[""Ngày 17 tháng 5 năm 1958"",""17/05/1958"",""1958-05-17""]]","[""ARCH_000079""]",single_hop,Time,1,"[""BUILT_IN""]","[""EDGE_000428""]","[""EVD_000224""]","[""SRC_000070""]",T_1H_BUILT_IN,FACT_HNQ_1H_PLACE_000010_EDGE_000428,template,easy,approved,
HNQ_1H_PLACE_000010_EDGE_000432,HNQ_1H_PLACE_000010_EDGE_000432,PLACE_000010,PLACE_000010,ARCH_000079,Nhà sàn Bác Hồ tại Phủ Chủ tịch mang phong cách kiến trúc nào?,"[""Kiến trúc nhà sàn dân tộc Việt Bắc""]","[""ASTYLE_000007""]","[[""Kiến trúc nhà sàn dân tộc Việt Bắc""]]","[""ARCH_000079""]",single_hop,ArchitecturalStyle,1,"[""HAS_ARCHITECTURAL_STYLE""]","[""EDGE_000432""]","[""EVD_000224""]","[""SRC_000070""]",T_1H_HAS_ARCHITECTURAL_STYLE,FACT_HNQ_1H_PLACE_000010_EDGE_000432,template,easy,approved,
HNQ_1H_PLACE_000010_EDGE_000433,HNQ_1H_PLACE_000010_EDGE_000433,PLACE_000010,PLACE_000010,PLACE_000010,Khu di tích Chủ tịch Hồ Chí Minh tại Phủ Chủ tịch được công nhận với danh hiệu nào?,"[""Di tích quốc gia đặc biệt""]","[""HSTATUS_000003""]","[[""Di tích quốc gia đặc biệt"",""Di tích Quốc gia đặc biệt""]]","[""PLACE_000010""]",single_hop,HeritageStatus,1,"[""RECOGNIZED_AS""]","[""EDGE_000433""]","[""EVD_000231""]","[""SRC_000071""]",T_1H_RECOGNIZED_AS,FACT_HNQ_1H_PLACE_000010_EDGE_000433,template,easy,approved,
HNQ_1H_PLACE_000010_EDGE_000434,HNQ_1H_PLACE_000010_EDGE_000434,PLACE_000010,PLACE_000010,PLACE_000010,Khu di tích Chủ tịch Hồ Chí Minh tại Phủ Chủ tịch được công nhận là Di tích quốc gia đặc biệt vào thời điểm nào?,"[""Ngày 12 tháng 8 năm 2009""]","[""TIME_000036""]","[[""Ngày 12 tháng 8 năm 2009"",""12/08/2009"",""2009-08-12""]]","[""PLACE_000010""]",single_hop,Time,1,"[""RECOGNIZED_IN""]","[""EDGE_000434""]","[""EVD_000231""]","[""SRC_000071""]",T_1H_RECOGNIZED_IN,FACT_HNQ_1H_PLACE_000010_EDGE_000434,template,easy,approved,
HNQ_LS_PLACE_000011_ARCH_000086_HAS_COMPONENT,HNQ_LS_PLACE_000011_ARCH_000086_HAS_COMPONENT,PLACE_000011,PLACE_000011,ARCH_000086,"Theo dữ liệu HanoiQA, Khối trung tâm Lăng Chủ tịch Hồ Chí Minh có những hạng mục nào?","[""Phòng thi hài Lăng Chủ tịch Hồ Chí Minh"",""Tiền sảnh Lăng Chủ tịch Hồ Chí Minh"",""Hệ cầu thang Lăng Chủ tịch Hồ Chí Minh""]","[""ARCH_000088"",""ARCH_000089"",""ARCH_000090""]","[[""Phòng thi hài Lăng Chủ tịch Hồ Chí Minh""],[""Tiền sảnh Lăng Chủ tịch Hồ Chí Minh""],[""Hệ cầu thang Lăng Chủ tịch Hồ Chí Minh""]]","[""ARCH_000086""]",list,Architecture,1,"[""HAS_COMPONENT""]","[""EDGE_000449"",""EDGE_000450"",""EDGE_000451""]","[""EVD_000237""]","[""SRC_000077""]",T_LS_HAS_COMPONENT,FACT_HNQ_LS_PLACE_000011_ARCH_000086_HAS_COMPONENT,template,easy,approved,
HNQ_LS_PLACE_000011_PLACE_000011_HAS_COMPONENT,HNQ_LS_PLACE_000011_PLACE_000011_HAS_COMPONENT,PLACE_000011,PLACE_000011,PLACE_000011,"Theo dữ liệu HanoiQA, Lăng Chủ tịch Hồ Chí Minh có những hạng mục nào?","[""Bệ tam cấp Lăng Chủ tịch Hồ Chí Minh"",""Khối trung tâm Lăng Chủ tịch Hồ Chí Minh"",""Mái tam cấp Lăng Chủ tịch Hồ Chí Minh"",""Hàng cột vuông Lăng Chủ tịch Hồ Chí Minh"",""Hệ cửa gỗ Lăng Chủ tịch Hồ Chí Minh"",""Lễ đài phía Nam Lăng Chủ tịch Hồ Chí Minh"",""Lễ đài phía Bắc Lăng Chủ tịch Hồ Chí Minh"",""Dòng chữ Chủ tịch Hồ Chí Minh trên mặt chính Lăng""]","[""ARCH_000085"",""ARCH_000086"",""ARCH_000087"",""ARCH_000091"",""ARCH_000092"",""ARCH_000093"",""ARCH_000094"",""HOBJ_000021""]","[[""Bệ tam cấp Lăng Chủ tịch Hồ Chí Minh""],[""Khối trung tâm Lăng Chủ tịch Hồ Chí Minh""],[""Mái tam cấp Lăng Chủ tịch Hồ Chí Minh""],[""Hàng cột vuông Lăng Chủ tịch Hồ Chí Minh""],[""Hệ cửa gỗ Lăng Chủ tịch Hồ Chí Minh""],[""Lễ đài phía Nam Lăng Chủ tịch Hồ Chí Minh""],[""Lễ đài phía Bắc Lăng Chủ tịch Hồ Chí Minh""],[""Dòng chữ Chủ tịch Hồ Chí Minh trên mặt chính Lăng""]]","[""PLACE_000011""]",list,Architecture|HeritageObject,1,"[""HAS_COMPONENT""]","[""EDGE_000442"",""EDGE_000443"",""EDGE_000444"",""EDGE_000445"",""EDGE_000446"",""EDGE_000447"",""EDGE_000448"",""EDGE_000452""]","[""EVD_000234"",""EVD_000236""]","[""SRC_000073""]",T_LS_HAS_COMPONENT,FACT_HNQ_LS_PLACE_000011_PLACE_000011_HAS_COMPONENT,template,easy,approved,
HNQ_LS_PLACE_000011_PLACE_000011_HAS_EVENT,HNQ_LS_PLACE_000011_PLACE_000011_HAS_EVENT,PLACE_000011,PLACE_000011,PLACE_000011,Những sự kiện nào được ghi nhận là gắn với Lăng Chủ tịch Hồ Chí Minh?,"[""Khởi công xây dựng Lăng Chủ tịch Hồ Chí Minh"",""Khánh thành Lăng Chủ tịch Hồ Chí Minh"",""Đổ mẻ bê tông móng đầu tiên của Lăng Chủ tịch Hồ Chí Minh"",""Lễ chào cờ đầu tiên trước Lăng Chủ tịch Hồ Chí Minh""]","[""EVENT_000020"",""EVENT_000021"",""EVENT_000022"",""EVENT_000023""]","[[""Khởi công xây dựng Lăng Chủ tịch Hồ Chí Minh""],[""Khánh thành Lăng Chủ tịch Hồ Chí Minh""],[""Đổ mẻ bê tông móng đầu tiên của Lăng Chủ tịch Hồ Chí Minh""],[""Lễ chào cờ đầu tiên trước Lăng Chủ tịch Hồ Chí Minh""]]","[""PLACE_000011""]",list,Event,1,"[""HAS_EVENT""]","[""EDGE_000458"",""EDGE_000460"",""EDGE_000462"",""EDGE_000464""]","[""EVD_000239"",""EVD_000240""]","[""SRC_000074"",""SRC_000076""]",T_LS_HAS_EVENT,FACT_HNQ_LS_PLACE_000011_PLACE_000011_HAS_EVENT,template,easy,approved,
HNQ_2H_PLACE_000011_T_2H_COMPONENT_BUILT_WITH_MATERIAL_000001,HNQ_2H_PLACE_000011_T_2H_COMPONENT_BUILT_WITH_MATERIAL_000001,PLACE_000011,PLACE_000011,PLACE_000011,Hạng mục nào của Lăng Chủ tịch Hồ Chí Minh được xây dựng bằng Gỗ?,"[""Hệ cửa gỗ Lăng Chủ tịch Hồ Chí Minh""]","[""ARCH_000092""]","[[""Hệ cửa gỗ Lăng Chủ tịch Hồ Chí Minh""]]","[""PLACE_000011"",""MATERIAL_000001""]",multi_hop,Architecture,2,"[""HAS_COMPONENT"",""BUILT_WITH""]","[""EDGE_000446"",""EDGE_000467""]","[""EVD_000234"",""EVD_000238""]","[""SRC_000073""]",T_2H_COMPONENT_BUILT_WITH,FACT_HNQ_2H_PLACE_000011_T_2H_COMPONENT_BUILT_WITH_MATERIAL_000001,template,medium,approved,
HNQ_2H_PLACE_000011_T_2H_COMPONENT_BUILT_WITH_MATERIAL_000006,HNQ_2H_PLACE_000011_T_2H_COMPONENT_BUILT_WITH_MATERIAL_000006,PLACE_000011,PLACE_000011,PLACE_000011,Hạng mục nào của Lăng Chủ tịch Hồ Chí Minh được xây dựng bằng Đá hoa cương?,"[""Hàng cột vuông Lăng Chủ tịch Hồ Chí Minh""]","[""ARCH_000091""]","[[""Hàng cột vuông Lăng Chủ tịch Hồ Chí Minh""]]","[""PLACE_000011"",""MATERIAL_000006""]",multi_hop,Architecture,2,"[""HAS_COMPONENT"",""BUILT_WITH""]","[""EDGE_000445"",""EDGE_000468""]","[""EVD_000234"",""EVD_000238""]","[""SRC_000073""]",T_2H_COMPONENT_BUILT_WITH,FACT_HNQ_2H_PLACE_000011_T_2H_COMPONENT_BUILT_WITH_MATERIAL_000006,template,medium,approved,
HNQ_2H_PLACE_000011_T_2H_EVENT_LOCATION_all,HNQ_2H_PLACE_000011_T_2H_EVENT_LOCATION_all,PLACE_000011,PLACE_000011,PLACE_000011,Các sự kiện gắn với Lăng Chủ tịch Hồ Chí Minh được ghi nhận là diễn ra tại những đâu?,"[""Ngày 2 tháng 9 năm 1973"",""Ngày 29 tháng 8 năm 1975"",""Ngày 27 tháng 10 năm 1973"",""Ngày 19 tháng 5 năm 2001""]","[""TIME_000042"",""TIME_000043"",""TIME_000044"",""TIME_000045""]","[[""Ngày 2 tháng 9 năm 1973"",""02/09/1973"",""1973-09-02""],[""Ngày 29 tháng 8 năm 1975"",""29/08/1975"",""1975-08-29""],[""Ngày 27 tháng 10 năm 1973"",""27/10/1973"",""1973-10-27""],[""Ngày 19 tháng 5 năm 2001"",""19/05/2001"",""2001-05-19""]]","[""PLACE_000011""]",multi_hop,Time,2,"[""HAS_EVENT"",""OCCURRED_IN""]","[""EDGE_000458"",""EDGE_000459"",""EDGE_000460"",""EDGE_000461"",""EDGE_000462"",""EDGE_000463"",""EDGE_000464"",""EDGE_000465""]","[""EVD_000239"",""EVD_000240""]","[""SRC_000074"",""SRC_000076""]",T_2H_EVENT_LOCATION,FACT_HNQ_2H_PLACE_000011_T_2H_EVENT_LOCATION_all,template,medium,approved,
HNQ_1H_PLACE_000011_EDGE_000438,HNQ_1H_PLACE_000011_EDGE_000438,PLACE_000011,PLACE_000011,PLACE_000011,Lăng Chủ tịch Hồ Chí Minh nằm ở đâu?,"[""Quảng trường Ba Đình, đường Hùng Vương, phường Ba Đình, Hà Nội""]","[""ADDRESS_000008""]","[[""Quảng trường Ba Đình, đường Hùng Vương, phường Ba Đình, Hà Nội""]]","[""PLACE_000011""]",single_hop,Address,1,"[""HAS_ADDRESS""]","[""EDGE_000438""]","[""EVD_000233"",""EVD_000232""]","[""SRC_000073"",""SRC_000075""]",T_1H_HAS_ADDRESS,FACT_HNQ_1H_PLACE_000011_EDGE_000438,template,easy,approved,
HNQ_1H_PLACE_000011_EDGE_000439,HNQ_1H_PLACE_000011_EDGE_000439,PLACE_000011,PLACE_000011,PLACE_000011,Lăng Chủ tịch Hồ Chí Minh nằm tại vị trí nào?,"[""Quảng trường Ba Đình""]","[""LOCATION_000006""]","[[""Quảng trường Ba Đình""]]","[""PLACE_000011""]",single_hop,Location,1,"[""LOCATED_IN""]","[""EDGE_000439""]","[""EVD_000232""]","[""SRC_000073""]",T_1H_LOCATED_IN,FACT_HNQ_1H_PLACE_000011_EDGE_000439,template,easy,approved,
HNQ_1H_PLACE_000011_EDGE_000440,HNQ_1H_PLACE_000011_EDGE_000440,PLACE_000011,PLACE_000011,PLACE_000011,Lăng Chủ tịch Hồ Chí Minh nằm tại thành phố nào?,"[""Thành phố Hà Nội""]","[""ADMIN_000002""]","[[""Thành phố Hà Nội"",""Hà Nội""]]","[""PLACE_000011""]",single_hop,AdministrativeArea,1,"[""LOCATED_IN""]","[""EDGE_000440""]","[""EVD_000233""]","[""SRC_000075""]",T_1H_LOCATED_IN,FACT_HNQ_1H_PLACE_000011_EDGE_000440,template,easy,approved,
HNQ_1H_PLACE_000011_EDGE_000454,HNQ_1H_PLACE_000011_EDGE_000454,PLACE_000011,PLACE_000011,PLACE_000011,Lăng Chủ tịch Hồ Chí Minh cao bao nhiêu?,"[""21,6 m""]","[""VALUE_000046""]","[[""21,6 m""]]","[""PLACE_000011""]",single_hop,Value,1,"[""HAS_MEASUREMENT""]","[""EDGE_000454""]","[""EVD_000235""]","[""SRC_000073""]",T_1H_HAS_MEASUREMENT,FACT_HNQ_1H_PLACE_000011_EDGE_000454,template,easy,approved,
HNQ_1H_PLACE_000011_EDGE_000455,HNQ_1H_PLACE_000011_EDGE_000455,PLACE_000011,PLACE_000011,PLACE_000011,Lăng Chủ tịch Hồ Chí Minh rộng bao nhiêu?,"[""41,2 m""]","[""VALUE_000047""]","[[""41,2 m""]]","[""PLACE_000011""]",single_hop,Value,1,"[""HAS_MEASUREMENT""]","[""EDGE_000455""]","[""EVD_000235""]","[""SRC_000073""]",T_1H_HAS_MEASUREMENT,FACT_HNQ_1H_PLACE_000011_EDGE_000455,template,easy,approved,
HNQ_1H_PLACE_000011_EDGE_000456,HNQ_1H_PLACE_000011_EDGE_000456,PLACE_000011,PLACE_000011,ARCH_000093,Lễ đài phía Nam Lăng Chủ tịch Hồ Chí Minh dài bao nhiêu?,"[""65 m""]","[""VALUE_000048""]","[[""65 m""]]","[""ARCH_000093""]",single_hop,Value,1,"[""HAS_MEASUREMENT""]","[""EDGE_000456""]","[""EVD_000234""]","[""SRC_000073""]",T_1H_HAS_MEASUREMENT,FACT_HNQ_1H_PLACE_000011_EDGE_000456,template,easy,approved,
HNQ_1H_PLACE_000011_EDGE_000457,HNQ_1H_PLACE_000011_EDGE_000457,PLACE_000011,PLACE_000011,ARCH_000094,Lễ đài phía Bắc Lăng Chủ tịch Hồ Chí Minh dài bao nhiêu?,"[""65 m""]","[""VALUE_000048""]","[[""65 m""]]","[""ARCH_000094""]",single_hop,Value,1,"[""HAS_MEASUREMENT""]","[""EDGE_000457""]","[""EVD_000234""]","[""SRC_000073""]",T_1H_HAS_MEASUREMENT,FACT_HNQ_1H_PLACE_000011_EDGE_000457,template,easy,approved,
HNQ_1H_PLACE_000011_EDGE_000466,HNQ_1H_PLACE_000011_EDGE_000466,PLACE_000011,PLACE_000011,PLACE_000011,Lăng Chủ tịch Hồ Chí Minh được khởi công vào thời điểm nào?,"[""Ngày 2 tháng 9 năm 1973""]","[""TIME_000042""]","[[""Ngày 2 tháng 9 năm 1973"",""02/09/1973"",""1973-09-02""]]","[""PLACE_000011""]",single_hop,Time,1,"[""BUILT_IN""]","[""EDGE_000466""]","[""EVD_000239""]","[""SRC_000074""]",T_1H_BUILT_IN,FACT_HNQ_1H_PLACE_000011_EDGE_000466,template,easy,approved,
HNQ_1H_PLACE_000011_EDGE_000475,HNQ_1H_PLACE_000011_EDGE_000475,PLACE_000011,PLACE_000011,PLACE_000011,Lăng Chủ tịch Hồ Chí Minh nằm tại phường nào?,"[""Phường Ba Đình""]","[""ADMIN_000001""]","[[""Phường Ba Đình""]]","[""PLACE_000011""]",single_hop,AdministrativeArea,1,"[""LOCATED_IN""]","[""EDGE_000475""]","[""EVD_000233""]","[""SRC_000075""]",T_1H_LOCATED_IN,FACT_HNQ_1H_PLACE_000011_EDGE_000475,template,easy,approved,
HNQ_1H_PLACE_000011_EDGE_000477,HNQ_1H_PLACE_000011_EDGE_000477,PLACE_000011,PLACE_000011,ARCH_000089,Tiền sảnh Lăng Chủ tịch Hồ Chí Minh nằm trong địa danh nào?,"[""Lăng Chủ tịch Hồ Chí Minh""]","[""PLACE_000011""]","[[""Lăng Chủ tịch Hồ Chí Minh"",""Lăng Bác"",""Lăng Hồ Chủ tịch"",""Ho Chi Minh Mausoleum""]]","[""ARCH_000089""]",single_hop,Place,1,"[""LOCATED_IN""]","[""EDGE_000477""]","[""EVD_000237""]","[""SRC_000077""]",T_1H_LOCATED_IN,FACT_HNQ_1H_PLACE_000011_EDGE_000477,template,easy,approved,
HNQ_LS_PLACE_000012_ARCH_000096_HAS_COMPONENT,HNQ_LS_PLACE_000012_ARCH_000096_HAS_COMPONENT,PLACE_000012,PLACE_000012,ARCH_000096,"Theo dữ liệu HanoiQA, Nhà tưởng niệm Chủ tịch Hồ Chí Minh tại K9 Đá Chông có những hạng mục nào?","[""Mái thượng Nhà tưởng niệm tại K9 Đá Chông"",""Mái hạ Nhà tưởng niệm tại K9 Đá Chông""]","[""ARCH_000102"",""ARCH_000103""]","[[""Mái thượng Nhà tưởng niệm tại K9 Đá Chông""],[""Mái hạ Nhà tưởng niệm tại K9 Đá Chông""]]","[""ARCH_000096""]",list,Architecture,1,"[""HAS_COMPONENT""]","[""EDGE_000490"",""EDGE_000491""]","[""EVD_000248""]","[""SRC_000080""]",T_LS_HAS_COMPONENT,FACT_HNQ_LS_PLACE_000012_ARCH_000096_HAS_COMPONENT,template,easy,approved,
HNQ_LS_PLACE_000012_PLACE_000012_HAS_COMPONENT,HNQ_LS_PLACE_000012_PLACE_000012_HAS_COMPONENT,PLACE_000012,PLACE_000012,PLACE_000012,"Theo dữ liệu HanoiQA, Khu di tích K9 Đá Chông có những hạng mục nào?","[""Nhà hai tầng tại K9 Đá Chông"",""Nhà tưởng niệm Chủ tịch Hồ Chí Minh tại K9 Đá Chông"",""Nhà kính tại K9 Đá Chông"",""Phòng làm việc tại K9 Đá Chông"",""Phòng họp tại K9 Đá Chông"",""Nhà phục vụ tại K9 Đá Chông"",""Nhà khách Trung ương tại K9 Đá Chông"",""Xe UAZ cứu thương FH-1468 tại K9"",""Xe ZIL 157 biển số 470-189 tại K9"",""Xe PAP biển số 31-162 tại K9"",""Hệ thống tổng đài điện thoại tại K9""]","[""ARCH_000095"",""ARCH_000096"",""ARCH_000097"",""ARCH_000098"",""ARCH_000099"",""ARCH_000100"",""ARCH_000101"",""HOBJ_000023"",""HOBJ_000024"",""HOBJ_000025"",""HOBJ_000026""]","[[""Nhà hai tầng tại K9 Đá Chông""],[""Nhà tưởng niệm Chủ tịch Hồ Chí Minh tại K9 Đá Chông""],[""Nhà kính tại K9 Đá Chông""],[""Phòng làm việc tại K9 Đá Chông""],[""Phòng họp tại K9 Đá Chông""],[""Nhà phục vụ tại K9 Đá Chông""],[""Nhà khách Trung ương tại K9 Đá Chông""],[""Xe UAZ cứu thương FH-1468 tại K9""],[""Xe ZIL 157 biển số 470-189 tại K9""],[""Xe PAP biển số 31-162 tại K9""],[""Hệ thống tổng đài điện thoại tại K9""]]","[""PLACE_000012""]",list,Architecture|HeritageObject,1,"[""HAS_COMPONENT""]","[""EDGE_000483"",""EDGE_000484"",""EDGE_000485"",""EDGE_000486"",""EDGE_000487"",""EDGE_000488"",""EDGE_000489"",""EDGE_000492"",""EDGE_000493"",""EDGE_000494"",""EDGE_000495""]","[""EVD_000244"",""EVD_000248"",""EVD_000252"",""EVD_000251""]","[""SRC_000079"",""SRC_000080"",""SRC_000081"",""SRC_000082""]",T_LS_HAS_COMPONENT,FACT_HNQ_LS_PLACE_000012_PLACE_000012_HAS_COMPONENT,template,easy,approved,
HNQ_LS_PLACE_000012_PLACE_000012_HAS_EVENT,HNQ_LS_PLACE_000012_PLACE_000012_HAS_EVENT,PLACE_000012,PLACE_000012,PLACE_000012,Những sự kiện nào được ghi nhận là gắn với Khu di tích K9 Đá Chông?,"[""Hồ Chí Minh dừng chân tại Đá Chông tháng 5/1957"",""Hồ Chí Minh khảo sát và chọn Đá Chông làm căn cứ Trung ương năm 1958"",""Khánh thành Nhà tưởng niệm Chủ tịch Hồ Chí Minh tại K9"",""Hồ Chí Minh tiếp Đặng Dĩnh Siêu tại K9"",""Hồ Chí Minh tiếp Giéc man Ti tốp tại K9""]","[""EVENT_000024"",""EVENT_000025"",""EVENT_000026"",""EVENT_000027"",""EVENT_000028""]","[[""Hồ Chí Minh dừng chân tại Đá Chông tháng 5/1957""],[""Hồ Chí Minh khảo sát và chọn Đá Chông làm căn cứ Trung ương năm 1958""],[""Khánh thành Nhà tưởng niệm Chủ tịch Hồ Chí Minh tại K9""],[""Hồ Chí Minh tiếp Đặng Dĩnh Siêu tại K9""],[""Hồ Chí Minh tiếp Giéc man Ti tốp tại K9""]]","[""PLACE_000012""]",list,Event,1,"[""HAS_EVENT""]","[""EDGE_000503"",""EDGE_000505"",""EDGE_000507"",""EDGE_000509"",""EDGE_000511""]","[""EVD_000246"",""EVD_000247"",""EVD_000250"",""EVD_000253"",""EVD_000254""]","[""SRC_000079"",""SRC_000080"",""SRC_000082""]",T_LS_HAS_EVENT,FACT_HNQ_LS_PLACE_000012_PLACE_000012_HAS_EVENT,template,easy,approved,
HNQ_2H_PLACE_000012_T_2H_COMPONENT_BUILT_IN_TIME_000048,HNQ_2H_PLACE_000012_T_2H_COMPONENT_BUILT_IN_TIME_000048,PLACE_000012,PLACE_000012,PLACE_000012,Hạng mục nào của Khu di tích K9 Đá Chông được xây dựng vào Ngày 15 tháng 3 năm 1960?,"[""Nhà hai tầng tại K9 Đá Chông""]","[""ARCH_000095""]","[[""Nhà hai tầng tại K9 Đá Chông""]]","[""PLACE_000012"",""TIME_000048""]",multi_hop,Architecture,2,"[""HAS_COMPONENT"",""BUILT_IN""]","[""EDGE_000483"",""EDGE_000501""]","[""EVD_000244"",""EVD_000255""]","[""SRC_000079"",""SRC_000083""]",T_2H_COMPONENT_BUILT_IN,FACT_HNQ_2H_PLACE_000012_T_2H_COMPONENT_BUILT_IN_TIME_000048,template,medium,approved,
HNQ_2H_PLACE_000012_T_2H_COMPONENT_BUILT_IN_TIME_000049,HNQ_2H_PLACE_000012_T_2H_COMPONENT_BUILT_IN_TIME_000049,PLACE_000012,PLACE_000012,PLACE_000012,Hạng mục nào của Khu di tích K9 Đá Chông được xây dựng vào Ngày 17 tháng 3 năm 2014?,"[""Nhà tưởng niệm Chủ tịch Hồ Chí Minh tại K9 Đá Chông""]","[""ARCH_000096""]","[[""Nhà tưởng niệm Chủ tịch Hồ Chí Minh tại K9 Đá Chông""]]","[""PLACE_000012"",""TIME_000049""]",multi_hop,Architecture,2,"[""HAS_COMPONENT"",""BUILT_IN""]","[""EDGE_000484"",""EDGE_000502""]","[""EVD_000248"",""EVD_000249""]","[""SRC_000080""]",T_2H_COMPONENT_BUILT_IN,FACT_HNQ_2H_PLACE_000012_T_2H_COMPONENT_BUILT_IN_TIME_000049,template,medium,approved,
HNQ_2H_PLACE_000012_T_2H_COMPONENT_STYLE_ASTYLE_000006,HNQ_2H_PLACE_000012_T_2H_COMPONENT_STYLE_ASTYLE_000006,PLACE_000012,PLACE_000012,PLACE_000012,Hạng mục nào của Khu di tích K9 Đá Chông mang phong cách Kiến trúc truyền thống Việt Nam?,"[""Nhà tưởng niệm Chủ tịch Hồ Chí Minh tại K9 Đá Chông""]","[""ARCH_000096""]","[[""Nhà tưởng niệm Chủ tịch Hồ Chí Minh tại K9 Đá Chông""]]","[""PLACE_000012"",""ASTYLE_000006""]",multi_hop,Architecture,2,"[""HAS_COMPONENT"",""HAS_ARCHITECTURAL_STYLE""]","[""EDGE_000484"",""EDGE_000517""]","[""EVD_000248""]","[""SRC_000080""]",T_2H_COMPONENT_STYLE,FACT_HNQ_2H_PLACE_000012_T_2H_COMPONENT_STYLE_ASTYLE_000006,template,medium,approved,
HNQ_2H_PLACE_000012_T_2H_EVENT_LOCATION_all,HNQ_2H_PLACE_000012_T_2H_EVENT_LOCATION_all,PLACE_000012,PLACE_000012,PLACE_000012,Các sự kiện gắn với Khu di tích K9 Đá Chông được ghi nhận là diễn ra tại những đâu?,"[""Tháng 5 năm 1957"",""Ngày 23 tháng 2 năm 1958"",""Ngày 2 tháng 9 năm 2015"",""Ngày 13 tháng 3 năm 1961"",""Ngày 23 tháng 2 năm 1962""]","[""TIME_000046"",""TIME_000047"",""TIME_000050"",""TIME_000051"",""TIME_000052""]","[[""Tháng 5 năm 1957"",""05/1957"",""1957-05""],[""Ngày 23 tháng 2 năm 1958"",""23/02/1958"",""1958-02-23""],[""Ngày 2 tháng 9 năm 2015"",""02/09/2015"",""2015-09-02""],[""Ngày 13 tháng 3 năm 1961"",""13/03/1961"",""1961-03-13""],[""Ngày 23 tháng 2 năm 1962"",""23/02/1962"",""1962-02-23""]]","[""PLACE_000012""]",multi_hop,Time,2,"[""HAS_EVENT"",""OCCURRED_IN""]","[""EDGE_000503"",""EDGE_000504"",""EDGE_000505"",""EDGE_000506"",""EDGE_000507"",""EDGE_000508"",""EDGE_000509"",""EDGE_000510"",""EDGE_000511"",""EDGE_000512""]","[""EVD_000246"",""EVD_000247"",""EVD_000250"",""EVD_000253"",""EVD_000254""]","[""SRC_000079"",""SRC_000080"",""SRC_000082""]",T_2H_EVENT_LOCATION,FACT_HNQ_2H_PLACE_000012_T_2H_EVENT_LOCATION_all,template,medium,approved,
HNQ_2H_PLACE_000012_T_2H_EVENT_PERSON_all,HNQ_2H_PLACE_000012_T_2H_EVENT_PERSON_all,PLACE_000012,PLACE_000012,PLACE_000012,Những nhân vật nào tham gia các sự kiện được ghi nhận là gắn với Khu di tích K9 Đá Chông?,"[""Hồ Chí Minh"",""Đặng Dĩnh Siêu"",""Giéc man Ti tốp""]","[""PERSON_000024"",""PERSON_000026"",""PERSON_000027""]","[[""Hồ Chí Minh"",""Chủ tịch Hồ Chí Minh"",""Bác Hồ"",""Nguyễn Ái Quốc"",""Nguyễn Tất Thành""],[""Đặng Dĩnh Siêu""],[""Giéc man Ti tốp"",""Gherman Titov"",""German Titov"",""G. M. Titov""]]","[""PLACE_000012""]",multi_hop,Person,2,"[""HAS_EVENT"",""INVOLVED_PERSON""]","[""EDGE_000503"",""EDGE_000513"",""EDGE_000505"",""EDGE_000514"",""EDGE_000509"",""EDGE_000515"",""EDGE_000511"",""EDGE_000516""]","[""EVD_000246"",""EVD_000247"",""EVD_000253"",""EVD_000254""]","[""SRC_000079"",""SRC_000082""]",T_2H_EVENT_PERSON,FACT_HNQ_2H_PLACE_000012_T_2H_EVENT_PERSON_all,template,medium,approved,
HNQ_1H_PLACE_000012_EDGE_000478,HNQ_1H_PLACE_000012_EDGE_000478,PLACE_000012,PLACE_000012,PLACE_000012,Khu di tích K9 Đá Chông nằm ở đâu?,"[""Đá Chông, xã Bất Bạt, thành phố Hà Nội""]","[""ADDRESS_000009""]","[[""Đá Chông, xã Bất Bạt, thành phố Hà Nội""]]","[""PLACE_000012""]",single_hop,Address,1,"[""HAS_ADDRESS""]","[""EDGE_000478""]","[""EVD_000242""]","[""SRC_000078""]",T_1H_HAS_ADDRESS,FACT_HNQ_1H_PLACE_000012_EDGE_000478,template,easy,approved,
HNQ_1H_PLACE_000012_EDGE_000479,HNQ_1H_PLACE_000012_EDGE_000479,PLACE_000012,PLACE_000012,PLACE_000012,Khu di tích K9 Đá Chông nằm tại vị trí nào?,"[""Xã Bất Bạt""]","[""ADMIN_000007""]","[[""Xã Bất Bạt""]]","[""PLACE_000012""]",single_hop,AdministrativeArea,1,"[""LOCATED_IN""]","[""EDGE_000479""]","[""EVD_000242""]","[""SRC_000078""]",T_1H_LOCATED_IN,FACT_HNQ_1H_PLACE_000012_EDGE_000479,template,easy,approved,
HNQ_1H_PLACE_000012_EDGE_000480,HNQ_1H_PLACE_000012_EDGE_000480,PLACE_000012,PLACE_000012,PLACE_000012,Khu di tích K9 Đá Chông nằm tại thành phố nào?,"[""Thành phố Hà Nội""]","[""ADMIN_000002""]","[[""Thành phố Hà Nội"",""Hà Nội""]]","[""PLACE_000012""]",single_hop,AdministrativeArea,1,"[""LOCATED_IN""]","[""EDGE_000480""]","[""EVD_000242""]","[""SRC_000078""]",T_1H_LOCATED_IN,FACT_HNQ_1H_PLACE_000012_EDGE_000480,template,easy,approved,
HNQ_1H_PLACE_000012_EDGE_000501,HNQ_1H_PLACE_000012_EDGE_000501,PLACE_000012,PLACE_000012,ARCH_000095,Nhà hai tầng tại K9 Đá Chông được hoàn thành vào thời điểm nào?,"[""Ngày 15 tháng 3 năm 1960""]","[""TIME_000048""]","[[""Ngày 15 tháng 3 năm 1960"",""15/03/1960"",""1960-03-15""]]","[""ARCH_000095""]",single_hop,Time,1,"[""BUILT_IN""]","[""EDGE_000501""]","[""EVD_000255""]","[""SRC_000083""]",T_1H_BUILT_IN,FACT_HNQ_1H_PLACE_000012_EDGE_000501,template,easy,approved,
HNQ_1H_PLACE_000012_EDGE_000502,HNQ_1H_PLACE_000012_EDGE_000502,PLACE_000012,PLACE_000012,ARCH_000096,Nhà tưởng niệm Chủ tịch Hồ Chí Minh tại K9 Đá Chông được khởi công vào thời điểm nào?,"[""Ngày 17 tháng 3 năm 2014""]","[""TIME_000049""]","[[""Ngày 17 tháng 3 năm 2014"",""17/03/2014"",""2014-03-17""]]","[""ARCH_000096""]",single_hop,Time,1,"[""BUILT_IN""]","[""EDGE_000502""]","[""EVD_000249""]","[""SRC_000080""]",T_1H_BUILT_IN,FACT_HNQ_1H_PLACE_000012_EDGE_000502,template,easy,approved,
HNQ_1H_PLACE_000012_EDGE_000517,HNQ_1H_PLACE_000012_EDGE_000517,PLACE_000012,PLACE_000012,ARCH_000096,Nhà tưởng niệm Chủ tịch Hồ Chí Minh tại K9 Đá Chông mang phong cách kiến trúc nào?,"[""Kiến trúc truyền thống Việt Nam""]","[""ASTYLE_000006""]","[[""Kiến trúc truyền thống Việt Nam""]]","[""ARCH_000096""]",single_hop,ArchitecturalStyle,1,"[""HAS_ARCHITECTURAL_STYLE""]","[""EDGE_000517""]","[""EVD_000248""]","[""SRC_000080""]",T_1H_HAS_ARCHITECTURAL_STYLE,FACT_HNQ_1H_PLACE_000012_EDGE_000517,template,easy,approved,
HNQ_LS_PLACE_000013_ARCH_000105_HAS_COMPONENT,HNQ_LS_PLACE_000013_ARCH_000105_HAS_COMPONENT,PLACE_000013,PLACE_000013,ARCH_000105,"Theo dữ liệu HanoiQA, Tầng hai tại Nhà số 48 Hàng Ngang có những hạng mục nào?","[""Phòng ở và làm việc của Hồ Chí Minh tại Nhà số 48 Hàng Ngang"",""Phòng họp Thường vụ Trung ương tại Nhà số 48 Hàng Ngang"",""Phòng tiếp khách tại Nhà số 48 Hàng Ngang""]","[""ARCH_000106"",""ARCH_000107"",""ARCH_000108""]","[[""Phòng ở và làm việc của Hồ Chí Minh tại Nhà số 48 Hàng Ngang""],[""Phòng họp Thường vụ Trung ương tại Nhà số 48 Hàng Ngang""],[""Phòng tiếp khách tại Nhà số 48 Hàng Ngang""]]","[""ARCH_000105""]",list,Architecture,1,"[""HAS_COMPONENT""]","[""EDGE_000530"",""EDGE_000531"",""EDGE_000532""]","[""EVD_000262""]","[""SRC_000086""]",T_LS_HAS_COMPONENT,FACT_HNQ_LS_PLACE_000013_ARCH_000105_HAS_COMPONENT,template,easy,approved,
HNQ_LS_PLACE_000013_PLACE_000013_ASSOCIATED_WITH_PERSON,HNQ_LS_PLACE_000013_PLACE_000013_ASSOCIATED_WITH_PERSON,PLACE_000013,PLACE_000013,PLACE_000013,Những nhân vật nào được ghi nhận là có liên hệ với Nhà số 48 Hàng Ngang?,"[""Hồ Chí Minh"",""Trịnh Văn Bô"",""Hoàng Thị Minh Hồ""]","[""PERSON_000024"",""PERSON_000028"",""PERSON_000029""]","[[""Hồ Chí Minh"",""Chủ tịch Hồ Chí Minh"",""Bác Hồ"",""Nguyễn Ái Quốc"",""Nguyễn Tất Thành""],[""Trịnh Văn Bô""],[""Hoàng Thị Minh Hồ""]]","[""PLACE_000013""]",list,Person,1,"[""ASSOCIATED_WITH_PERSON""]","[""EDGE_000525"",""EDGE_000523"",""EDGE_000524""]","[""EVD_000259"",""EVD_000257""]","[""SRC_000085"",""SRC_000089""]",T_LS_ASSOCIATED_WITH_PERSON,FACT_HNQ_LS_PLACE_000013_PLACE_000013_ASSOCIATED_WITH_PERSON,template,easy,approved,
HNQ_LS_PLACE_000013_PLACE_000013_HAS_ACTIVITY,HNQ_LS_PLACE_000013_PLACE_000013_HAS_ACTIVITY,PLACE_000013,PLACE_000013,PLACE_000013,"Theo dữ liệu HanoiQA, những hoạt động nào được ghi nhận tại Nhà số 48 Hàng Ngang?","[""Soạn thảo Tuyên ngôn Độc lập năm 1945"",""Dâng hương tưởng niệm Hồ Chí Minh""]","[""ACTIVITY_000017"",""ACTIVITY_000018""]","[[""Soạn thảo Tuyên ngôn Độc lập năm 1945""],[""Dâng hương tưởng niệm Hồ Chí Minh""]]","[""PLACE_000013""]",list,Activity,1,"[""HAS_ACTIVITY""]","[""EDGE_000551"",""EDGE_000552""]","[""EVD_000259"",""EVD_000267""]","[""SRC_000088"",""SRC_000089""]",T_LS_HAS_ACTIVITY,FACT_HNQ_LS_PLACE_000013_PLACE_000013_HAS_ACTIVITY,template,easy,approved,
HNQ_LS_PLACE_000013_PLACE_000013_HAS_COMPONENT,HNQ_LS_PLACE_000013_PLACE_000013_HAS_COMPONENT,PLACE_000013,PLACE_000013,PLACE_000013,"Theo dữ liệu HanoiQA, Nhà số 48 Hàng Ngang có những hạng mục nào?","[""Tầng một tại Nhà số 48 Hàng Ngang"",""Tầng hai tại Nhà số 48 Hàng Ngang"",""Sân trong hình vuông tại Nhà số 48 Hàng Ngang"",""Cửa chính tại Nhà số 48 Hàng Ngang"",""Cửa hậu tại Nhà số 48 Hàng Ngang"",""Phòng tưởng niệm Hồ Chí Minh tầng ba tại Nhà số 48 Hàng Ngang"",""Bàn nhỏ Hồ Chí Minh làm việc tại Nhà số 48 Hàng Ngang"",""Bàn chữ nhật phòng họp tại Nhà số 48 Hàng Ngang"",""Nhóm ghế tựa phòng họp tại Nhà số 48 Hàng Ngang"",""Giường Hồ Chí Minh từng nghỉ tại Nhà số 48 Hàng Ngang""]","[""ARCH_000104"",""ARCH_000105"",""ARCH_000109"",""ARCH_000111"",""ARCH_000112"",""ARCH_000113"",""HOBJ_000027"",""HOBJ_000028"",""HOBJ_000029"",""HOBJ_000030""]","[[""Tầng một tại Nhà số 48 Hàng Ngang""],[""Tầng hai tại Nhà số 48 Hàng Ngang""],[""Sân trong hình vuông tại Nhà số 48 Hàng Ngang""],[""Cửa chính tại Nhà số 48 Hàng Ngang""],[""Cửa hậu tại Nhà số 48 Hàng Ngang""],[""Phòng tưởng niệm Hồ Chí Minh tầng ba tại Nhà số 48 Hàng Ngang""],[""Bàn nhỏ Hồ Chí Minh làm việc tại Nhà số 48 Hàng Ngang""],[""Bàn chữ nhật phòng họp tại Nhà số 48 Hàng Ngang""],[""Nhóm ghế tựa phòng họp tại Nhà số 48 Hàng Ngang""],[""Giường Hồ Chí Minh từng nghỉ tại Nhà số 48 Hàng Ngang""]]","[""PLACE_000013""]",list,Architecture|HeritageObject,1,"[""HAS_COMPONENT""]","[""EDGE_000527"",""EDGE_000528"",""EDGE_000533"",""EDGE_000534"",""EDGE_000535"",""EDGE_000529"",""EDGE_000537"",""EDGE_000538"",""EDGE_000539"",""EDGE_000540""]","[""EVD_000261"",""EVD_000263"",""EVD_000264""]","[""SRC_000085"",""SRC_000087""]",T_LS_HAS_COMPONENT,FACT_HNQ_LS_PLACE_000013_PLACE_000013_HAS_COMPONENT,template,easy,approved,
HNQ_LS_PLACE_000013_PLACE_000013_HAS_EVENT,HNQ_LS_PLACE_000013_PLACE_000013_HAS_EVENT,PLACE_000013,PLACE_000013,PLACE_000013,Những sự kiện nào được ghi nhận là gắn với Nhà số 48 Hàng Ngang?,"[""Hồ Chí Minh đến ở Nhà số 48 Hàng Ngang"",""Cuộc họp Thường vụ Trung ương tại 48 Hàng Ngang ngày 26/8/1945"",""Hồ Chí Minh soạn thảo Tuyên ngôn Độc lập tại 48 Hàng Ngang""]","[""EVENT_000029"",""EVENT_000030"",""EVENT_000031""]","[[""Hồ Chí Minh đến ở Nhà số 48 Hàng Ngang""],[""Cuộc họp Thường vụ Trung ương tại 48 Hàng Ngang ngày 26/8/1945""],[""Hồ Chí Minh soạn thảo Tuyên ngôn Độc lập tại 48 Hàng Ngang""]]","[""PLACE_000013""]",list,Event,1,"[""HAS_EVENT""]","[""EDGE_000541"",""EDGE_000544"",""EDGE_000547""]","[""EVD_000258"",""EVD_000260"",""EVD_000259""]","[""SRC_000084"",""SRC_000086"",""SRC_000089""]",T_LS_HAS_EVENT,FACT_HNQ_LS_PLACE_000013_PLACE_000013_HAS_EVENT,template,easy,approved,
HNQ_RV_PLACE_000013_PLACE_000013_LOCATED_IN,HNQ_RV_PLACE_000013_PLACE_000013_LOCATED_IN,PLACE_000013,PLACE_000013,PLACE_000013,Nhà số 48 Hàng Ngang nằm tại vị trí nào?,"[""Phố Hàng Ngang"",""Phố Hàng Cân""]","[""LOCATION_000007"",""LOCATION_000008""]","[[""Phố Hàng Ngang""],[""Phố Hàng Cân""]]","[""PLACE_000013""]",list,Location,1,"[""LOCATED_IN""]","[""EDGE_000520"",""EDGE_000521""]","[""EVD_000256""]","[""SRC_000084""]",T_1H_LOCATED_IN,FACT_HNQ_RV_PLACE_000013_PLACE_000013_LOCATED_IN,template,easy,approved,
HNQ_2H_PLACE_000013_T_2H_EVENT_LOCATION_all,HNQ_2H_PLACE_000013_T_2H_EVENT_LOCATION_all,PLACE_000013,PLACE_000013,PLACE_000013,Các sự kiện gắn với Nhà số 48 Hàng Ngang được ghi nhận là diễn ra tại những đâu?,"[""Ngày 25 tháng 8 năm 1945"",""Ngày 26 tháng 8 năm 1945"",""Từ ngày 25/8 đến ngày 2/9/1945""]","[""TIME_000053"",""TIME_000054"",""TIME_000056""]","[[""Ngày 25 tháng 8 năm 1945"",""25/08/1945"",""1945-08-25""],[""Ngày 26 tháng 8 năm 1945"",""26/08/1945"",""1945-08-26""],[""Từ ngày 25/8 đến ngày 2/9/1945"",""1945-08-25/1945-09-02""]]","[""PLACE_000013""]",multi_hop,Time,2,"[""HAS_EVENT"",""OCCURRED_IN""]","[""EDGE_000541"",""EDGE_000542"",""EDGE_000544"",""EDGE_000545"",""EDGE_000547"",""EDGE_000548""]","[""EVD_000258"",""EVD_000260"",""EVD_000259""]","[""SRC_000084"",""SRC_000086"",""SRC_000089""]",T_2H_EVENT_LOCATION,FACT_HNQ_2H_PLACE_000013_T_2H_EVENT_LOCATION_all,template,medium,approved,
HNQ_2H_PLACE_000013_T_2H_EVENT_PERSON_all,HNQ_2H_PLACE_000013_T_2H_EVENT_PERSON_all,PLACE_000013,PLACE_000013,PLACE_000013,Những nhân vật nào tham gia các sự kiện được ghi nhận là gắn với Nhà số 48 Hàng Ngang?,"[""Hồ Chí Minh""]","[""PERSON_000024""]","[[""Hồ Chí Minh"",""Chủ tịch Hồ Chí Minh"",""Bác Hồ"",""Nguyễn Ái Quốc"",""Nguyễn Tất Thành""]]","[""PLACE_000013""]",multi_hop,Person,2,"[""HAS_EVENT"",""INVOLVED_PERSON""]","[""EDGE_000541"",""EDGE_000543"",""EDGE_000544"",""EDGE_000546"",""EDGE_000547"",""EDGE_000549""]","[""EVD_000258"",""EVD_000260"",""EVD_000259""]","[""SRC_000084"",""SRC_000086"",""SRC_000089""]",T_2H_EVENT_PERSON,FACT_HNQ_2H_PLACE_000013_T_2H_EVENT_PERSON_all,template,medium,approved,
HNQ_1H_PLACE_000013_EDGE_000518,HNQ_1H_PLACE_000013_EDGE_000518,PLACE_000013,PLACE_000013,PLACE_000013,Lối vào chính của Nhà số 48 Hàng Ngang có địa chỉ nào?,"[""48 phố Hàng Ngang, Hà Nội""]","[""ADDRESS_000010""]","[[""48 phố Hàng Ngang, Hà Nội""]]","[""PLACE_000013""]",single_hop,Address,1,"[""HAS_ADDRESS""]","[""EDGE_000518""]","[""EVD_000256""]","[""SRC_000084""]",T_1H_HAS_ADDRESS,FACT_HNQ_1H_PLACE_000013_EDGE_000518,template,easy,approved,
HNQ_1H_PLACE_000013_EDGE_000519,HNQ_1H_PLACE_000013_EDGE_000519,PLACE_000013,PLACE_000013,PLACE_000013,Lối vào phía sau của Nhà số 48 Hàng Ngang có địa chỉ nào?,"[""35 phố Hàng Cân, Hà Nội""]","[""ADDRESS_000011""]","[[""35 phố Hàng Cân, Hà Nội""]]","[""PLACE_000013""]",single_hop,Address,1,"[""HAS_ADDRESS""]","[""EDGE_000519""]","[""EVD_000256""]","[""SRC_000084""]",T_1H_HAS_ADDRESS,FACT_HNQ_1H_PLACE_000013_EDGE_000519,template,easy,approved,
HNQ_1H_PLACE_000013_EDGE_000522,HNQ_1H_PLACE_000013_EDGE_000522,PLACE_000013,PLACE_000013,PLACE_000013,Nhà số 48 Hàng Ngang nằm tại thành phố nào?,"[""Thành phố Hà Nội""]","[""ADMIN_000002""]","[[""Thành phố Hà Nội"",""Hà Nội""]]","[""PLACE_000013""]",single_hop,AdministrativeArea,1,"[""LOCATED_IN""]","[""EDGE_000522""]","[""EVD_000256""]","[""SRC_000084""]",T_1H_LOCATED_IN,FACT_HNQ_1H_PLACE_000013_EDGE_000522,template,easy,approved,
HNQ_1H_PLACE_000013_EDGE_000550,HNQ_1H_PLACE_000013_EDGE_000550,PLACE_000013,PLACE_000013,PLACE_000013,Thời điểm công nhận di tích lịch sử với Nhà số 48 Hàng Ngang là thời điểm nào?,"[""Ngày 29 tháng 4 năm 1979""]","[""TIME_000055""]","[[""Ngày 29 tháng 4 năm 1979"",""29/04/1979"",""1979-04-29""]]","[""PLACE_000013""]",single_hop,Time,1,"[""RECOGNIZED_IN""]","[""EDGE_000550""]","[""EVD_000265""]","[""SRC_000084""]",T_1H_RECOGNIZED_IN,FACT_HNQ_1H_PLACE_000013_EDGE_000550,template,easy,approved,
HNQ_1H_PLACE_000013_EDGE_000557,HNQ_1H_PLACE_000013_EDGE_000557,PLACE_000013,PLACE_000013,PLACE_000013,Nhà số 48 Hàng Ngang được công nhận với danh hiệu nào?,"[""Di tích lịch sử quốc gia""]","[""HSTATUS_000005""]","[[""Di tích lịch sử quốc gia"",""Di tích cấp quốc gia"",""Di tích lịch sử Quốc gia""]]","[""PLACE_000013""]",single_hop,HeritageStatus,1,"[""RECOGNIZED_AS""]","[""EDGE_000557""]","[""EVD_000266""]","[""SRC_000085""]",T_1H_RECOGNIZED_AS,FACT_HNQ_1H_PLACE_000013_EDGE_000557,template,easy,approved,
HNQ_LS_PLACE_000014_EVENT_000032_INVOLVED_PERSON,HNQ_LS_PLACE_000014_EVENT_000032_INVOLVED_PERSON,PLACE_000014,PLACE_000014,EVENT_000032,Những nhân vật nào được ghi nhận là tham gia Thành lập Chi bộ Cộng sản đầu tiên tại 5D Hàm Long?,"[""Ngô Gia Tự"",""Nguyễn Đức Cảnh"",""Trần Văn Cung"",""Trịnh Đình Cửu"",""Đỗ Ngọc Du"",""Dương Hạc Đính"",""Nguyễn Tuân (Chi bộ 5D Hàm Long)""]","[""PERSON_000030"",""PERSON_000031"",""PERSON_000032"",""PERSON_000033"",""PERSON_000034"",""PERSON_000036"",""PERSON_000037""]","[[""Ngô Gia Tự""],[""Nguyễn Đức Cảnh""],[""Trần Văn Cung"",""Quốc Anh""],[""Trịnh Đình Cửu""],[""Đỗ Ngọc Du""],[""Dương Hạc Đính""],[""Nguyễn Tuân (Chi bộ 5D Hàm Long)"",""Nguyễn Tuân""]]","[""EVENT_000032""]",list,Person,1,"[""INVOLVED_PERSON""]","[""EDGE_000583"",""EDGE_000584"",""EDGE_000585"",""EDGE_000586"",""EDGE_000587"",""EDGE_000588"",""EDGE_000589""]","[""EVD_000270"",""EVD_000271""]","[""SRC_000090"",""SRC_000091""]",T_LS_INVOLVED_PERSON,FACT_HNQ_LS_PLACE_000014_EVENT_000032_INVOLVED_PERSON,template,easy,approved,
HNQ_LS_PLACE_000014_PLACE_000014_ASSOCIATED_WITH_PERSON,HNQ_LS_PLACE_000014_PLACE_000014_ASSOCIATED_WITH_PERSON,PLACE_000014,PLACE_000014,PLACE_000014,Những nhân vật nào được ghi nhận là có liên hệ với Di tích cách mạng 5D Hàm Long?,"[""Ngô Gia Tự"",""Nguyễn Đức Cảnh"",""Trần Văn Cung"",""Trịnh Đình Cửu"",""Đỗ Ngọc Du"",""Nguyễn Phong Sắc"",""Dương Hạc Đính"",""Nguyễn Tuân (Chi bộ 5D Hàm Long)"",""Nguyễn Thị Liên""]","[""PERSON_000030"",""PERSON_000031"",""PERSON_000032"",""PERSON_000033"",""PERSON_000034"",""PERSON_000035"",""PERSON_000036"",""PERSON_000037"",""PERSON_000038""]","[[""Ngô Gia Tự""],[""Nguyễn Đức Cảnh""],[""Trần Văn Cung"",""Quốc Anh""],[""Trịnh Đình Cửu""],[""Đỗ Ngọc Du""],[""Nguyễn Phong Sắc""],[""Dương Hạc Đính""],[""Nguyễn Tuân (Chi bộ 5D Hàm Long)"",""Nguyễn Tuân""],[""Nguyễn Thị Liên""]]","[""PLACE_000014""]",list,Person,1,"[""ASSOCIATED_WITH_PERSON""]","[""EDGE_000562"",""EDGE_000563"",""EDGE_000564"",""EDGE_000565"",""EDGE_000566"",""EDGE_000567"",""EDGE_000568"",""EDGE_000569"",""EDGE_000570""]","[""EVD_000270"",""EVD_000272""]","[""SRC_000090"",""SRC_000093""]",T_LS_ASSOCIATED_WITH_PERSON,FACT_HNQ_LS_PLACE_000014_PLACE_000014_ASSOCIATED_WITH_PERSON,template,easy,approved,
HNQ_LS_PLACE_000014_PLACE_000014_HAS_COMPONENT,HNQ_LS_PLACE_000014_PLACE_000014_HAS_COMPONENT,PLACE_000014,PLACE_000014,PLACE_000014,"Theo dữ liệu HanoiQA, Di tích cách mạng 5D Hàm Long có những hạng mục nào?","[""Gian ở lịch sử Nhà 5D Hàm Long"",""Sân sau Nhà 5D Hàm Long"",""Bếp Nhà 5D Hàm Long"",""Nhà vệ sinh Nhà 5D Hàm Long"",""Bộ tràng kỷ phục chế tại 5D Hàm Long"",""Bộ ấm tích phục chế tại 5D Hàm Long"",""Nhóm bốn ghế đẩu phục chế tại 5D Hàm Long"",""Giường gỗ phục chế tại 5D Hàm Long"",""Nhóm hai hòm gỗ phục chế tại 5D Hàm Long"",""Nhóm nồi chảo và bát đĩa phục chế tại 5D Hàm Long""]","[""ARCH_000114"",""ARCH_000115"",""ARCH_000116"",""ARCH_000117"",""HOBJ_000031"",""HOBJ_000032"",""HOBJ_000033"",""HOBJ_000034"",""HOBJ_000035"",""HOBJ_000036""]","[[""Gian ở lịch sử Nhà 5D Hàm Long""],[""Sân sau Nhà 5D Hàm Long""],[""Bếp Nhà 5D Hàm Long""],[""Nhà vệ sinh Nhà 5D Hàm Long""],[""Bộ tràng kỷ phục chế tại 5D Hàm Long""],[""Bộ ấm tích phục chế tại 5D Hàm Long""],[""Nhóm bốn ghế đẩu phục chế tại 5D Hàm Long""],[""Giường gỗ phục chế tại 5D Hàm Long""],[""Nhóm hai hòm gỗ phục chế tại 5D Hàm Long""],[""Nhóm nồi chảo và bát đĩa phục chế tại 5D Hàm Long""]]","[""PLACE_000014""]",list,Architecture|HeritageObject,1,"[""HAS_COMPONENT""]","[""EDGE_000571"",""EDGE_000572"",""EDGE_000573"",""EDGE_000574"",""EDGE_000575"",""EDGE_000576"",""EDGE_000577"",""EDGE_000578"",""EDGE_000579"",""EDGE_000580""]","[""EVD_000273"",""EVD_000274"",""EVD_000275""]","[""SRC_000091"",""SRC_000093""]",T_LS_HAS_COMPONENT,FACT_HNQ_LS_PLACE_000014_PLACE_000014_HAS_COMPONENT,template,easy,approved,
HNQ_RV_PLACE_000014_PLACE_000014_RENOVATED_IN,HNQ_RV_PLACE_000014_PLACE_000014_RENOVATED_IN,PLACE_000014,PLACE_000014,PLACE_000014,Di tích cách mạng 5D Hàm Long được trùng tu hoặc xây dựng lại vào những thời điểm nào?,"[""Ngày 25 tháng 11 năm 1959"",""Năm 2000""]","[""TIME_000058"",""TIME_000060""]","[[""Ngày 25 tháng 11 năm 1959"",""25/11/1959"",""1959-11-25""],[""Năm 2000"",""2000""]]","[""PLACE_000014""]",list,Time,1,"[""RENOVATED_IN""]","[""EDGE_000593"",""EDGE_000594""]","[""EVD_000276"",""EVD_000277""]","[""SRC_000091""]",T_1H_RENOVATED_IN,FACT_HNQ_RV_PLACE_000014_PLACE_000014_RENOVATED_IN,template,easy,approved,
HNQ_2H_PLACE_000014_T_2H_EVENT_LOCATION_all,HNQ_2H_PLACE_000014_T_2H_EVENT_LOCATION_all,PLACE_000014,PLACE_000014,PLACE_000014,Các sự kiện gắn với Di tích cách mạng 5D Hàm Long được ghi nhận là diễn ra tại những đâu?,"[""Cuối tháng 3 năm 1929""]","[""TIME_000057""]","[[""Cuối tháng 3 năm 1929"",""Cuối tháng 03/1929""]]","[""PLACE_000014""]",multi_hop,Time,2,"[""HAS_EVENT"",""OCCURRED_IN""]","[""EDGE_000581"",""EDGE_000582""]","[""EVD_000269"",""EVD_000271"",""EVD_000279""]","[""SRC_000090"",""SRC_000091"",""SRC_000094""]",T_2H_EVENT_LOCATION,FACT_HNQ_2H_PLACE_000014_T_2H_EVENT_LOCATION_all,template,medium,approved,
HNQ_2H_PLACE_000014_T_2H_EVENT_PERSON_all,HNQ_2H_PLACE_000014_T_2H_EVENT_PERSON_all,PLACE_000014,PLACE_000014,PLACE_000014,Những nhân vật nào tham gia các sự kiện được ghi nhận là gắn với Di tích cách mạng 5D Hàm Long?,"[""Ngô Gia Tự"",""Nguyễn Đức Cảnh"",""Trần Văn Cung"",""Trịnh Đình Cửu"",""Đỗ Ngọc Du"",""Dương Hạc Đính"",""Nguyễn Tuân (Chi bộ 5D Hàm Long)""]","[""PERSON_000030"",""PERSON_000031"",""PERSON_000032"",""PERSON_000033"",""PERSON_000034"",""PERSON_000036"",""PERSON_000037""]","[[""Ngô Gia Tự""],[""Nguyễn Đức Cảnh""],[""Trần Văn Cung"",""Quốc Anh""],[""Trịnh Đình Cửu""],[""Đỗ Ngọc Du""],[""Dương Hạc Đính""],[""Nguyễn Tuân (Chi bộ 5D Hàm Long)"",""Nguyễn Tuân""]]","[""PLACE_000014""]",multi_hop,Person,2,"[""HAS_EVENT"",""INVOLVED_PERSON""]","[""EDGE_000581"",""EDGE_000583"",""EDGE_000584"",""EDGE_000585"",""EDGE_000586"",""EDGE_000587"",""EDGE_000588"",""EDGE_000589""]","[""EVD_000269"",""EVD_000271"",""EVD_000279"",""EVD_000270""]","[""SRC_000090"",""SRC_000091"",""SRC_000094""]",T_2H_EVENT_PERSON,FACT_HNQ_2H_PLACE_000014_T_2H_EVENT_PERSON_all,template,medium,approved,
HNQ_2H_PLACE_000014_T_2H_PERSON_ROLE_ROLE_000003,HNQ_2H_PLACE_000014_T_2H_PERSON_ROLE_ROLE_000003,PLACE_000014,PLACE_000014,PLACE_000014,Nhân vật nào gắn với Di tích cách mạng 5D Hàm Long và giữ vai trò Bí thư Chi bộ Cộng sản 5D Hàm Long?,"[""Trần Văn Cung""]","[""PERSON_000032""]","[[""Trần Văn Cung"",""Quốc Anh""]]","[""PLACE_000014"",""ROLE_000003""]",multi_hop,Person,2,"[""ASSOCIATED_WITH_PERSON"",""HELD_ROLE""]","[""EDGE_000564"",""EDGE_000592""]","[""EVD_000270""]","[""SRC_000090""]",T_2H_PERSON_ROLE,FACT_HNQ_2H_PLACE_000014_T_2H_PERSON_ROLE_ROLE_000003,template,medium,approved,
HNQ_1H_PLACE_000014_EDGE_000558,HNQ_1H_PLACE_000014_EDGE_000558,PLACE_000014,PLACE_000014,PLACE_000014,"Theo nguồn đã lưu, Di tích cách mạng 5D Hàm Long có địa chỉ nào?","[""5D phố Hàm Long, phường Cửa Nam, thành phố Hà Nội""]","[""ADDRESS_000012""]","[[""5D phố Hàm Long, phường Cửa Nam, thành phố Hà Nội""]]","[""PLACE_000014""]",single_hop,Address,1,"[""HAS_ADDRESS""]","[""EDGE_000558""]","[""EVD_000268""]","[""SRC_000092""]",T_1H_HAS_ADDRESS,FACT_HNQ_1H_PLACE_000014_EDGE_000558,template,easy,approved,
HNQ_1H_PLACE_000014_EDGE_000559,HNQ_1H_PLACE_000014_EDGE_000559,PLACE_000014,PLACE_000014,PLACE_000014,Di tích cách mạng 5D Hàm Long nằm tại phường nào?,"[""Phường Cửa Nam""]","[""ADMIN_000004""]","[[""Phường Cửa Nam""]]","[""PLACE_000014""]",single_hop,AdministrativeArea,1,"[""LOCATED_IN""]","[""EDGE_000559""]","[""EVD_000268""]","[""SRC_000092""]",T_1H_LOCATED_IN,FACT_HNQ_1H_PLACE_000014_EDGE_000559,template,easy,approved,
HNQ_1H_PLACE_000014_EDGE_000560,HNQ_1H_PLACE_000014_EDGE_000560,PLACE_000014,PLACE_000014,PLACE_000014,Di tích cách mạng 5D Hàm Long nằm tại vị trí nào?,"[""Phố Hàm Long""]","[""LOCATION_000009""]","[[""Phố Hàm Long""]]","[""PLACE_000014""]",single_hop,Location,1,"[""LOCATED_IN""]","[""EDGE_000560""]","[""EVD_000268""]","[""SRC_000092""]",T_1H_LOCATED_IN,FACT_HNQ_1H_PLACE_000014_EDGE_000560,template,easy,approved,
HNQ_1H_PLACE_000014_EDGE_000590,HNQ_1H_PLACE_000014_EDGE_000590,PLACE_000014,PLACE_000014,ORG_000008,Chi bộ Cộng sản 5D Hàm Long được thành lập vào thời điểm nào?,"[""Cuối tháng 3 năm 1929""]","[""TIME_000057""]","[[""Cuối tháng 3 năm 1929"",""Cuối tháng 03/1929""]]","[""ORG_000008""]",single_hop,Time,1,"[""ESTABLISHED_IN""]","[""EDGE_000590""]","[""EVD_000269""]","[""SRC_000090""]",T_1H_ESTABLISHED_IN,FACT_HNQ_1H_PLACE_000014_EDGE_000590,template,easy,approved,
HNQ_1H_PLACE_000014_EDGE_000591,HNQ_1H_PLACE_000014_EDGE_000591,PLACE_000014,PLACE_000014,ORG_000008,Chi bộ Cộng sản 5D Hàm Long nằm trong địa danh nào?,"[""Di tích cách mạng 5D Hàm Long""]","[""PLACE_000014""]","[[""Di tích cách mạng 5D Hàm Long"",""Nhà số 5D Hàm Long"",""Di tích nhà 5D phố Hàm Long""]]","[""ORG_000008""]",single_hop,Place,1,"[""LOCATED_IN""]","[""EDGE_000591""]","[""EVD_000269""]","[""SRC_000090""]",T_1H_LOCATED_IN,FACT_HNQ_1H_PLACE_000014_EDGE_000591,template,easy,approved,
HNQ_1H_PLACE_000014_EDGE_000592,HNQ_1H_PLACE_000014_EDGE_000592,PLACE_000014,PLACE_000014,PERSON_000032,Trần Văn Cung giữ vai trò nào?,"[""Bí thư Chi bộ Cộng sản 5D Hàm Long""]","[""ROLE_000003""]","[[""Bí thư Chi bộ Cộng sản 5D Hàm Long""]]","[""PERSON_000032""]",single_hop,Role,1,"[""HELD_ROLE""]","[""EDGE_000592""]","[""EVD_000270""]","[""SRC_000090""]",T_1H_HELD_ROLE,FACT_HNQ_1H_PLACE_000014_EDGE_000592,template,easy,approved,
HNQ_1H_PLACE_000014_EDGE_000595,HNQ_1H_PLACE_000014_EDGE_000595,PLACE_000014,PLACE_000014,PLACE_000014,Thời điểm công nhận di tích quốc gia với Di tích cách mạng 5D Hàm Long là thời điểm nào?,"[""Ngày 13 tháng 1 năm 1964""]","[""TIME_000059""]","[[""Ngày 13 tháng 1 năm 1964"",""13/01/1964"",""1964-01-13""]]","[""PLACE_000014""]",single_hop,Time,1,"[""RECOGNIZED_IN""]","[""EDGE_000595""]","[""EVD_000278""]","[""SRC_000090""]",T_1H_RECOGNIZED_IN,FACT_HNQ_1H_PLACE_000014_EDGE_000595,template,easy,approved,
HNQ_1H_PLACE_000014_EDGE_000596,HNQ_1H_PLACE_000014_EDGE_000596,PLACE_000014,PLACE_000014,ARCH_000114,Gian ở lịch sử Nhà 5D Hàm Long có diện tích bao nhiêu?,"[""24 m²""]","[""VALUE_000049""]","[[""24 m²""]]","[""ARCH_000114""]",single_hop,Value,1,"[""HAS_MEASUREMENT""]","[""EDGE_000596""]","[""EVD_000274""]","[""SRC_000091""]",T_1H_HAS_MEASUREMENT,FACT_HNQ_1H_PLACE_000014_EDGE_000596,template,easy,approved,
HNQ_1H_PLACE_000014_EDGE_000597,HNQ_1H_PLACE_000014_EDGE_000597,PLACE_000014,PLACE_000014,PLACE_000014,Di tích cách mạng 5D Hàm Long được công nhận với danh hiệu nào?,"[""Di tích lịch sử quốc gia""]","[""HSTATUS_000005""]","[[""Di tích lịch sử quốc gia"",""Di tích cấp quốc gia"",""Di tích lịch sử Quốc gia""]]","[""PLACE_000014""]",single_hop,HeritageStatus,1,"[""RECOGNIZED_AS""]","[""EDGE_000597""]","[""EVD_000278"",""EVD_000279""]","[""SRC_000090"",""SRC_000094""]",T_1H_RECOGNIZED_AS,FACT_HNQ_1H_PLACE_000014_EDGE_000597,template,easy,approved,
HNQ_LS_PLACE_000015_ARCH_000130_HAS_COMPONENT,HNQ_LS_PLACE_000015_ARCH_000130_HAS_COMPONENT,PLACE_000015,PLACE_000015,ARCH_000130,"Theo dữ liệu HanoiQA, Khu trưng bày máy bay Thành cổ Sơn Tây có những hạng mục nào?","[""Nhóm hai máy bay MiG-21 tại Thành cổ Sơn Tây"",""Máy bay Mi-8 tại Thành cổ Sơn Tây""]","[""HOBJ_000038"",""HOBJ_000039""]","[[""Nhóm hai máy bay MiG-21 tại Thành cổ Sơn Tây""],[""Máy bay Mi-8 tại Thành cổ Sơn Tây""]]","[""ARCH_000130""]",list,HeritageObject,1,"[""HAS_COMPONENT""]","[""EDGE_000617"",""EDGE_000618""]","[""EVD_000289""]","[""SRC_000096""]",T_LS_HAS_COMPONENT,FACT_HNQ_LS_PLACE_000015_ARCH_000130_HAS_COMPONENT,template,easy,approved,
HNQ_LS_PLACE_000015_PLACE_000015_HAS_COMPONENT,HNQ_LS_PLACE_000015_PLACE_000015_HAS_COMPONENT,PLACE_000015,PLACE_000015,PLACE_000015,"Theo dữ liệu HanoiQA, Thành cổ Sơn Tây có những hạng mục nào?","[""Cửa Tiền Thành cổ Sơn Tây"",""Cửa Hậu Thành cổ Sơn Tây"",""Cửa Hữu Thành cổ Sơn Tây"",""Cửa Tả Thành cổ Sơn Tây"",""Tường thành Thành cổ Sơn Tây"",""Hào nước Thành cổ Sơn Tây"",""Kỳ đài Thành cổ Sơn Tây"",""Vọng cung Thành cổ Sơn Tây"",""Đoan môn Thành cổ Sơn Tây"",""Bình phong Thành cổ Sơn Tây"",""Sân lát gạch trước điện Thành cổ Sơn Tây"",""Nhóm bốn giếng nước lịch sử Thành cổ Sơn Tây"",""Khu trưng bày máy bay Thành cổ Sơn Tây"",""Nhóm hai súng thần công tại Thành cổ Sơn Tây""]","[""ARCH_000118"",""ARCH_000119"",""ARCH_000120"",""ARCH_000121"",""ARCH_000122"",""ARCH_000123"",""ARCH_000124"",""ARCH_000125"",""ARCH_000126"",""ARCH_000127"",""ARCH_000128"",""ARCH_000129"",""ARCH_000130"",""HOBJ_000037""]","[[""Cửa Tiền Thành cổ Sơn Tây"",""Cửa Nam Thành cổ Sơn Tây""],[""Cửa Hậu Thành cổ Sơn Tây"",""Cửa Bắc Thành cổ Sơn Tây""],[""Cửa Hữu Thành cổ Sơn Tây"",""Cửa Tây Thành cổ Sơn Tây""],[""Cửa Tả Thành cổ Sơn Tây"",""Cửa Đông Thành cổ Sơn Tây""],[""Tường thành Thành cổ Sơn Tây""],[""Hào nước Thành cổ Sơn Tây""],[""Kỳ đài Thành cổ Sơn Tây"",""Cột cờ Thành cổ Sơn Tây""],[""Vọng cung Thành cổ Sơn Tây""],[""Đoan môn Thành cổ Sơn Tây""],[""Bình phong Thành cổ Sơn Tây""],[""Sân lát gạch trước điện Thành cổ Sơn Tây""],[""Nhóm bốn giếng nước lịch sử Thành cổ Sơn Tây""],[""Khu trưng bày máy bay Thành cổ Sơn Tây""],[""Nhóm hai súng thần công tại Thành cổ Sơn Tây""]]","[""PLACE_000015""]",list,Architecture|HeritageObject,1,"[""HAS_COMPONENT""]","[""EDGE_000603"",""EDGE_000604"",""EDGE_000605"",""EDGE_000606"",""EDGE_000607"",""EDGE_000608"",""EDGE_000609"",""EDGE_000610"",""EDGE_000611"",""EDGE_000612"",""EDGE_000613"",""EDGE_000614"",""EDGE_000615"",""EDGE_000616""]","[""EVD_000282"",""EVD_000285"",""EVD_000289"",""EVD_000288""]","[""SRC_000095"",""SRC_000096"",""SRC_000098""]",T_LS_HAS_COMPONENT,FACT_HNQ_LS_PLACE_000015_PLACE_000015_HAS_COMPONENT,template,easy,approved,
HNQ_RV_PLACE_000015_ARCH_000122_HAS_MEASUREMENT,HNQ_RV_PLACE_000015_ARCH_000122_HAS_MEASUREMENT,PLACE_000015,PLACE_000015,ARCH_000122,Tường thành Thành cổ Sơn Tây rộng bao nhiêu?,"[""6 m"",""4 m""]","[""VALUE_000052"",""VALUE_000053""]","[[""6 m""],[""4 m""]]","[""ARCH_000122""]",list,Value,1,"[""HAS_MEASUREMENT""]","[""EDGE_000628"",""EDGE_000629""]","[""EVD_000283""]","[""SRC_000097""]",T_1H_HAS_MEASUREMENT,FACT_HNQ_RV_PLACE_000015_ARCH_000122_HAS_MEASUREMENT,template,easy,rejected,Nhiều edge tạo cùng cách hỏi nhưng có đáp án khác. 
HNQ_2H_PLACE_000015_T_2H_COMPONENT_BUILT_WITH_MATERIAL_000003,HNQ_2H_PLACE_000015_T_2H_COMPONENT_BUILT_WITH_MATERIAL_000003,PLACE_000015,PLACE_000015,PLACE_000015,Hạng mục nào của Thành cổ Sơn Tây được xây dựng bằng Gạch?,"[""Bình phong Thành cổ Sơn Tây"",""Sân lát gạch trước điện Thành cổ Sơn Tây""]","[""ARCH_000127"",""ARCH_000128""]","[[""Bình phong Thành cổ Sơn Tây""],[""Sân lát gạch trước điện Thành cổ Sơn Tây""]]","[""PLACE_000015"",""MATERIAL_000003""]",multi_hop,Architecture,2,"[""HAS_COMPONENT"",""BUILT_WITH""]","[""EDGE_000612"",""EDGE_000631"",""EDGE_000613"",""EDGE_000637""]","[""EVD_000285"",""EVD_000287""]","[""SRC_000095""]",T_2H_COMPONENT_BUILT_WITH,FACT_HNQ_2H_PLACE_000015_T_2H_COMPONENT_BUILT_WITH_MATERIAL_000003,template,medium,approved,
HNQ_2H_PLACE_000015_T_2H_COMPONENT_BUILT_WITH_MATERIAL_000009,HNQ_2H_PLACE_000015_T_2H_COMPONENT_BUILT_WITH_MATERIAL_000009,PLACE_000015,PLACE_000015,PLACE_000015,Hạng mục nào của Thành cổ Sơn Tây được xây dựng bằng Đá ong?,"[""Tường thành Thành cổ Sơn Tây"",""Kỳ đài Thành cổ Sơn Tây""]","[""ARCH_000122"",""ARCH_000124""]","[[""Tường thành Thành cổ Sơn Tây""],[""Kỳ đài Thành cổ Sơn Tây"",""Cột cờ Thành cổ Sơn Tây""]]","[""PLACE_000015"",""MATERIAL_000009""]",multi_hop,Architecture,2,"[""HAS_COMPONENT"",""BUILT_WITH""]","[""EDGE_000607"",""EDGE_000625"",""EDGE_000609"",""EDGE_000630""]","[""EVD_000282"",""EVD_000284"",""EVD_000285"",""EVD_000286""]","[""SRC_000095"",""SRC_000098""]",T_2H_COMPONENT_BUILT_WITH,FACT_HNQ_2H_PLACE_000015_T_2H_COMPONENT_BUILT_WITH_MATERIAL_000009,template,medium,approved,
HNQ_2H_PLACE_000015_T_2H_COMPONENT_USED_FOR_ACTIVITY_000005,HNQ_2H_PLACE_000015_T_2H_COMPONENT_USED_FOR_ACTIVITY_000005,PLACE_000015,PLACE_000015,PLACE_000015,Hạng mục nào của Thành cổ Sơn Tây từng được sử dụng để Xem trưng bày hiện vật?,"[""Khu trưng bày máy bay Thành cổ Sơn Tây""]","[""ARCH_000130""]","[[""Khu trưng bày máy bay Thành cổ Sơn Tây""]]","[""PLACE_000015"",""ACTIVITY_000005""]",multi_hop,Architecture,2,"[""HAS_COMPONENT"",""USED_FOR""]","[""EDGE_000615"",""EDGE_000632""]","[""EVD_000289""]","[""SRC_000096""]",T_2H_COMPONENT_USED_FOR,FACT_HNQ_2H_PLACE_000015_T_2H_COMPONENT_USED_FOR_ACTIVITY_000005,template,medium,approved,
HNQ_2H_PLACE_000015_T_2H_EVENT_LOCATION_all,HNQ_2H_PLACE_000015_T_2H_EVENT_LOCATION_all,PLACE_000015,PLACE_000015,PLACE_000015,Các sự kiện gắn với Thành cổ Sơn Tây được ghi nhận là diễn ra tại những đâu?,"[""Tháng 12 năm 1946""]","[""TIME_000063""]","[[""Tháng 12 năm 1946"",""12/1946"",""1946-12""]]","[""PLACE_000015""]",multi_hop,Time,2,"[""HAS_EVENT"",""OCCURRED_IN""]","[""EDGE_000621"",""EDGE_000622""]","[""EVD_000291""]","[""SRC_000095""]",T_2H_EVENT_LOCATION,FACT_HNQ_2H_PLACE_000015_T_2H_EVENT_LOCATION_all,template,medium,approved,
HNQ_1H_PLACE_000015_EDGE_000598,HNQ_1H_PLACE_000015_EDGE_000598,PLACE_000015,PLACE_000015,PLACE_000015,"Theo nguồn đã lưu, Thành cổ Sơn Tây có địa chỉ nào?","[""Cửa Tiền, phố Quang Trung, Sơn Tây, Hà Nội""]","[""ADDRESS_000013""]","[[""Cửa Tiền, phố Quang Trung, Sơn Tây, Hà Nội""]]","[""PLACE_000015""]",single_hop,Address,1,"[""HAS_ADDRESS""]","[""EDGE_000598""]","[""EVD_000280""]","[""SRC_000096""]",T_1H_HAS_ADDRESS,FACT_HNQ_1H_PLACE_000015_EDGE_000598,template,easy,approved,
HNQ_1H_PLACE_000015_EDGE_000599,HNQ_1H_PLACE_000015_EDGE_000599,PLACE_000015,PLACE_000015,PLACE_000015,Thành cổ Sơn Tây nằm tại thành phố nào?,"[""Thành phố Hà Nội""]","[""ADMIN_000002""]","[[""Thành phố Hà Nội"",""Hà Nội""]]","[""PLACE_000015""]",single_hop,AdministrativeArea,1,"[""LOCATED_IN""]","[""EDGE_000599""]","[""EVD_000280""]","[""SRC_000096""]",T_1H_LOCATED_IN,FACT_HNQ_1H_PLACE_000015_EDGE_000599,template,easy,approved,
HNQ_1H_PLACE_000015_EDGE_000600,HNQ_1H_PLACE_000015_EDGE_000600,PLACE_000015,PLACE_000015,PLACE_000015,Thành cổ Sơn Tây được xây dựng vào thời điểm nào?,"[""Năm 1822""]","[""TIME_000061""]","[[""Năm 1822"",""1822""]]","[""PLACE_000015""]",single_hop,Time,1,"[""BUILT_IN""]","[""EDGE_000600""]","[""EVD_000281""]","[""SRC_000095""]",T_1H_BUILT_IN,FACT_HNQ_1H_PLACE_000015_EDGE_000600,template,easy,approved,
HNQ_1H_PLACE_000015_EDGE_000602,HNQ_1H_PLACE_000015_EDGE_000602,PLACE_000015,PLACE_000015,PLACE_000015,Thành cổ Sơn Tây mang phong cách kiến trúc nào?,"[""Kiến trúc Vauban""]","[""ASTYLE_000008""]","[[""Kiến trúc Vauban"",""Kiến trúc Vô-băng""]]","[""PLACE_000015""]",single_hop,ArchitecturalStyle,1,"[""HAS_ARCHITECTURAL_STYLE""]","[""EDGE_000602""]","[""EVD_000281""]","[""SRC_000095""]",T_1H_HAS_ARCHITECTURAL_STYLE,FACT_HNQ_1H_PLACE_000015_EDGE_000602,template,easy,approved,
HNQ_1H_PLACE_000015_EDGE_000619,HNQ_1H_PLACE_000015_EDGE_000619,PLACE_000015,PLACE_000015,PLACE_000015,Thành cổ Sơn Tây được công nhận với danh hiệu nào?,"[""Di tích lịch sử quốc gia""]","[""HSTATUS_000005""]","[[""Di tích lịch sử quốc gia"",""Di tích cấp quốc gia"",""Di tích lịch sử Quốc gia""]]","[""PLACE_000015""]",single_hop,HeritageStatus,1,"[""RECOGNIZED_AS""]","[""EDGE_000619""]","[""EVD_000290""]","[""SRC_000096""]",T_1H_RECOGNIZED_AS,FACT_HNQ_1H_PLACE_000015_EDGE_000619,template,easy,approved,
HNQ_1H_PLACE_000015_EDGE_000620,HNQ_1H_PLACE_000015_EDGE_000620,PLACE_000015,PLACE_000015,PLACE_000015,Thời điểm công nhận di tích lịch sử với Thành cổ Sơn Tây là thời điểm nào?,"[""Ngày 15 tháng 10 năm 1994""]","[""TIME_000062""]","[[""Ngày 15 tháng 10 năm 1994"",""15/10/1994"",""1994-10-15""]]","[""PLACE_000015""]",single_hop,Time,1,"[""RECOGNIZED_IN""]","[""EDGE_000620""]","[""EVD_000290""]","[""SRC_000096""]",T_1H_RECOGNIZED_IN,FACT_HNQ_1H_PLACE_000015_EDGE_000620,template,easy,approved,
HNQ_1H_PLACE_000015_EDGE_000623,HNQ_1H_PLACE_000015_EDGE_000623,PLACE_000015,PLACE_000015,ARCH_000118,Cửa Tiền Thành cổ Sơn Tây nằm tại vị trí nào?,"[""Phố Quang Trung (Sơn Tây)""]","[""LOCATION_000010""]","[[""Phố Quang Trung (Sơn Tây)""]]","[""ARCH_000118""]",single_hop,Location,1,"[""LOCATED_IN""]","[""EDGE_000623""]","[""EVD_000280""]","[""SRC_000096""]",T_1H_LOCATED_IN,FACT_HNQ_1H_PLACE_000015_EDGE_000623,template,easy,approved,
HNQ_1H_PLACE_000015_EDGE_000624,HNQ_1H_PLACE_000015_EDGE_000624,PLACE_000015,PLACE_000015,ARCH_000119,Cửa Hậu Thành cổ Sơn Tây nằm tại vị trí nào?,"[""Phố Lê Lợi (Sơn Tây)""]","[""LOCATION_000011""]","[[""Phố Lê Lợi (Sơn Tây)""]]","[""ARCH_000119""]",single_hop,Location,1,"[""LOCATED_IN""]","[""EDGE_000624""]","[""EVD_000280""]","[""SRC_000096""]",T_1H_LOCATED_IN,FACT_HNQ_1H_PLACE_000015_EDGE_000624,template,easy,approved,
HNQ_1H_PLACE_000015_EDGE_000626,HNQ_1H_PLACE_000015_EDGE_000626,PLACE_000015,PLACE_000015,ARCH_000122,Tường thành Thành cổ Sơn Tây dài bao nhiêu?,"[""Khoảng 400 m""]","[""VALUE_000050""]","[[""Khoảng 400 m""]]","[""ARCH_000122""]",single_hop,Value,1,"[""HAS_MEASUREMENT""]","[""EDGE_000626""]","[""EVD_000283""]","[""SRC_000097""]",T_1H_HAS_MEASUREMENT,FACT_HNQ_1H_PLACE_000015_EDGE_000626,template,easy,approved,
HNQ_1H_PLACE_000015_EDGE_000627,HNQ_1H_PLACE_000015_EDGE_000627,PLACE_000015,PLACE_000015,ARCH_000122,Tường thành Thành cổ Sơn Tây cao bao nhiêu?,"[""Khoảng 5 m""]","[""VALUE_000051""]","[[""Khoảng 5 m""]]","[""ARCH_000122""]",single_hop,Value,1,"[""HAS_MEASUREMENT""]","[""EDGE_000627""]","[""EVD_000283""]","[""SRC_000097""]",T_1H_HAS_MEASUREMENT,FACT_HNQ_1H_PLACE_000015_EDGE_000627,template,easy,approved,
HNQ_LS_PLACE_000016_ARCH_000134_HAS_COMPONENT,HNQ_LS_PLACE_000016_ARCH_000134_HAS_COMPONENT,PLACE_000016,PLACE_000016,ARCH_000134,"Theo dữ liệu HanoiQA, Đài Nghiên Đền Ngọc Sơn có những hạng mục nào?","[""Nghiên mực bằng đá tại Đài Nghiên Đền Ngọc Sơn"",""Bài minh trên thành nghiên Đài Nghiên Đền Ngọc Sơn""]","[""HOBJ_000041"",""HOBJ_000042""]","[[""Nghiên mực bằng đá tại Đài Nghiên Đền Ngọc Sơn""],[""Bài minh trên thành nghiên Đài Nghiên Đền Ngọc Sơn""]]","[""ARCH_000134""]",list,HeritageObject,1,"[""HAS_COMPONENT""]","[""EDGE_000665"",""EDGE_000666""]","[""EVD_000301""]","[""SRC_000101""]",T_LS_HAS_COMPONENT,FACT_HNQ_LS_PLACE_000016_ARCH_000134_HAS_COMPONENT,template,easy,approved,
HNQ_LS_PLACE_000016_PLACE_000016_ASSOCIATED_WITH_PERSON,HNQ_LS_PLACE_000016_PLACE_000016_ASSOCIATED_WITH_PERSON,PLACE_000016,PLACE_000016,PLACE_000016,Những nhân vật nào được ghi nhận là có liên hệ với Đền Ngọc Sơn?,"[""Nguyễn Văn Siêu"",""Vũ Tông Phan""]","[""PERSON_000039"",""PERSON_000041""]","[[""Nguyễn Văn Siêu"",""Phương Đình"",""Thần Siêu""],[""Vũ Tông Phan""]]","[""PLACE_000016""]",list,Person,1,"[""ASSOCIATED_WITH_PERSON""]","[""EDGE_000655"",""EDGE_000656""]","[""EVD_000297""]","[""SRC_000100""]",T_LS_ASSOCIATED_WITH_PERSON,FACT_HNQ_LS_PLACE_000016_PLACE_000016_ASSOCIATED_WITH_PERSON,template,easy,approved,
HNQ_LS_PLACE_000016_PLACE_000016_HAS_COMPONENT,HNQ_LS_PLACE_000016_PLACE_000016_HAS_COMPONENT,PLACE_000016,PLACE_000016,PLACE_000016,"Theo dữ liệu HanoiQA, Đền Ngọc Sơn có những hạng mục nào?","[""Nghi môn ngoại Đền Ngọc Sơn"",""Tháp Bút Đền Ngọc Sơn"",""Nghi môn nội Đền Ngọc Sơn"",""Đài Nghiên Đền Ngọc Sơn"",""Cầu Thê Húc Đền Ngọc Sơn"",""Cổng Đắc Nguyệt Đền Ngọc Sơn"",""Đình Trấn Ba Đền Ngọc Sơn"",""Tiền tế Đền Ngọc Sơn"",""Trung đường Đền Ngọc Sơn"",""Hậu cung Đền Ngọc Sơn"",""Tả vu Đền Ngọc Sơn"",""Hữu vu Đền Ngọc Sơn"",""Nhà kính thư Đền Ngọc Sơn"",""Nhà hậu Đền Ngọc Sơn""]","[""ARCH_000131"",""ARCH_000132"",""ARCH_000133"",""ARCH_000134"",""ARCH_000135"",""ARCH_000136"",""ARCH_000137"",""ARCH_000138"",""ARCH_000139"",""ARCH_000140"",""ARCH_000141"",""ARCH_000142"",""ARCH_000143"",""ARCH_000144""]","[[""Nghi môn ngoại Đền Ngọc Sơn""],[""Tháp Bút Đền Ngọc Sơn"",""Tháp Bút bên Hồ Gươm""],[""Nghi môn nội Đền Ngọc Sơn""],[""Đài Nghiên Đền Ngọc Sơn""],[""Cầu Thê Húc Đền Ngọc Sơn""],[""Cổng Đắc Nguyệt Đền Ngọc Sơn"",""Đắc Nguyệt lâu Đền Ngọc Sơn""],[""Đình Trấn Ba Đền Ngọc Sơn""],[""Tiền tế Đền Ngọc Sơn""],[""Trung đường Đền Ngọc Sơn""],[""Hậu cung Đền Ngọc Sơn""],[""Tả vu Đền Ngọc Sơn""],[""Hữu vu Đền Ngọc Sơn""],[""Nhà kính thư Đền Ngọc Sơn""],[""Nhà hậu Đền Ngọc Sơn""]]","[""PLACE_000016""]",list,Architecture,1,"[""HAS_COMPONENT""]","[""EDGE_000641"",""EDGE_000642"",""EDGE_000643"",""EDGE_000644"",""EDGE_000645"",""EDGE_000646"",""EDGE_000647"",""EDGE_000648"",""EDGE_000649"",""EDGE_000650"",""EDGE_000651"",""EDGE_000652"",""EDGE_000653"",""EDGE_000654""]","[""EVD_000296""]","[""SRC_000100""]",T_LS_HAS_COMPONENT,FACT_HNQ_LS_PLACE_000016_PLACE_000016_HAS_COMPONENT,template,easy,approved,
HNQ_RV_PLACE_000016_PLACE_000016_LOCATED_IN,HNQ_RV_PLACE_000016_PLACE_000016_LOCATED_IN,PLACE_000016,PLACE_000016,PLACE_000016,Đền Ngọc Sơn nằm tại vị trí nào?,"[""Đảo Ngọc trong Hồ Hoàn Kiếm""]","[""LOCATION_000012""]","[[""Đảo Ngọc trong Hồ Hoàn Kiếm"",""Đảo Ngọc Sơn"",""Đảo Ngọc""]]","[""PLACE_000016""]",single_hop,Location,1,"[""LOCATED_IN""]","[""EDGE_000639""]","[""EVD_000295""]","[""SRC_000100""]",T_1H_LOCATED_IN,FACT_HNQ_RV_PLACE_000016_PLACE_000016_LOCATED_IN,template,easy,approved,
HNQ_2H_PLACE_000016_T_2H_COMPONENT_BUILT_BY_PERSON_000039,HNQ_2H_PLACE_000016_T_2H_COMPONENT_BUILT_BY_PERSON_000039,PLACE_000016,PLACE_000016,PLACE_000016,Hạng mục nào của Đền Ngọc Sơn được Nguyễn Văn Siêu cho xây dựng?,"[""Tháp Bút Đền Ngọc Sơn"",""Cầu Thê Húc Đền Ngọc Sơn""]","[""ARCH_000132"",""ARCH_000135""]","[[""Tháp Bút Đền Ngọc Sơn"",""Tháp Bút bên Hồ Gươm""],[""Cầu Thê Húc Đền Ngọc Sơn""]]","[""PLACE_000016"",""PERSON_000039""]",multi_hop,Architecture,2,"[""HAS_COMPONENT"",""BUILT_BY""]","[""EDGE_000642"",""EDGE_000668"",""EDGE_000645"",""EDGE_000670""]","[""EVD_000296"",""EVD_000299"",""EVD_000302""]","[""SRC_000100"",""SRC_000101"",""SRC_000102""]",T_2H_COMPONENT_BUILT_BY,FACT_HNQ_2H_PLACE_000016_T_2H_COMPONENT_BUILT_BY_PERSON_000039,template,medium,approved,
HNQ_2H_PLACE_000016_T_2H_COMPONENT_BUILT_IN_TIME_000064,HNQ_2H_PLACE_000016_T_2H_COMPONENT_BUILT_IN_TIME_000064,PLACE_000016,PLACE_000016,PLACE_000016,Hạng mục nào của Đền Ngọc Sơn được xây dựng vào Năm 1865?,"[""Tháp Bút Đền Ngọc Sơn"",""Cầu Thê Húc Đền Ngọc Sơn""]","[""ARCH_000132"",""ARCH_000135""]","[[""Tháp Bút Đền Ngọc Sơn"",""Tháp Bút bên Hồ Gươm""],[""Cầu Thê Húc Đền Ngọc Sơn""]]","[""PLACE_000016"",""TIME_000064""]",multi_hop,Architecture,2,"[""HAS_COMPONENT"",""BUILT_IN""]","[""EDGE_000642"",""EDGE_000667"",""EDGE_000645"",""EDGE_000669""]","[""EVD_000296"",""EVD_000299"",""EVD_000302""]","[""SRC_000100"",""SRC_000101"",""SRC_000102""]",T_2H_COMPONENT_BUILT_IN,FACT_HNQ_2H_PLACE_000016_T_2H_COMPONENT_BUILT_IN_TIME_000064,template,medium,approved,
HNQ_2H_PLACE_000016_T_2H_COMPONENT_BUILT_WITH_MATERIAL_000001,HNQ_2H_PLACE_000016_T_2H_COMPONENT_BUILT_WITH_MATERIAL_000001,PLACE_000016,PLACE_000016,PLACE_000016,Hạng mục nào của Đền Ngọc Sơn được xây dựng bằng Gỗ?,"[""Cầu Thê Húc Đền Ngọc Sơn""]","[""ARCH_000135""]","[[""Cầu Thê Húc Đền Ngọc Sơn""]]","[""PLACE_000016"",""MATERIAL_000001""]",multi_hop,Architecture,2,"[""HAS_COMPONENT"",""BUILT_WITH""]","[""EDGE_000645"",""EDGE_000673""]","[""EVD_000296"",""EVD_000303""]","[""SRC_000100"",""SRC_000102""]",T_2H_COMPONENT_BUILT_WITH,FACT_HNQ_2H_PLACE_000016_T_2H_COMPONENT_BUILT_WITH_MATERIAL_000001,template,medium,approved,
HNQ_1H_PLACE_000016_EDGE_000638,HNQ_1H_PLACE_000016_EDGE_000638,PLACE_000016,PLACE_000016,PLACE_000016,"Theo nguồn đã lưu, Đền Ngọc Sơn có địa chỉ nào?","[""Phố Đinh Tiên Hoàng, Hà Nội""]","[""ADDRESS_000014""]","[[""Phố Đinh Tiên Hoàng, Hà Nội""]]","[""PLACE_000016""]",single_hop,Address,1,"[""HAS_ADDRESS""]","[""EDGE_000638""]","[""EVD_000294""]","[""SRC_000099""]",T_1H_HAS_ADDRESS,FACT_HNQ_1H_PLACE_000016_EDGE_000638,template,easy,approved,
HNQ_1H_PLACE_000016_EDGE_000640,HNQ_1H_PLACE_000016_EDGE_000640,PLACE_000016,PLACE_000016,PLACE_000016,Đền Ngọc Sơn nằm trong địa danh nào?,"[""Hồ Hoàn Kiếm""]","[""PLACE_000009""]","[[""Hồ Hoàn Kiếm"",""Hồ Gươm"",""Hồ Tả Vọng"",""Hoan Kiem Lake""]]","[""PLACE_000016""]",single_hop,Place,1,"[""LOCATED_IN""]","[""EDGE_000640""]","[""EVD_000295""]","[""SRC_000100""]",T_1H_LOCATED_IN,FACT_HNQ_1H_PLACE_000016_EDGE_000640,template,easy,approved,
HNQ_1H_PLACE_000016_EDGE_000658,HNQ_1H_PLACE_000016_EDGE_000658,PLACE_000016,PLACE_000016,PLACE_000016,Đền Ngọc Sơn được trùng tu hoặc xây dựng lại vào thời điểm nào?,"[""Năm 1865""]","[""TIME_000064""]","[[""Năm 1865"",""1865""]]","[""PLACE_000016""]",single_hop,Time,1,"[""RENOVATED_IN""]","[""EDGE_000658""]","[""EVD_000299""]","[""SRC_000101""]",T_1H_RENOVATED_IN,FACT_HNQ_1H_PLACE_000016_EDGE_000658,template,easy,approved,
HNQ_1H_PLACE_000016_EDGE_000659,HNQ_1H_PLACE_000016_EDGE_000659,PLACE_000016,PLACE_000016,PLACE_000016,Ai hoặc đơn vị nào thực hiện việc trùng tu Đền Ngọc Sơn?,"[""Nguyễn Văn Siêu""]","[""PERSON_000039""]","[[""Nguyễn Văn Siêu"",""Phương Đình"",""Thần Siêu""]]","[""PLACE_000016""]",single_hop,Person,1,"[""RENOVATED_BY""]","[""EDGE_000659""]","[""EVD_000299""]","[""SRC_000101""]",T_1H_RENOVATED_BY,FACT_HNQ_1H_PLACE_000016_EDGE_000659,template,easy,approved,
HNQ_1H_PLACE_000016_EDGE_000660,HNQ_1H_PLACE_000016_EDGE_000660,PLACE_000016,PLACE_000016,ORG_000009,Hội Hướng thiện nằm trong địa danh nào?,"[""Đền Ngọc Sơn""]","[""PLACE_000016""]","[[""Đền Ngọc Sơn"",""Ngoc Son Temple""]]","[""ORG_000009""]",single_hop,Place,1,"[""LOCATED_IN""]","[""EDGE_000660""]","[""EVD_000297""]","[""SRC_000100""]",T_1H_LOCATED_IN,FACT_HNQ_1H_PLACE_000016_EDGE_000660,template,easy,approved,
HNQ_1H_PLACE_000016_EDGE_000662,HNQ_1H_PLACE_000016_EDGE_000662,PLACE_000016,PLACE_000016,PLACE_000016,Đền Ngọc Sơn được công nhận với danh hiệu nào?,"[""Di tích quốc gia đặc biệt""]","[""HSTATUS_000003""]","[[""Di tích quốc gia đặc biệt"",""Di tích Quốc gia đặc biệt""]]","[""PLACE_000016""]",single_hop,HeritageStatus,1,"[""RECOGNIZED_AS""]","[""EDGE_000662""]","[""EVD_000298""]","[""SRC_000037""]",T_1H_RECOGNIZED_AS,FACT_HNQ_1H_PLACE_000016_EDGE_000662,template,easy,approved,
HNQ_1H_PLACE_000016_EDGE_000663,HNQ_1H_PLACE_000016_EDGE_000663,PLACE_000016,PLACE_000016,PLACE_000016,Đền Ngọc Sơn được công nhận là Di tích lịch sử và danh lam thắng cảnh Hồ Hoàn Kiếm và Đền Ngọc Sơn vào thời điểm nào?,"[""Ngày 9 tháng 12 năm 2013""]","[""TIME_000065""]","[[""Ngày 9 tháng 12 năm 2013"",""09/12/2013"",""2013-12-09""]]","[""PLACE_000016""]",single_hop,Time,1,"[""RECOGNIZED_IN""]","[""EDGE_000663""]","[""EVD_000298""]","[""SRC_000037""]",T_1H_RECOGNIZED_IN,FACT_HNQ_1H_PLACE_000016_EDGE_000663,template,easy,approved,
HNQ_1H_PLACE_000016_EDGE_000667,HNQ_1H_PLACE_000016_EDGE_000667,PLACE_000016,PLACE_000016,ARCH_000132,Tháp Bút Đền Ngọc Sơn được khởi dựng ban đầu vào thời điểm nào?,"[""Năm 1865""]","[""TIME_000064""]","[[""Năm 1865"",""1865""]]","[""ARCH_000132""]",single_hop,Time,1,"[""BUILT_IN""]","[""EDGE_000667""]","[""EVD_000299""]","[""SRC_000101""]",T_1H_BUILT_IN,FACT_HNQ_1H_PLACE_000016_EDGE_000667,template,easy,approved,
HNQ_1H_PLACE_000016_EDGE_000668,HNQ_1H_PLACE_000016_EDGE_000668,PLACE_000016,PLACE_000016,ARCH_000132,Nhân vật nào cho xây dựng Tháp Bút Đền Ngọc Sơn?,"[""Nguyễn Văn Siêu""]","[""PERSON_000039""]","[[""Nguyễn Văn Siêu"",""Phương Đình"",""Thần Siêu""]]","[""ARCH_000132""]",single_hop,Person,1,"[""BUILT_BY""]","[""EDGE_000668""]","[""EVD_000299""]","[""SRC_000101""]",T_1H_BUILT_BY,FACT_HNQ_1H_PLACE_000016_EDGE_000668,template,easy,approved,
HNQ_1H_PLACE_000016_EDGE_000669,HNQ_1H_PLACE_000016_EDGE_000669,PLACE_000016,PLACE_000016,ARCH_000135,Cầu Thê Húc Đền Ngọc Sơn được khởi dựng ban đầu vào thời điểm nào?,"[""Năm 1865""]","[""TIME_000064""]","[[""Năm 1865"",""1865""]]","[""ARCH_000135""]",single_hop,Time,1,"[""BUILT_IN""]","[""EDGE_000669""]","[""EVD_000302""]","[""SRC_000102""]",T_1H_BUILT_IN,FACT_HNQ_1H_PLACE_000016_EDGE_000669,template,easy,approved,
HNQ_1H_PLACE_000016_EDGE_000670,HNQ_1H_PLACE_000016_EDGE_000670,PLACE_000016,PLACE_000016,ARCH_000135,Nhân vật nào cho xây dựng Cầu Thê Húc Đền Ngọc Sơn?,"[""Nguyễn Văn Siêu""]","[""PERSON_000039""]","[[""Nguyễn Văn Siêu"",""Phương Đình"",""Thần Siêu""]]","[""ARCH_000135""]",single_hop,Person,1,"[""BUILT_BY""]","[""EDGE_000670""]","[""EVD_000302""]","[""SRC_000102""]",T_1H_BUILT_BY,FACT_HNQ_1H_PLACE_000016_EDGE_000670,template,easy,approved,
HNQ_1H_PLACE_000016_EDGE_000671,HNQ_1H_PLACE_000016_EDGE_000671,PLACE_000016,PLACE_000016,ARCH_000132,Số tầng của Tháp Bút Đền Ngọc Sơn là bao nhiêu?,"[""5 tầng""]","[""VALUE_000054""]","[[""5 tầng""]]","[""ARCH_000132""]",single_hop,Value,1,"[""HAS_MEASUREMENT""]","[""EDGE_000671""]","[""EVD_000300""]","[""SRC_000101""]",T_1H_HAS_MEASUREMENT,FACT_HNQ_1H_PLACE_000016_EDGE_000671,template,easy,approved,
HNQ_1H_PLACE_000016_EDGE_000672,HNQ_1H_PLACE_000016_EDGE_000672,PLACE_000016,PLACE_000016,ARCH_000135,Số nhịp cầu của Cầu Thê Húcdẫn vào Đền Ngọc Sơn là bao nhiêu?,"[""15 nhịp""]","[""VALUE_000055""]","[[""15 nhịp""]]","[""ARCH_000135""]",single_hop,Value,1,"[""HAS_MEASUREMENT""]","[""EDGE_000672""]","[""EVD_000302""]","[""SRC_000102""]",T_1H_HAS_MEASUREMENT,FACT_HNQ_1H_PLACE_000016_EDGE_000672,template,easy,approved,
HNQ_LS_PLACE_000017_ARCH_000145_HAS_COMPONENT,HNQ_LS_PLACE_000017_ARCH_000145_HAS_COMPONENT,PLACE_000017,PLACE_000017,ARCH_000145,"Theo dữ liệu HanoiQA, Liên Hoa Đài Chùa Một Cột có những hạng mục nào?","[""Cột trụ đá Chùa Một Cột"",""Bộ khung gỗ đỡ đài Chùa Một Cột"",""Hệ bốn mái cong Chùa Một Cột"",""Tượng Bồ tát Quán Thế Âm tại Chùa Một Cột"",""Biển đề Liên Hoa Đài tại Chùa Một Cột"",""Khám thờ sơn son thếp vàng tại Chùa Một Cột""]","[""ARCH_000146"",""ARCH_000147"",""ARCH_000148"",""HOBJ_000043"",""HOBJ_000044"",""HOBJ_000045""]","[[""Cột trụ đá Chùa Một Cột""],[""Bộ khung gỗ đỡ đài Chùa Một Cột""],[""Hệ bốn mái cong Chùa Một Cột""],[""Tượng Bồ tát Quán Thế Âm tại Chùa Một Cột""],[""Biển đề Liên Hoa Đài tại Chùa Một Cột""],[""Khám thờ sơn son thếp vàng tại Chùa Một Cột""]]","[""ARCH_000145""]",list,Architecture|HeritageObject,1,"[""HAS_COMPONENT""]","[""EDGE_000686"",""EDGE_000687"",""EDGE_000688"",""EDGE_000689"",""EDGE_000690"",""EDGE_000691""]","[""EVD_000309"",""EVD_000310"",""EVD_000311"",""EVD_000312""]","[""SRC_000104"",""SRC_000105""]",T_LS_HAS_COMPONENT,FACT_HNQ_LS_PLACE_000017_ARCH_000145_HAS_COMPONENT,template,easy,approved,
HNQ_LS_PLACE_000017_PLACE_000017_HAS_COMPONENT,HNQ_LS_PLACE_000017_PLACE_000017_HAS_COMPONENT,PLACE_000017,PLACE_000017,PLACE_000017,"Theo dữ liệu HanoiQA, Chùa Một Cột có những hạng mục nào?","[""Liên Hoa Đài Chùa Một Cột"",""Thang xây lên đài Chùa Một Cột"",""Lan can quanh hồ Chùa Một Cột"",""Tam quan quần thể Diên Hựu Chùa Một Cột"",""Nhà Tam Bảo quần thể Diên Hựu Chùa Một Cột""]","[""ARCH_000145"",""ARCH_000149"",""ARCH_000150"",""ARCH_000151"",""ARCH_000152""]","[[""Liên Hoa Đài Chùa Một Cột""],[""Thang xây lên đài Chùa Một Cột""],[""Lan can quanh hồ Chùa Một Cột""],[""Tam quan quần thể Diên Hựu Chùa Một Cột""],[""Nhà Tam Bảo quần thể Diên Hựu Chùa Một Cột""]]","[""PLACE_000017""]",list,Architecture,1,"[""HAS_COMPONENT""]","[""EDGE_000681"",""EDGE_000684"",""EDGE_000685"",""EDGE_000682"",""EDGE_000683""]","[""EVD_000307"",""EVD_000310""]","[""SRC_000104"",""SRC_000105""]",T_LS_HAS_COMPONENT,FACT_HNQ_LS_PLACE_000017_PLACE_000017_HAS_COMPONENT,template,easy,approved,
HNQ_LS_PLACE_000017_PLACE_000017_HAS_EVENT,HNQ_LS_PLACE_000017_PLACE_000017_HAS_EVENT,PLACE_000017,PLACE_000017,PLACE_000017,Những sự kiện nào được ghi nhận là gắn với Chùa Một Cột?,"[""Khởi dựng quần thể Diên Hựu – Chùa Một Cột năm 1049"",""Hoàn thành dựng lại Liên Hoa Đài năm 1955"",""Lý Nhân Tông tu bổ mở rộng quần thể Diên Hựu năm 1105""]","[""EVENT_000034"",""EVENT_000035"",""EVENT_000036""]","[[""Khởi dựng quần thể Diên Hựu – Chùa Một Cột năm 1049""],[""Hoàn thành dựng lại Liên Hoa Đài năm 1955""],[""Lý Nhân Tông tu bổ mở rộng quần thể Diên Hựu năm 1105""]]","[""PLACE_000017""]",list,Event,1,"[""HAS_EVENT""]","[""EDGE_000696"",""EDGE_000698"",""EDGE_000700""]","[""EVD_000308"",""EVD_000313"",""EVD_000315""]","[""SRC_000104"",""SRC_000105""]",T_LS_HAS_EVENT,FACT_HNQ_LS_PLACE_000017_PLACE_000017_HAS_EVENT,template,easy,approved,
HNQ_2H_PLACE_000017_T_2H_COMPONENT_BUILT_WITH_MATERIAL_000003,HNQ_2H_PLACE_000017_T_2H_COMPONENT_BUILT_WITH_MATERIAL_000003,PLACE_000017,PLACE_000017,PLACE_000017,Hạng mục nào của Chùa Một Cột được xây dựng bằng Gạch?,"[""Lan can quanh hồ Chùa Một Cột""]","[""ARCH_000150""]","[[""Lan can quanh hồ Chùa Một Cột""]]","[""PLACE_000017"",""MATERIAL_000003""]",multi_hop,Architecture,2,"[""HAS_COMPONENT"",""BUILT_WITH""]","[""EDGE_000685"",""EDGE_000715""]","[""EVD_000310""]","[""SRC_000105""]",T_2H_COMPONENT_BUILT_WITH,FACT_HNQ_2H_PLACE_000017_T_2H_COMPONENT_BUILT_WITH_MATERIAL_000003,template,medium,approved,
HNQ_2H_PLACE_000017_T_2H_COMPONENT_STYLE_ASTYLE_000009,HNQ_2H_PLACE_000017_T_2H_COMPONENT_STYLE_ASTYLE_000009,PLACE_000017,PLACE_000017,PLACE_000017,Hạng mục nào của Chùa Một Cột mang phong cách Kiến trúc hình hoa sen trên một cột?,"[""Liên Hoa Đài Chùa Một Cột""]","[""ARCH_000145""]","[[""Liên Hoa Đài Chùa Một Cột""]]","[""PLACE_000017"",""ASTYLE_000009""]",multi_hop,Architecture,2,"[""HAS_COMPONENT"",""HAS_ARCHITECTURAL_STYLE""]","[""EDGE_000681"",""EDGE_000717""]","[""EVD_000307"",""EVD_000317""]","[""SRC_000104"",""SRC_000106""]",T_2H_COMPONENT_STYLE,FACT_HNQ_2H_PLACE_000017_T_2H_COMPONENT_STYLE_ASTYLE_000009,template,medium,approved,
HNQ_2H_PLACE_000017_T_2H_EVENT_LOCATION_all,HNQ_2H_PLACE_000017_T_2H_EVENT_LOCATION_all,PLACE_000017,PLACE_000017,PLACE_000017,Các sự kiện gắn với Chùa Một Cột được ghi nhận là diễn ra tại những đâu?,"[""Năm 1049"",""Tháng 4 năm 1955"",""Năm 1105""]","[""TIME_000066"",""TIME_000067"",""TIME_000069""]","[[""Năm 1049"",""1049""],[""Tháng 4 năm 1955"",""04/1955"",""1955-04""],[""Năm 1105"",""1105""]]","[""PLACE_000017""]",multi_hop,Time,2,"[""HAS_EVENT"",""OCCURRED_IN""]","[""EDGE_000696"",""EDGE_000697"",""EDGE_000698"",""EDGE_000699"",""EDGE_000700"",""EDGE_000701""]","[""EVD_000308"",""EVD_000313"",""EVD_000315""]","[""SRC_000104"",""SRC_000105""]",T_2H_EVENT_LOCATION,FACT_HNQ_2H_PLACE_000017_T_2H_EVENT_LOCATION_all,template,medium,approved,
HNQ_2H_PLACE_000017_T_2H_EVENT_PERSON_all,HNQ_2H_PLACE_000017_T_2H_EVENT_PERSON_all,PLACE_000017,PLACE_000017,PLACE_000017,Những nhân vật nào tham gia các sự kiện được ghi nhận là gắn với Chùa Một Cột?,"[""Lý Nhân Tông"",""Lý Thái Tông"",""Nguyễn Bá Lăng""]","[""PERSON_000009"",""PERSON_000042"",""PERSON_000043""]","[[""Lý Nhân Tông"",""Vua Lý Nhân Tông"",""Càn Đức""],[""Lý Thái Tông"",""Lý Phật Mã"",""Lý Đức Chính""],[""Nguyễn Bá Lăng"",""Kiến trúc sư Nguyễn Bá Lăng""]]","[""PLACE_000017""]",multi_hop,Person,2,"[""HAS_EVENT"",""INVOLVED_PERSON""]","[""EDGE_000696"",""EDGE_000702"",""EDGE_000698"",""EDGE_000703"",""EDGE_000700"",""EDGE_000704""]","[""EVD_000308"",""EVD_000313"",""EVD_000315""]","[""SRC_000104"",""SRC_000105""]",T_2H_EVENT_PERSON,FACT_HNQ_2H_PLACE_000017_T_2H_EVENT_PERSON_all,template,medium,approved,
HNQ_1H_PLACE_000017_EDGE_000678,HNQ_1H_PLACE_000017_EDGE_000678,PLACE_000017,PLACE_000017,PLACE_000017,"Theo nguồn đã lưu, Chùa Một Cột có địa chỉ nào?","[""Phố Chùa Một Cột, phường Ba Đình, Hà Nội""]","[""ADDRESS_000015""]","[[""Phố Chùa Một Cột, phường Ba Đình, Hà Nội""]]","[""PLACE_000017""]",single_hop,Address,1,"[""HAS_ADDRESS""]","[""EDGE_000678""]","[""EVD_000305""]","[""SRC_000104""]",T_1H_HAS_ADDRESS,FACT_HNQ_1H_PLACE_000017_EDGE_000678,template,easy,approved,
HNQ_1H_PLACE_000017_EDGE_000679,HNQ_1H_PLACE_000017_EDGE_000679,PLACE_000017,PLACE_000017,ARCH_000145,Liên Hoa Đài Chùa Một Cột nằm tại vị trí nào?,"[""Hồ Linh Chiểu tại Chùa Một Cột""]","[""LOCATION_000015""]","[[""Hồ Linh Chiểu tại Chùa Một Cột""]]","[""ARCH_000145""]",single_hop,Location,1,"[""LOCATED_IN""]","[""EDGE_000679""]","[""EVD_000306""]","[""SRC_000107""]",T_1H_LOCATED_IN,FACT_HNQ_1H_PLACE_000017_EDGE_000679,template,easy,approved,
HNQ_1H_PLACE_000017_EDGE_000680,HNQ_1H_PLACE_000017_EDGE_000680,PLACE_000017,PLACE_000017,PLACE_000017,Chùa Một Cột nằm tại vị trí nào?,"[""Phố Chùa Một Cột""]","[""LOCATION_000014""]","[[""Phố Chùa Một Cột""]]","[""PLACE_000017""]",single_hop,Location,1,"[""LOCATED_IN""]","[""EDGE_000680""]","[""EVD_000305""]","[""SRC_000104""]",T_1H_LOCATED_IN,FACT_HNQ_1H_PLACE_000017_EDGE_000680,template,easy,approved,
HNQ_1H_PLACE_000017_EDGE_000692,HNQ_1H_PLACE_000017_EDGE_000692,PLACE_000017,PLACE_000017,PLACE_000017,Chùa Một Cột được khởi dựng ban đầu vào thời điểm nào?,"[""Năm 1049""]","[""TIME_000066""]","[[""Năm 1049"",""1049""]]","[""PLACE_000017""]",single_hop,Time,1,"[""BUILT_IN""]","[""EDGE_000692""]","[""EVD_000308""]","[""SRC_000105""]",T_1H_BUILT_IN,FACT_HNQ_1H_PLACE_000017_EDGE_000692,template,easy,approved,
HNQ_1H_PLACE_000017_EDGE_000693,HNQ_1H_PLACE_000017_EDGE_000693,PLACE_000017,PLACE_000017,PLACE_000017,Nhân vật nào cho xây dựng Chùa Một Cột?,"[""Lý Thái Tông""]","[""PERSON_000042""]","[[""Lý Thái Tông"",""Lý Phật Mã"",""Lý Đức Chính""]]","[""PLACE_000017""]",single_hop,Person,1,"[""BUILT_BY""]","[""EDGE_000693""]","[""EVD_000308""]","[""SRC_000105""]",T_1H_BUILT_BY,FACT_HNQ_1H_PLACE_000017_EDGE_000693,template,easy,approved,
HNQ_1H_PLACE_000017_EDGE_000694,HNQ_1H_PLACE_000017_EDGE_000694,PLACE_000017,PLACE_000017,ARCH_000145,Liên Hoa Đài Chùa Một Cột được trùng tu hoặc xây dựng lại vào thời điểm nào?,"[""Tháng 4 năm 1955""]","[""TIME_000067""]","[[""Tháng 4 năm 1955"",""04/1955"",""1955-04""]]","[""ARCH_000145""]",single_hop,Time,1,"[""RENOVATED_IN""]","[""EDGE_000694""]","[""EVD_000313""]","[""SRC_000104""]",T_1H_RENOVATED_IN,FACT_HNQ_1H_PLACE_000017_EDGE_000694,template,easy,approved,
HNQ_1H_PLACE_000017_EDGE_000695,HNQ_1H_PLACE_000017_EDGE_000695,PLACE_000017,PLACE_000017,ARCH_000145,Ai hoặc đơn vị nào thực hiện việc trùng tu Liên Hoa Đài Chùa Một Cột?,"[""Nguyễn Bá Lăng""]","[""PERSON_000043""]","[[""Nguyễn Bá Lăng"",""Kiến trúc sư Nguyễn Bá Lăng""]]","[""ARCH_000145""]",single_hop,Person,1,"[""RENOVATED_BY""]","[""EDGE_000695""]","[""EVD_000314""]","[""SRC_000106""]",T_1H_RENOVATED_BY,FACT_HNQ_1H_PLACE_000017_EDGE_000695,template,easy,approved,
HNQ_1H_PLACE_000017_EDGE_000705,HNQ_1H_PLACE_000017_EDGE_000705,PLACE_000017,PLACE_000017,PLACE_000017,Chùa Một Cột được công nhận với danh hiệu nào?,"[""Di tích lịch sử quốc gia""]","[""HSTATUS_000005""]","[[""Di tích lịch sử quốc gia"",""Di tích cấp quốc gia"",""Di tích lịch sử Quốc gia""]]","[""PLACE_000017""]",single_hop,HeritageStatus,1,"[""RECOGNIZED_AS""]","[""EDGE_000705""]","[""EVD_000316""]","[""SRC_000105""]",T_1H_RECOGNIZED_AS,FACT_HNQ_1H_PLACE_000017_EDGE_000705,template,easy,approved,
HNQ_1H_PLACE_000017_EDGE_000706,HNQ_1H_PLACE_000017_EDGE_000706,PLACE_000017,PLACE_000017,PLACE_000017,Thời điểm công nhận di tích lịch sử với Chùa Một Cột là thời điểm nào?,"[""Năm 1962""]","[""TIME_000068""]","[[""Năm 1962"",""1962""]]","[""PLACE_000017""]",single_hop,Time,1,"[""RECOGNIZED_IN""]","[""EDGE_000706""]","[""EVD_000316""]","[""SRC_000105""]",T_1H_RECOGNIZED_IN,FACT_HNQ_1H_PLACE_000017_EDGE_000706,template,easy,approved,
HNQ_1H_PLACE_000017_EDGE_000707,HNQ_1H_PLACE_000017_EDGE_000707,PLACE_000017,PLACE_000017,ARCH_000145,Liên Hoa Đài Chùa Một Cột cao bao nhiêu?,"[""3 m""]","[""VALUE_000027""]","[[""3 m""]]","[""ARCH_000145""]",single_hop,Value,1,"[""HAS_MEASUREMENT""]","[""EDGE_000707""]","[""EVD_000309""]","[""SRC_000105""]",T_1H_HAS_MEASUREMENT,FACT_HNQ_1H_PLACE_000017_EDGE_000707,template,easy,approved,
HNQ_1H_PLACE_000017_EDGE_000708,HNQ_1H_PLACE_000017_EDGE_000708,PLACE_000017,PLACE_000017,ARCH_000146,Cột trụ đá Chùa Một Cột rộng bao nhiêu?,"[""4 m""]","[""VALUE_000053""]","[[""4 m""]]","[""ARCH_000146""]",single_hop,Value,1,"[""HAS_MEASUREMENT""]","[""EDGE_000708""]","[""EVD_000309""]","[""SRC_000105""]",T_1H_HAS_MEASUREMENT,FACT_HNQ_1H_PLACE_000017_EDGE_000708,template,easy,approved,
HNQ_1H_PLACE_000017_EDGE_000709,HNQ_1H_PLACE_000017_EDGE_000709,PLACE_000017,PLACE_000017,ARCH_000146,Số đo đường kính của Cột trụ đá Chùa Một Cột là bao nhiêu?,"[""1,2 m""]","[""VALUE_000056""]","[[""1,2 m""]]","[""ARCH_000146""]",single_hop,Value,1,"[""HAS_MEASUREMENT""]","[""EDGE_000709""]","[""EVD_000309""]","[""SRC_000105""]",T_1H_HAS_MEASUREMENT,FACT_HNQ_1H_PLACE_000017_EDGE_000709,template,easy,approved,
HNQ_1H_PLACE_000017_EDGE_000710,HNQ_1H_PLACE_000017_EDGE_000710,PLACE_000017,PLACE_000017,ARCH_000146,Số khối đá của Cột trụ đá Chùa Một Cột là bao nhiêu?,"[""2 khối đá""]","[""VALUE_000057""]","[[""2 khối đá""]]","[""ARCH_000146""]",single_hop,Value,1,"[""HAS_MEASUREMENT""]","[""EDGE_000710""]","[""EVD_000309""]","[""SRC_000105""]",T_1H_HAS_MEASUREMENT,FACT_HNQ_1H_PLACE_000017_EDGE_000710,template,easy,approved,
HNQ_1H_PLACE_000017_EDGE_000711,HNQ_1H_PLACE_000017_EDGE_000711,PLACE_000017,PLACE_000017,ARCH_000148,Số lượng của Hệ bốn mái cong Chùa Một Cột là bao nhiêu?,"[""4 mái""]","[""VALUE_000058""]","[[""4 mái""]]","[""ARCH_000148""]",single_hop,Value,1,"[""HAS_MEASUREMENT""]","[""EDGE_000711""]","[""EVD_000309""]","[""SRC_000105""]",T_1H_HAS_MEASUREMENT,FACT_HNQ_1H_PLACE_000017_EDGE_000711,template,easy,approved,
HNQ_1H_PLACE_000017_EDGE_000717,HNQ_1H_PLACE_000017_EDGE_000717,PLACE_000017,PLACE_000017,ARCH_000145,Liên Hoa Đài Chùa Một Cột mang phong cách kiến trúc nào?,"[""Kiến trúc hình hoa sen trên một cột""]","[""ASTYLE_000009""]","[[""Kiến trúc hình hoa sen trên một cột""]]","[""ARCH_000145""]",single_hop,ArchitecturalStyle,1,"[""HAS_ARCHITECTURAL_STYLE""]","[""EDGE_000717""]","[""EVD_000317""]","[""SRC_000106""]",T_1H_HAS_ARCHITECTURAL_STYLE,FACT_HNQ_1H_PLACE_000017_EDGE_000717,template,easy,approved,
HNQ_LS_PLACE_000018_ARCH_000161_HAS_COMPONENT,HNQ_LS_PLACE_000018_ARCH_000161_HAS_COMPONENT,PLACE_000018,PLACE_000018,ARCH_000161,"Theo dữ liệu HanoiQA, Bảo tháp Lục Độ Đài Sen Chùa Trấn Quốc có những hạng mục nào?","[""Đài sen Cửu Phẩm Liên Hoa Chùa Trấn Quốc"",""Nhóm 66 tượng A Di Đà tại Bảo tháp Chùa Trấn Quốc""]","[""ARCH_000163"",""HOBJ_000049""]","[[""Đài sen Cửu Phẩm Liên Hoa Chùa Trấn Quốc""],[""Nhóm 66 tượng A Di Đà tại Bảo tháp Chùa Trấn Quốc""]]","[""ARCH_000161""]",list,Architecture|HeritageObject,1,"[""HAS_COMPONENT""]","[""EDGE_000732"",""EDGE_000736""]","[""EVD_000325"",""EVD_000326""]","[""SRC_000109"",""SRC_000111""]",T_LS_HAS_COMPONENT,FACT_HNQ_LS_PLACE_000018_ARCH_000161_HAS_COMPONENT,template,easy,approved,
HNQ_LS_PLACE_000018_PLACE_000018_ASSOCIATED_WITH_PERSON,HNQ_LS_PLACE_000018_PLACE_000018_ASSOCIATED_WITH_PERSON,PLACE_000018,PLACE_000018,PLACE_000018,Những nhân vật nào được ghi nhận là có liên hệ với Chùa Trấn Quốc?,"[""Nguyễn Xuân Chính"",""Phạm Quý Thích""]","[""PERSON_000044"",""PERSON_000045""]","[[""Nguyễn Xuân Chính"",""Nguyễn Xuân Chinh""],[""Phạm Quý Thích"",""Phạm Lập Trai""]]","[""PLACE_000018""]",list,Person,1,"[""ASSOCIATED_WITH_PERSON""]","[""EDGE_000750"",""EDGE_000751""]","[""EVD_000328""]","[""SRC_000108""]",T_LS_ASSOCIATED_WITH_PERSON,FACT_HNQ_LS_PLACE_000018_PLACE_000018_ASSOCIATED_WITH_PERSON,template,easy,approved,
HNQ_LS_PLACE_000018_PLACE_000018_HAS_COMPONENT,HNQ_LS_PLACE_000018_PLACE_000018_HAS_COMPONENT,PLACE_000018,PLACE_000018,PLACE_000018,"Theo dữ liệu HanoiQA, Chùa Trấn Quốc có những hạng mục nào?","[""Tiền đường Chùa Trấn Quốc"",""Nhà thiêu hương Chùa Trấn Quốc"",""Thượng điện Chùa Trấn Quốc"",""Hành lang tả Chùa Trấn Quốc"",""Hành lang hữu Chùa Trấn Quốc"",""Gác chuông Chùa Trấn Quốc"",""Nhà Tổ Chùa Trấn Quốc"",""Nhà bia Chùa Trấn Quốc"",""Vườn tháp Chùa Trấn Quốc"",""Tượng Thích Ca nhập Niết Bàn Chùa Trấn Quốc"",""Bia năm 1639 Chùa Trấn Quốc"",""Bia năm 1815 Chùa Trấn Quốc""]","[""ARCH_000153"",""ARCH_000154"",""ARCH_000155"",""ARCH_000156"",""ARCH_000157"",""ARCH_000158"",""ARCH_000159"",""ARCH_000160"",""ARCH_000162"",""HOBJ_000046"",""HOBJ_000047"",""HOBJ_000048""]","[[""Tiền đường Chùa Trấn Quốc""],[""Nhà thiêu hương Chùa Trấn Quốc""],[""Thượng điện Chùa Trấn Quốc""],[""Hành lang tả Chùa Trấn Quốc""],[""Hành lang hữu Chùa Trấn Quốc""],[""Gác chuông Chùa Trấn Quốc""],[""Nhà Tổ Chùa Trấn Quốc""],[""Nhà bia Chùa Trấn Quốc""],[""Vườn tháp Chùa Trấn Quốc""],[""Tượng Thích Ca nhập Niết Bàn Chùa Trấn Quốc""],[""Bia năm 1639 Chùa Trấn Quốc""],[""Bia năm 1815 Chùa Trấn Quốc""]]","[""PLACE_000018""]",list,Architecture|HeritageObject,1,"[""HAS_COMPONENT""]","[""EDGE_000722"",""EDGE_000723"",""EDGE_000724"",""EDGE_000725"",""EDGE_000726"",""EDGE_000727"",""EDGE_000728"",""EDGE_000729"",""EDGE_000731"",""EDGE_000733"",""EDGE_000734"",""EDGE_000735""]","[""EVD_000324"",""EVD_000327"",""EVD_000328""]","[""SRC_000108"",""SRC_000110""]",T_LS_HAS_COMPONENT,FACT_HNQ_LS_PLACE_000018_PLACE_000018_HAS_COMPONENT,template,easy,approved,
HNQ_RV_PLACE_000018_PLACE_000018_LOCATED_IN,HNQ_RV_PLACE_000018_PLACE_000018_LOCATED_IN,PLACE_000018,PLACE_000018,PLACE_000018,Chùa Trấn Quốc nằm tại vị trí nào?,"[""Bán đảo Kim Ngưu ở Hồ Tây""]","[""LOCATION_000017""]","[[""Bán đảo Kim Ngưu ở Hồ Tây"",""Đảo Cá Vàng Hồ Tây"",""Đảo Kim Ngưu Hồ Tây""]]","[""PLACE_000018""]",single_hop,Location,1,"[""LOCATED_IN""]","[""EDGE_000719""]","[""EVD_000320""]","[""SRC_000109""]",T_1H_LOCATED_IN,FACT_HNQ_RV_PLACE_000018_PLACE_000018_LOCATED_IN,template,easy,approved,
HNQ_2H_PLACE_000018_T_2H_COMPONENT_BUILT_WITH_MATERIAL_000001,HNQ_2H_PLACE_000018_T_2H_COMPONENT_BUILT_WITH_MATERIAL_000001,PLACE_000018,PLACE_000018,PLACE_000018,Hạng mục nào của Chùa Trấn Quốc được xây dựng bằng Gỗ?,"[""Tượng Thích Ca nhập Niết Bàn Chùa Trấn Quốc""]","[""HOBJ_000046""]","[[""Tượng Thích Ca nhập Niết Bàn Chùa Trấn Quốc""]]","[""PLACE_000018"",""MATERIAL_000001""]",multi_hop,HeritageObject,2,"[""HAS_COMPONENT"",""BUILT_WITH""]","[""EDGE_000733"",""EDGE_000747""]","[""EVD_000327""]","[""SRC_000108""]",T_2H_COMPONENT_BUILT_WITH,FACT_HNQ_2H_PLACE_000018_T_2H_COMPONENT_BUILT_WITH_MATERIAL_000001,template,medium,approved,
HNQ_2H_PLACE_000018_T_2H_COMPONENT_BUILT_WITH_MATERIAL_000002,HNQ_2H_PLACE_000018_T_2H_COMPONENT_BUILT_WITH_MATERIAL_000002,PLACE_000018,PLACE_000018,PLACE_000018,Hạng mục nào của Chùa Trấn Quốc được xây dựng bằng Đá?,"[""Bia năm 1639 Chùa Trấn Quốc""]","[""HOBJ_000047""]","[[""Bia năm 1639 Chùa Trấn Quốc""]]","[""PLACE_000018"",""MATERIAL_000002""]",multi_hop,HeritageObject,2,"[""HAS_COMPONENT"",""BUILT_WITH""]","[""EDGE_000734"",""EDGE_000757""]","[""EVD_000328"",""EVD_000329""]","[""SRC_000108"",""SRC_000110""]",T_2H_COMPONENT_BUILT_WITH,FACT_HNQ_2H_PLACE_000018_T_2H_COMPONENT_BUILT_WITH_MATERIAL_000002,template,medium,approved,
HNQ_2H_PLACE_000018_T_2H_EVENT_LOCATION_all,HNQ_2H_PLACE_000018_T_2H_EVENT_LOCATION_all,PLACE_000018,PLACE_000018,PLACE_000018,Các sự kiện gắn với Chùa Trấn Quốc được ghi nhận là diễn ra tại những đâu?,"[""Năm 1615""]","[""TIME_000071""]","[[""Năm 1615"",""1615""]]","[""PLACE_000018""]",multi_hop,Time,2,"[""HAS_EVENT"",""OCCURRED_IN""]","[""EDGE_000742"",""EDGE_000743""]","[""EVD_000322"",""EVD_000323""]","[""SRC_000109"",""SRC_000110""]",T_2H_EVENT_LOCATION,FACT_HNQ_2H_PLACE_000018_T_2H_EVENT_LOCATION_all,template,medium,approved,
HNQ_1H_PLACE_000018_EDGE_000718,HNQ_1H_PLACE_000018_EDGE_000718,PLACE_000018,PLACE_000018,PLACE_000018,"Theo nguồn đã lưu, Chùa Trấn Quốc có địa chỉ nào?","[""Số 30 đường Thanh Niên, phường Tây Hồ, Hà Nội""]","[""ADDRESS_000016""]","[[""Số 30 đường Thanh Niên, phường Tây Hồ, Hà Nội""]]","[""PLACE_000018""]",single_hop,Address,1,"[""HAS_ADDRESS""]","[""EDGE_000718""]","[""EVD_000319""]","[""SRC_000108""]",T_1H_HAS_ADDRESS,FACT_HNQ_1H_PLACE_000018_EDGE_000718,template,easy,approved,
HNQ_1H_PLACE_000018_EDGE_000720,HNQ_1H_PLACE_000018_EDGE_000720,PLACE_000018,PLACE_000018,PLACE_000018,Chùa Trấn Quốc nằm trong địa danh nào?,"[""Hồ Tây""]","[""PLACE_000019""]","[[""Hồ Tây"",""West Lake""]]","[""PLACE_000018""]",single_hop,Place,1,"[""LOCATED_IN""]","[""EDGE_000720""]","[""EVD_000320""]","[""SRC_000109""]",T_1H_LOCATED_IN,FACT_HNQ_1H_PLACE_000018_EDGE_000720,template,easy,approved,
HNQ_1H_PLACE_000018_EDGE_000739,HNQ_1H_PLACE_000018_EDGE_000739,PLACE_000018,PLACE_000018,PLACE_000018,Chùa Trấn Quốc được khởi dựng ban đầu vào thời điểm nào?,"[""Thế kỷ VI""]","[""TIME_000070""]","[[""Thế kỷ VI"",""Thế kỷ 6""]]","[""PLACE_000018""]",single_hop,Time,1,"[""BUILT_IN""]","[""EDGE_000739""]","[""EVD_000321""]","[""SRC_000110""]",T_1H_BUILT_IN,FACT_HNQ_1H_PLACE_000018_EDGE_000739,template,easy,approved,
HNQ_1H_PLACE_000018_EDGE_000740,HNQ_1H_PLACE_000018_EDGE_000740,PLACE_000018,PLACE_000018,PLACE_000018,Chùa Trấn Quốc được trùng tu hoặc xây dựng lại vào thời điểm nào?,"[""Năm 1815""]","[""TIME_000072""]","[[""Năm 1815"",""1815""]]","[""PLACE_000018""]",single_hop,Time,1,"[""RENOVATED_IN""]","[""EDGE_000740""]","[""EVD_000330""]","[""SRC_000109""]",T_1H_RENOVATED_IN,FACT_HNQ_1H_PLACE_000018_EDGE_000740,template,easy,approved,
HNQ_1H_PLACE_000018_EDGE_000741,HNQ_1H_PLACE_000018_EDGE_000741,PLACE_000018,PLACE_000018,ARCH_000161,Bảo tháp Lục Độ Đài Sen Chùa Trấn Quốc được xây dựng vào thời điểm nào?,"[""Năm 1998""]","[""TIME_000073""]","[[""Năm 1998"",""1998""]]","[""ARCH_000161""]",single_hop,Time,1,"[""BUILT_IN""]","[""EDGE_000741""]","[""EVD_000325""]","[""SRC_000109""]",T_1H_BUILT_IN,FACT_HNQ_1H_PLACE_000018_EDGE_000741,template,easy,approved,
HNQ_1H_PLACE_000018_EDGE_000744,HNQ_1H_PLACE_000018_EDGE_000744,PLACE_000018,PLACE_000018,ARCH_000161,Số tầng của Bảo tháp Lục Độ Đài Sen Chùa Trấn Quốc là bao nhiêu?,"[""11 tầng""]","[""VALUE_000059""]","[[""11 tầng""]]","[""ARCH_000161""]",single_hop,Value,1,"[""HAS_MEASUREMENT""]","[""EDGE_000744""]","[""EVD_000325""]","[""SRC_000109""]",T_1H_HAS_MEASUREMENT,FACT_HNQ_1H_PLACE_000018_EDGE_000744,template,easy,approved,
HNQ_1H_PLACE_000018_EDGE_000745,HNQ_1H_PLACE_000018_EDGE_000745,PLACE_000018,PLACE_000018,ARCH_000161,Bảo tháp Lục Độ Đài Sen Chùa Trấn Quốc cao bao nhiêu?,"[""15 m""]","[""VALUE_000060""]","[[""15 m""]]","[""ARCH_000161""]",single_hop,Value,1,"[""HAS_MEASUREMENT""]","[""EDGE_000745""]","[""EVD_000325""]","[""SRC_000109""]",T_1H_HAS_MEASUREMENT,FACT_HNQ_1H_PLACE_000018_EDGE_000745,template,easy,approved,
HNQ_1H_PLACE_000018_EDGE_000746,HNQ_1H_PLACE_000018_EDGE_000746,PLACE_000018,PLACE_000018,ARCH_000163,Số tầng của Đài sen Cửu Phẩm Liên Hoa Chùa Trấn Quốc là bao nhiêu?,"[""9 tầng""]","[""VALUE_000061""]","[[""9 tầng""]]","[""ARCH_000163""]",single_hop,Value,1,"[""HAS_MEASUREMENT""]","[""EDGE_000746""]","[""EVD_000325""]","[""SRC_000109""]",T_1H_HAS_MEASUREMENT,FACT_HNQ_1H_PLACE_000018_EDGE_000746,template,easy,approved,
HNQ_1H_PLACE_000018_EDGE_000748,HNQ_1H_PLACE_000018_EDGE_000748,PLACE_000018,PLACE_000018,PLACE_000018,Chùa Trấn Quốc được công nhận với danh hiệu nào?,"[""Di tích lịch sử quốc gia""]","[""HSTATUS_000005""]","[[""Di tích lịch sử quốc gia"",""Di tích cấp quốc gia"",""Di tích lịch sử Quốc gia""]]","[""PLACE_000018""]",single_hop,HeritageStatus,1,"[""RECOGNIZED_AS""]","[""EDGE_000748""]","[""EVD_000331""]","[""SRC_000108""]",T_1H_RECOGNIZED_AS,FACT_HNQ_1H_PLACE_000018_EDGE_000748,template,easy,approved,
HNQ_1H_PLACE_000018_EDGE_000749,HNQ_1H_PLACE_000018_EDGE_000749,PLACE_000018,PLACE_000018,PLACE_000018,Thời điểm công nhận di tích lịch sử với Chùa Trấn Quốc là thời điểm nào?,"[""Năm 1962""]","[""TIME_000068""]","[[""Năm 1962"",""1962""]]","[""PLACE_000018""]",single_hop,Time,1,"[""RECOGNIZED_IN""]","[""EDGE_000749""]","[""EVD_000331""]","[""SRC_000108""]",T_1H_RECOGNIZED_IN,FACT_HNQ_1H_PLACE_000018_EDGE_000749,template,easy,approved,
HNQ_1H_PLACE_000018_EDGE_000755,HNQ_1H_PLACE_000018_EDGE_000755,PLACE_000018,PLACE_000018,PLACE_000019,Hồ Tây nằm tại thành phố nào?,"[""Thành phố Hà Nội""]","[""ADMIN_000002""]","[[""Thành phố Hà Nội"",""Hà Nội""]]","[""PLACE_000019""]",single_hop,AdministrativeArea,1,"[""LOCATED_IN""]","[""EDGE_000755""]","[""EVD_000320""]","[""SRC_000109""]",T_1H_LOCATED_IN,FACT_HNQ_1H_PLACE_000018_EDGE_000755,template,easy,approved,
HNQ_1H_PLACE_000018_EDGE_000756,HNQ_1H_PLACE_000018_EDGE_000756,PLACE_000018,PLACE_000018,PLACE_000018,Chùa Trấn Quốc nằm tại thành phố nào?,"[""Thành phố Hà Nội""]","[""ADMIN_000002""]","[[""Thành phố Hà Nội"",""Hà Nội""]]","[""PLACE_000018""]",single_hop,AdministrativeArea,1,"[""LOCATED_IN""]","[""EDGE_000756""]","[""EVD_000320""]","[""SRC_000109""]",T_1H_LOCATED_IN,FACT_HNQ_1H_PLACE_000018_EDGE_000756,template,easy,approved,
HNQ_LS_PLACE_000020_PLACE_000020_HAS_ACTIVITY,HNQ_LS_PLACE_000020_PLACE_000020_HAS_ACTIVITY,PLACE_000020,PLACE_000020,PLACE_000020,"Theo dữ liệu HanoiQA, những hoạt động nào được ghi nhận tại Đền Quán Thánh?","[""Thờ Huyền Thiên Trấn Vũ"",""Lễ hội truyền thống Đền Quán Thánh""]","[""ACTIVITY_000021"",""ACTIVITY_000022""]","[[""Thờ Huyền Thiên Trấn Vũ""],[""Lễ hội truyền thống Đền Quán Thánh"",""Hội đền Quán Thánh""]]","[""PLACE_000020""]",list,Activity,1,"[""HAS_ACTIVITY""]","[""EDGE_000795"",""EDGE_000796""]","[""EVD_000336""]","[""SRC_000112""]",T_LS_HAS_ACTIVITY,FACT_HNQ_LS_PLACE_000020_PLACE_000020_HAS_ACTIVITY,template,easy,approved,
HNQ_LS_PLACE_000020_PLACE_000020_HAS_COMPONENT,HNQ_LS_PLACE_000020_PLACE_000020_HAS_COMPONENT,PLACE_000020,PLACE_000020,PLACE_000020,"Theo dữ liệu HanoiQA, Đền Quán Thánh có những hạng mục nào?","[""Tam quan Đền Quán Thánh"",""Sân trước Đền Quán Thánh"",""Tiền tế Đền Quán Thánh"",""Trung tế Đền Quán Thánh"",""Hậu cung Đền Quán Thánh"",""Nghi môn tứ trụ Đền Quán Thánh"",""Tượng Huyền Thiên Trấn Vũ Đền Quán Thánh"",""Bia trùng tu quán Trấn Vũ năm 1857 Đền Quán Thánh"",""Bia quán Chân Vũ năm 1893 Đền Quán Thánh"",""Biển đồng Đề Chân Vũ quán năm 1842 Đền Quán Thánh""]","[""ARCH_000164"",""ARCH_000165"",""ARCH_000166"",""ARCH_000167"",""ARCH_000168"",""ARCH_000169"",""HOBJ_000050"",""HOBJ_000052"",""HOBJ_000053"",""HOBJ_000054""]","[[""Tam quan Đền Quán Thánh""],[""Sân trước Đền Quán Thánh""],[""Tiền tế Đền Quán Thánh""],[""Trung tế Đền Quán Thánh""],[""Hậu cung Đền Quán Thánh""],[""Nghi môn tứ trụ Đền Quán Thánh""],[""Tượng Huyền Thiên Trấn Vũ Đền Quán Thánh""],[""Bia trùng tu quán Trấn Vũ năm 1857 Đền Quán Thánh""],[""Bia quán Chân Vũ năm 1893 Đền Quán Thánh""],[""Biển đồng Đề Chân Vũ quán năm 1842 Đền Quán Thánh""]]","[""PLACE_000020""]",list,Architecture|HeritageObject,1,"[""HAS_COMPONENT""]","[""EDGE_000763"",""EDGE_000764"",""EDGE_000765"",""EDGE_000766"",""EDGE_000767"",""EDGE_000768"",""EDGE_000769"",""EDGE_000771"",""EDGE_000772"",""EDGE_000773""]","[""EVD_000335"",""EVD_000338"",""EVD_000341"",""EVD_000340"",""EVD_000339""]","[""SRC_000112"",""SRC_000113"",""SRC_000114""]",T_LS_HAS_COMPONENT,FACT_HNQ_LS_PLACE_000020_PLACE_000020_HAS_COMPONENT,template,easy,approved,
HNQ_RV_PLACE_000020_PLACE_000020_RENOVATED_IN,HNQ_RV_PLACE_000020_PLACE_000020_RENOVATED_IN,PLACE_000020,PLACE_000020,PLACE_000020,Đền Quán Thánh được trùng tu hoặc xây dựng lại vào thời điểm nào?,"[""Năm 1618"",""Năm 1677"",""Năm 1768"",""Năm 1836"",""Năm 1843"",""Năm 1893"",""Năm 1941""]","[""TIME_000074"",""TIME_000075"",""TIME_000076"",""TIME_000077"",""TIME_000078"",""TIME_000079"",""TIME_000080""]","[[""Năm 1618"",""1618""],[""Năm 1677"",""1677""],[""Năm 1768"",""1768""],[""Năm 1836"",""1836""],[""Năm 1843"",""1843""],[""Năm 1893"",""1893""],[""Năm 1941"",""1941""]]","[""PLACE_000020""]",list,Time,1,"[""RENOVATED_IN""]","[""EDGE_000774"",""EDGE_000775"",""EDGE_000776"",""EDGE_000777"",""EDGE_000778"",""EDGE_000779"",""EDGE_000780""]","[""EVD_000334""]","[""SRC_000112""]",T_1H_RENOVATED_IN,FACT_HNQ_RV_PLACE_000020_PLACE_000020_RENOVATED_IN,template,easy,approved,
HNQ_2H_PLACE_000020_T_2H_COMPONENT_BUILT_WITH_MATERIAL_000002,HNQ_2H_PLACE_000020_T_2H_COMPONENT_BUILT_WITH_MATERIAL_000002,PLACE_000020,PLACE_000020,PLACE_000020,Hạng mục nào của Đền Quán Thánh được xây dựng bằng Đá?,"[""Bia trùng tu quán Trấn Vũ năm 1857 Đền Quán Thánh"",""Bia quán Chân Vũ năm 1893 Đền Quán Thánh""]","[""HOBJ_000052"",""HOBJ_000053""]","[[""Bia trùng tu quán Trấn Vũ năm 1857 Đền Quán Thánh""],[""Bia quán Chân Vũ năm 1893 Đền Quán Thánh""]]","[""PLACE_000020"",""MATERIAL_000002""]",multi_hop,HeritageObject,2,"[""HAS_COMPONENT"",""BUILT_WITH""]","[""EDGE_000771"",""EDGE_000793"",""EDGE_000772"",""EDGE_000794""]","[""EVD_000340""]","[""SRC_000113""]",T_2H_COMPONENT_BUILT_WITH,FACT_HNQ_2H_PLACE_000020_T_2H_COMPONENT_BUILT_WITH_MATERIAL_000002,template,medium,approved,
HNQ_2H_PLACE_000020_T_2H_COMPONENT_BUILT_WITH_MATERIAL_000011,HNQ_2H_PLACE_000020_T_2H_COMPONENT_BUILT_WITH_MATERIAL_000011,PLACE_000020,PLACE_000020,PLACE_000020,Hạng mục nào của Đền Quán Thánh được xây dựng bằng Đồng?,"[""Tượng Huyền Thiên Trấn Vũ Đền Quán Thánh"",""Biển đồng Đề Chân Vũ quán năm 1842 Đền Quán Thánh""]","[""HOBJ_000050"",""HOBJ_000054""]","[[""Tượng Huyền Thiên Trấn Vũ Đền Quán Thánh""],[""Biển đồng Đề Chân Vũ quán năm 1842 Đền Quán Thánh""]]","[""PLACE_000020"",""MATERIAL_000011""]",multi_hop,HeritageObject,2,"[""HAS_COMPONENT"",""BUILT_WITH""]","[""EDGE_000769"",""EDGE_000787"",""EDGE_000773"",""EDGE_000792""]","[""EVD_000341"",""EVD_000339""]","[""SRC_000113""]",T_2H_COMPONENT_BUILT_WITH,FACT_HNQ_2H_PLACE_000020_T_2H_COMPONENT_BUILT_WITH_MATERIAL_000011,template,medium,approved,
HNQ_1H_PLACE_000020_EDGE_000758,HNQ_1H_PLACE_000020_EDGE_000758,PLACE_000020,PLACE_000020,PLACE_000020,"Theo nguồn đã lưu, Đền Quán Thánh có địa chỉ nào?","[""Số 194 phố Quán Thánh, phường Ba Đình, Hà Nội""]","[""ADDRESS_000017""]","[[""Số 194 phố Quán Thánh, phường Ba Đình, Hà Nội""]]","[""PLACE_000020""]",single_hop,Address,1,"[""HAS_ADDRESS""]","[""EDGE_000758""]","[""EVD_000332""]","[""SRC_000112""]",T_1H_HAS_ADDRESS,FACT_HNQ_1H_PLACE_000020_EDGE_000758,template,easy,approved,
HNQ_1H_PLACE_000020_EDGE_000759,HNQ_1H_PLACE_000020_EDGE_000759,PLACE_000020,PLACE_000020,PLACE_000020,Đền Quán Thánh nằm tại vị trí nào?,"[""Phố Quán Thánh""]","[""LOCATION_000018""]","[[""Phố Quán Thánh""]]","[""PLACE_000020""]",single_hop,Location,1,"[""LOCATED_IN""]","[""EDGE_000759""]","[""EVD_000332""]","[""SRC_000112""]",T_1H_LOCATED_IN,FACT_HNQ_1H_PLACE_000020_EDGE_000759,template,easy,approved,
HNQ_1H_PLACE_000020_EDGE_000760,HNQ_1H_PLACE_000020_EDGE_000760,PLACE_000020,PLACE_000020,PLACE_000020,Đền Quán Thánh nằm tại phường nào?,"[""Phường Ba Đình""]","[""ADMIN_000001""]","[[""Phường Ba Đình""]]","[""PLACE_000020""]",single_hop,AdministrativeArea,1,"[""LOCATED_IN""]","[""EDGE_000760""]","[""EVD_000332""]","[""SRC_000112""]",T_1H_LOCATED_IN,FACT_HNQ_1H_PLACE_000020_EDGE_000760,template,easy,approved,
HNQ_1H_PLACE_000020_EDGE_000761,HNQ_1H_PLACE_000020_EDGE_000761,PLACE_000020,PLACE_000020,PLACE_000020,Đền Quán Thánh nằm tại thành phố nào?,"[""Thành phố Hà Nội""]","[""ADMIN_000002""]","[[""Thành phố Hà Nội"",""Hà Nội""]]","[""PLACE_000020""]",single_hop,AdministrativeArea,1,"[""LOCATED_IN""]","[""EDGE_000761""]","[""EVD_000332""]","[""SRC_000112""]",T_1H_LOCATED_IN,FACT_HNQ_1H_PLACE_000020_EDGE_000761,template,easy,approved,
HNQ_1H_PLACE_000020_EDGE_000781,HNQ_1H_PLACE_000020_EDGE_000781,PLACE_000020,PLACE_000020,PLACE_000020,Đền Quán Thánh được khởi dựng ban đầu vào thời điểm nào?,"[""Thế kỷ XI""]","[""TIME_000081""]","[[""Thế kỷ XI"",""Thế kỷ 11""]]","[""PLACE_000020""]",single_hop,Time,1,"[""BUILT_IN""]","[""EDGE_000781""]","[""EVD_000333""]","[""SRC_000112""]",T_1H_BUILT_IN,FACT_HNQ_1H_PLACE_000020_EDGE_000781,template,easy,approved,
HNQ_1H_PLACE_000020_EDGE_000783,HNQ_1H_PLACE_000020_EDGE_000783,PLACE_000020,PLACE_000020,PLACE_000020,Đền Quán Thánh được công nhận với danh hiệu nào?,"[""Di tích quốc gia đặc biệt""]","[""HSTATUS_000003""]","[[""Di tích quốc gia đặc biệt"",""Di tích Quốc gia đặc biệt""]]","[""PLACE_000020""]",single_hop,HeritageStatus,1,"[""RECOGNIZED_AS""]","[""EDGE_000783""]","[""EVD_000343""]","[""SRC_000115""]",T_1H_RECOGNIZED_AS,FACT_HNQ_1H_PLACE_000020_EDGE_000783,template,easy,approved,
HNQ_1H_PLACE_000020_EDGE_000784,HNQ_1H_PLACE_000020_EDGE_000784,PLACE_000020,PLACE_000020,PLACE_000020,Thời điểm công nhận di tích quốc gia với Đền Quán Thánh là thời điểm nào?,"[""Ngày 18 tháng 1 năm 2022""]","[""TIME_000082""]","[[""Ngày 18 tháng 1 năm 2022"",""18/01/2022"",""2022-01-18""]]","[""PLACE_000020""]",single_hop,Time,1,"[""RECOGNIZED_IN""]","[""EDGE_000784""]","[""EVD_000343""]","[""SRC_000115""]",T_1H_RECOGNIZED_IN,FACT_HNQ_1H_PLACE_000020_EDGE_000784,template,easy,approved,
HNQ_1H_PLACE_000020_EDGE_000785,HNQ_1H_PLACE_000020_EDGE_000785,PLACE_000020,PLACE_000020,HOBJ_000050,Tượng Huyền Thiên Trấn Vũ Đền Quán Thánh được công nhận với danh hiệu nào?,"[""Bảo vật quốc gia""]","[""HSTATUS_000004""]","[[""Bảo vật quốc gia"",""Bảo vật Quốc gia""]]","[""HOBJ_000050""]",single_hop,HeritageStatus,1,"[""RECOGNIZED_AS""]","[""EDGE_000785""]","[""EVD_000344""]","[""SRC_000116""]",T_1H_RECOGNIZED_AS,FACT_HNQ_1H_PLACE_000020_EDGE_000785,template,easy,approved,
HNQ_1H_PLACE_000020_EDGE_000786,HNQ_1H_PLACE_000020_EDGE_000786,PLACE_000020,PLACE_000020,HOBJ_000050,Thời điểm công nhận bảo vật quốc gia với Tượng Huyền Thiên Trấn Vũ Đền Quán Thánh là thời điểm nào?,"[""Ngày 22 tháng 12 năm 2016""]","[""TIME_000083""]","[[""Ngày 22 tháng 12 năm 2016"",""22/12/2016"",""2016-12-22""]]","[""HOBJ_000050""]",single_hop,Time,1,"[""RECOGNIZED_IN""]","[""EDGE_000786""]","[""EVD_000344""]","[""SRC_000116""]",T_1H_RECOGNIZED_IN,FACT_HNQ_1H_PLACE_000020_EDGE_000786,template,easy,approved,
HNQ_LS_PLACE_000021_ARCH_000170_HAS_COMPONENT,HNQ_LS_PLACE_000021_ARCH_000170_HAS_COMPONENT,PLACE_000021,PLACE_000021,ARCH_000170,"Theo dữ liệu HanoiQA, Phủ chính Phủ Tây Hồ có những hạng mục nào?","[""Tiền tế Phủ Tây Hồ"",""Trung tế Phủ Tây Hồ"",""Hậu cung Phủ Tây Hồ"",""Tượng Ngọc Hoàng Phủ Tây Hồ"",""Hoành phi Mẫu nghi thiên hạ Phủ Tây Hồ""]","[""ARCH_000171"",""ARCH_000172"",""ARCH_000173"",""HOBJ_000059"",""HOBJ_000063""]","[[""Tiền tế Phủ Tây Hồ""],[""Trung tế Phủ Tây Hồ""],[""Hậu cung Phủ Tây Hồ""],[""Tượng Ngọc Hoàng Phủ Tây Hồ""],[""Hoành phi Mẫu nghi thiên hạ Phủ Tây Hồ""]]","[""ARCH_000170""]",list,Architecture|HeritageObject,1,"[""HAS_COMPONENT""]","[""EDGE_000805"",""EDGE_000806"",""EDGE_000807"",""EDGE_000837"",""EDGE_000829""]","[""EVD_000347"",""EVD_000352"",""EVD_000357"",""EVD_000354""]","[""SRC_000117"",""SRC_000119"",""SRC_000120""]",T_LS_HAS_COMPONENT,FACT_HNQ_LS_PLACE_000021_ARCH_000170_HAS_COMPONENT,template,easy,approved,
HNQ_LS_PLACE_000021_ARCH_000174_BUILT_WITH,HNQ_LS_PLACE_000021_ARCH_000174_BUILT_WITH,PLACE_000021,PLACE_000021,ARCH_000174,Điện Sơn Trang Phủ Tây Hồ được ghi nhận là được xây dựng bằng những vật liệu nào?,"[""Gỗ"",""Bê tông""]","[""MATERIAL_000001"",""MATERIAL_000012""]","[[""Gỗ""],[""Bê tông""]]","[""ARCH_000174""]",list,Material,1,"[""BUILT_WITH""]","[""EDGE_000825"",""EDGE_000824""]","[""EVD_000348""]","[""SRC_000117""]",T_LS_BUILT_WITH,FACT_HNQ_LS_PLACE_000021_ARCH_000174_BUILT_WITH,template,easy,approved,
HNQ_LS_PLACE_000021_PLACE_000021_HAS_ACTIVITY,HNQ_LS_PLACE_000021_PLACE_000021_HAS_ACTIVITY,PLACE_000021,PLACE_000021,PLACE_000021,"Theo dữ liệu HanoiQA, những hoạt động nào được ghi nhận tại Phủ Tây Hồ?","[""Cầu bình an"",""Thờ Mẫu"",""Lễ hội Phủ Tây Hồ""]","[""ACTIVITY_000020"",""ACTIVITY_000023"",""ACTIVITY_000024""]","[[""Cầu bình an""],[""Thờ Mẫu"",""Thực hành tín ngưỡng thờ Mẫu""],[""Lễ hội Phủ Tây Hồ""]]","[""PLACE_000021""]",list,Activity,1,"[""HAS_ACTIVITY""]","[""EDGE_000835"",""EDGE_000827"",""EDGE_000828""]","[""EVD_000353"",""EVD_000351""]","[""SRC_000118"",""SRC_000119""]",T_LS_HAS_ACTIVITY,FACT_HNQ_LS_PLACE_000021_PLACE_000021_HAS_ACTIVITY,template,easy,approved,
HNQ_LS_PLACE_000021_PLACE_000021_HAS_COMPONENT,HNQ_LS_PLACE_000021_PLACE_000021_HAS_COMPONENT,PLACE_000021,PLACE_000021,PLACE_000021,"Theo dữ liệu HanoiQA, Phủ Tây Hồ có những hạng mục nào?","[""Phủ chính Phủ Tây Hồ"",""Điện Sơn Trang Phủ Tây Hồ"",""Tam quan Phủ Tây Hồ"",""Phương đình Phủ Tây Hồ"",""Lầu Cô Phủ Tây Hồ"",""Lầu Cậu Phủ Tây Hồ"",""Nhóm bài vị Phủ Tây Hồ"",""Nhóm bát hương Phủ Tây Hồ"",""Nhóm chuông Phủ Tây Hồ"",""Kiệu bát cống Phủ Tây Hồ"",""Tượng Ngọc Hoàng Phủ Tây Hồ"",""Tượng Nam Tào Phủ Tây Hồ"",""Tượng Bắc Đẩu Phủ Tây Hồ"",""Tượng Mẫu Thượng Ngàn Phủ Tây Hồ""]","[""ARCH_000170"",""ARCH_000174"",""ARCH_000175"",""ARCH_000176"",""ARCH_000177"",""ARCH_000178"",""HOBJ_000055"",""HOBJ_000056"",""HOBJ_000057"",""HOBJ_000058"",""HOBJ_000059"",""HOBJ_000060"",""HOBJ_000061"",""HOBJ_000062""]","[[""Phủ chính Phủ Tây Hồ""],[""Điện Sơn Trang Phủ Tây Hồ""],[""Tam quan Phủ Tây Hồ""],[""Phương đình Phủ Tây Hồ""],[""Lầu Cô Phủ Tây Hồ""],[""Lầu Cậu Phủ Tây Hồ""],[""Nhóm bài vị Phủ Tây Hồ""],[""Nhóm bát hương Phủ Tây Hồ""],[""Nhóm chuông Phủ Tây Hồ""],[""Kiệu bát cống Phủ Tây Hồ""],[""Tượng Ngọc Hoàng Phủ Tây Hồ""],[""Tượng Nam Tào Phủ Tây Hồ""],[""Tượng Bắc Đẩu Phủ Tây Hồ""],[""Tượng Mẫu Thượng Ngàn Phủ Tây Hồ""]]","[""PLACE_000021""]",list,Architecture|HeritageObject,1,"[""HAS_COMPONENT""]","[""EDGE_000804"",""EDGE_000808"",""EDGE_000809"",""EDGE_000810"",""EDGE_000811"",""EDGE_000812"",""EDGE_000813"",""EDGE_000814"",""EDGE_000815"",""EDGE_000816"",""EDGE_000817"",""EDGE_000818"",""EDGE_000819"",""EDGE_000820""]","[""EVD_000347"",""EVD_000352"",""EVD_000349""]","[""SRC_000117"",""SRC_000119""]",T_LS_HAS_COMPONENT,FACT_HNQ_LS_PLACE_000021_PLACE_000021_HAS_COMPONENT,template,easy,approved,
HNQ_RV_PLACE_000021_PLACE_000021_LOCATED_IN,HNQ_RV_PLACE_000021_PLACE_000021_LOCATED_IN,PLACE_000021,PLACE_000021,PLACE_000021,Phủ Tây Hồ nằm trên phố nào?,"[""Phố Đặng Thai Mai""]","[""LOCATION_000019""]","[[""Phố Đặng Thai Mai"",""Đường Đặng Thai Mai""]]","[""PLACE_000021""]",single_hop,Location,1,"[""LOCATED_IN""]","[""EDGE_000799""]","[""EVD_000345""]","[""SRC_000117""]",T_1H_LOCATED_IN,FACT_HNQ_RV_PLACE_000021_PLACE_000021_LOCATED_IN,template,easy,approved,
HNQ_2H_PLACE_000021_T_2H_COMPONENT_BUILT_WITH_MATERIAL_000001,HNQ_2H_PLACE_000021_T_2H_COMPONENT_BUILT_WITH_MATERIAL_000001,PLACE_000021,PLACE_000021,PLACE_000021,Hạng mục nào của Phủ Tây Hồ được xây dựng bằng Gỗ?,"[""Điện Sơn Trang Phủ Tây Hồ""]","[""ARCH_000174""]","[[""Điện Sơn Trang Phủ Tây Hồ""]]","[""PLACE_000021"",""MATERIAL_000001""]",multi_hop,Architecture,2,"[""HAS_COMPONENT"",""BUILT_WITH""]","[""EDGE_000808"",""EDGE_000825""]","[""EVD_000352"",""EVD_000348""]","[""SRC_000117"",""SRC_000119""]",T_2H_COMPONENT_BUILT_WITH,FACT_HNQ_2H_PLACE_000021_T_2H_COMPONENT_BUILT_WITH_MATERIAL_000001,template,medium,approved,
HNQ_2H_PLACE_000021_T_2H_COMPONENT_BUILT_WITH_MATERIAL_000011,HNQ_2H_PLACE_000021_T_2H_COMPONENT_BUILT_WITH_MATERIAL_000011,PLACE_000021,PLACE_000021,PLACE_000021,Hạng mục nào của Phủ Tây Hồ được xây dựng bằng Đồng?,"[""Nhóm chuông Phủ Tây Hồ""]","[""HOBJ_000057""]","[[""Nhóm chuông Phủ Tây Hồ""]]","[""PLACE_000021"",""MATERIAL_000011""]",multi_hop,HeritageObject,2,"[""HAS_COMPONENT"",""BUILT_WITH""]","[""EDGE_000815"",""EDGE_000834""]","[""EVD_000349"",""EVD_000355""]","[""SRC_000117"",""SRC_000120""]",T_2H_COMPONENT_BUILT_WITH,FACT_HNQ_2H_PLACE_000021_T_2H_COMPONENT_BUILT_WITH_MATERIAL_000011,template,medium,approved,
HNQ_2H_PLACE_000021_T_2H_COMPONENT_BUILT_WITH_MATERIAL_000012,HNQ_2H_PLACE_000021_T_2H_COMPONENT_BUILT_WITH_MATERIAL_000012,PLACE_000021,PLACE_000021,PLACE_000021,Hạng mục nào của Phủ Tây Hồ được xây dựng bằng Bê tông?,"[""Phủ chính Phủ Tây Hồ"",""Điện Sơn Trang Phủ Tây Hồ""]","[""ARCH_000170"",""ARCH_000174""]","[[""Phủ chính Phủ Tây Hồ""],[""Điện Sơn Trang Phủ Tây Hồ""]]","[""PLACE_000021"",""MATERIAL_000012""]",multi_hop,Architecture,2,"[""HAS_COMPONENT"",""BUILT_WITH""]","[""EDGE_000804"",""EDGE_000831"",""EDGE_000808"",""EDGE_000824""]","[""EVD_000347"",""EVD_000352"",""EVD_000348""]","[""SRC_000117"",""SRC_000119""]",T_2H_COMPONENT_BUILT_WITH,FACT_HNQ_2H_PLACE_000021_T_2H_COMPONENT_BUILT_WITH_MATERIAL_000012,template,medium,approved,
HNQ_2H_PLACE_000021_T_2H_COMPONENT_STYLE_ASTYLE_000010,HNQ_2H_PLACE_000021_T_2H_COMPONENT_STYLE_ASTYLE_000010,PLACE_000021,PLACE_000021,PLACE_000021,Hạng mục nào của Phủ Tây Hồ mang phong cách Bố cục chữ tam?,"[""Phủ chính Phủ Tây Hồ""]","[""ARCH_000170""]","[[""Phủ chính Phủ Tây Hồ""]]","[""PLACE_000021"",""ASTYLE_000010""]",multi_hop,Architecture,2,"[""HAS_COMPONENT"",""HAS_ARCHITECTURAL_STYLE""]","[""EDGE_000804"",""EDGE_000826""]","[""EVD_000347""]","[""SRC_000117""]",T_2H_COMPONENT_STYLE,FACT_HNQ_2H_PLACE_000021_T_2H_COMPONENT_STYLE_ASTYLE_000010,template,medium,approved,
HNQ_2H_PLACE_000021_T_2H_COMPONENT_USED_FOR_ACTIVITY_000023,HNQ_2H_PLACE_000021_T_2H_COMPONENT_USED_FOR_ACTIVITY_000023,PLACE_000021,PLACE_000021,PLACE_000021,Hạng mục nào của Phủ Tây Hồ từng được sử dụng để Thờ Mẫu?,"[""Phủ chính Phủ Tây Hồ"",""Điện Sơn Trang Phủ Tây Hồ""]","[""ARCH_000170"",""ARCH_000174""]","[[""Phủ chính Phủ Tây Hồ""],[""Điện Sơn Trang Phủ Tây Hồ""]]","[""PLACE_000021"",""ACTIVITY_000023""]",multi_hop,Architecture,2,"[""HAS_COMPONENT"",""USED_FOR""]","[""EDGE_000804"",""EDGE_000832"",""EDGE_000808"",""EDGE_000833""]","[""EVD_000347"",""EVD_000351"",""EVD_000352"",""EVD_000348""]","[""SRC_000117"",""SRC_000118"",""SRC_000119""]",T_2H_COMPONENT_USED_FOR,FACT_HNQ_2H_PLACE_000021_T_2H_COMPONENT_USED_FOR_ACTIVITY_000023,template,medium,approved,
HNQ_1H_PLACE_000021_EDGE_000798,HNQ_1H_PLACE_000021_EDGE_000798,PLACE_000021,PLACE_000021,PLACE_000021,"Theo nguồn đã lưu, Phủ Tây Hồ có địa chỉ nào?","[""Số 71 ngõ 50 Đặng Thai Mai, phường Tây Hồ, Hà Nội""]","[""ADDRESS_000018""]","[[""Số 71 ngõ 50 Đặng Thai Mai, phường Tây Hồ, Hà Nội""]]","[""PLACE_000021""]",single_hop,Address,1,"[""HAS_ADDRESS""]","[""EDGE_000798""]","[""EVD_000345""]","[""SRC_000117""]",T_1H_HAS_ADDRESS,FACT_HNQ_1H_PLACE_000021_EDGE_000798,template,easy,approved,
HNQ_1H_PLACE_000021_EDGE_000800,HNQ_1H_PLACE_000021_EDGE_000800,PLACE_000021,PLACE_000021,PLACE_000021,Phủ Tây Hồ nằm tại phường nào?,"[""Phường Tây Hồ""]","[""ADMIN_000008""]","[[""Phường Tây Hồ""]]","[""PLACE_000021""]",single_hop,AdministrativeArea,1,"[""LOCATED_IN""]","[""EDGE_000800""]","[""EVD_000345""]","[""SRC_000117""]",T_1H_LOCATED_IN,FACT_HNQ_1H_PLACE_000021_EDGE_000800,template,easy,approved,
HNQ_1H_PLACE_000021_EDGE_000801,HNQ_1H_PLACE_000021_EDGE_000801,PLACE_000021,PLACE_000021,PLACE_000021,Phủ Tây Hồ nằm tại thành phố nào?,"[""Thành phố Hà Nội""]","[""ADMIN_000002""]","[[""Thành phố Hà Nội"",""Hà Nội""]]","[""PLACE_000021""]",single_hop,AdministrativeArea,1,"[""LOCATED_IN""]","[""EDGE_000801""]","[""EVD_000345""]","[""SRC_000117""]",T_1H_LOCATED_IN,FACT_HNQ_1H_PLACE_000021_EDGE_000801,template,easy,approved,
HNQ_1H_PLACE_000021_EDGE_000821,HNQ_1H_PLACE_000021_EDGE_000821,PLACE_000021,PLACE_000021,PLACE_000021,Phủ Tây Hồ được công nhận với danh hiệu nào?,"[""Di tích nghệ thuật cấp quốc gia""]","[""HSTATUS_000006""]","[[""Di tích nghệ thuật cấp quốc gia""]]","[""PLACE_000021""]",single_hop,HeritageStatus,1,"[""RECOGNIZED_AS""]","[""EDGE_000821""]","[""EVD_000350""]","[""SRC_000117""]",T_1H_RECOGNIZED_AS,FACT_HNQ_1H_PLACE_000021_EDGE_000821,template,easy,approved,
HNQ_1H_PLACE_000021_EDGE_000822,HNQ_1H_PLACE_000021_EDGE_000822,PLACE_000021,PLACE_000021,PLACE_000021,Thời điểm công nhận di tích nghệ thuật cấp quốc gia với Phủ Tây Hồ là thời điểm nào?,"[""Ngày 13 tháng 2 năm 1996""]","[""TIME_000084""]","[[""Ngày 13 tháng 2 năm 1996"",""13/02/1996"",""1996-02-13""]]","[""PLACE_000021""]",single_hop,Time,1,"[""RECOGNIZED_IN""]","[""EDGE_000822""]","[""EVD_000350"",""EVD_000356""]","[""SRC_000117"",""SRC_000120""]",T_1H_RECOGNIZED_IN,FACT_HNQ_1H_PLACE_000021_EDGE_000822,template,easy,approved,
HNQ_1H_PLACE_000021_EDGE_000823,HNQ_1H_PLACE_000021_EDGE_000823,PLACE_000021,PLACE_000021,ARCH_000174,Điện Sơn Trang Phủ Tây Hồ được trùng tu hoặc xây dựng lại vào thời điểm nào?,"[""Năm 2006""]","[""TIME_000085""]","[[""Năm 2006"",""2006""]]","[""ARCH_000174""]",single_hop,Time,1,"[""RENOVATED_IN""]","[""EDGE_000823""]","[""EVD_000348""]","[""SRC_000117""]",T_1H_RENOVATED_IN,FACT_HNQ_1H_PLACE_000021_EDGE_000823,template,easy,approved,
HNQ_1H_PLACE_000021_EDGE_000826,HNQ_1H_PLACE_000021_EDGE_000826,PLACE_000021,PLACE_000021,ARCH_000170,Phủ chính Phủ Tây Hồ mang phong cách kiến trúc nào?,"[""Bố cục chữ tam""]","[""ASTYLE_000010""]","[[""Bố cục chữ tam""]]","[""ARCH_000170""]",single_hop,ArchitecturalStyle,1,"[""HAS_ARCHITECTURAL_STYLE""]","[""EDGE_000826""]","[""EVD_000347""]","[""SRC_000117""]",T_1H_HAS_ARCHITECTURAL_STYLE,FACT_HNQ_1H_PLACE_000021_EDGE_000826,template,easy,approved,
HNQ_LS_PLACE_000022_ARCH_000183_HAS_COMPONENT,HNQ_LS_PLACE_000022_ARCH_000183_HAS_COMPONENT,PLACE_000022,PLACE_000022,ARCH_000183,"Theo dữ liệu HanoiQA, Cặp tháp chuông Nhà Thờ Lớn Hà Nội có những hạng mục nào?","[""Bộ năm quả chuông Nhà Thờ Lớn Hà Nội"",""Đồng hồ ba mặt Nhà Thờ Lớn Hà Nội""]","[""HOBJ_000064"",""HOBJ_000065""]","[[""Bộ năm quả chuông Nhà Thờ Lớn Hà Nội""],[""Đồng hồ ba mặt Nhà Thờ Lớn Hà Nội""]]","[""ARCH_000183""]",list,HeritageObject,1,"[""HAS_COMPONENT""]","[""EDGE_000852"",""EDGE_000853""]","[""EVD_000365""]","[""SRC_000124""]",T_LS_HAS_COMPONENT,FACT_HNQ_LS_PLACE_000022_ARCH_000183_HAS_COMPONENT,template,easy,approved,
HNQ_LS_PLACE_000022_PLACE_000022_HAS_COMPONENT,HNQ_LS_PLACE_000022_PLACE_000022_HAS_COMPONENT,PLACE_000022,PLACE_000022,PLACE_000022,"Theo dữ liệu HanoiQA, Nhà Thờ Lớn Hà Nội có những hạng mục nào?","[""Mặt đứng chính Nhà Thờ Lớn Hà Nội"",""Lòng nhà thờ Nhà Thờ Lớn Hà Nội"",""Cung thánh Nhà Thờ Lớn Hà Nội"",""Phòng thánh Nhà Thờ Lớn Hà Nội"",""Cặp tháp chuông Nhà Thờ Lớn Hà Nội"",""Hệ mái vòm uốn cong Nhà Thờ Lớn Hà Nội"",""Bàn thờ Đức Mẹ Nhà Thờ Lớn Hà Nội"",""Bàn thờ Trái Tim Nhà Thờ Lớn Hà Nội"",""Nhóm tranh kính màu Nhà Thờ Lớn Hà Nội"",""Nhóm màn gỗ chạm Nhà Thờ Lớn Hà Nội"",""Đại phong cầm Nhà Thờ Lớn Hà Nội""]","[""ARCH_000179"",""ARCH_000180"",""ARCH_000181"",""ARCH_000182"",""ARCH_000183"",""ARCH_000184"",""ARCH_000185"",""ARCH_000186"",""HOBJ_000066"",""HOBJ_000067"",""HOBJ_000068""]","[[""Mặt đứng chính Nhà Thờ Lớn Hà Nội""],[""Lòng nhà thờ Nhà Thờ Lớn Hà Nội""],[""Cung thánh Nhà Thờ Lớn Hà Nội""],[""Phòng thánh Nhà Thờ Lớn Hà Nội""],[""Cặp tháp chuông Nhà Thờ Lớn Hà Nội""],[""Hệ mái vòm uốn cong Nhà Thờ Lớn Hà Nội""],[""Bàn thờ Đức Mẹ Nhà Thờ Lớn Hà Nội""],[""Bàn thờ Trái Tim Nhà Thờ Lớn Hà Nội""],[""Nhóm tranh kính màu Nhà Thờ Lớn Hà Nội""],[""Nhóm màn gỗ chạm Nhà Thờ Lớn Hà Nội""],[""Đại phong cầm Nhà Thờ Lớn Hà Nội""]]","[""PLACE_000022""]",list,Architecture|HeritageObject,1,"[""HAS_COMPONENT""]","[""EDGE_000844"",""EDGE_000845"",""EDGE_000846"",""EDGE_000847"",""EDGE_000848"",""EDGE_000849"",""EDGE_000850"",""EDGE_000851"",""EDGE_000854"",""EDGE_000855"",""EDGE_000856""]","[""EVD_000364"",""EVD_000365""]","[""SRC_000124""]",T_LS_HAS_COMPONENT,FACT_HNQ_LS_PLACE_000022_PLACE_000022_HAS_COMPONENT,template,easy,approved,
HNQ_LS_PLACE_000022_PLACE_000022_HAS_EVENT,HNQ_LS_PLACE_000022_PLACE_000022_HAS_EVENT,PLACE_000022,PLACE_000022,PLACE_000022,Những sự kiện nào được ghi nhận là gắn với Nhà Thờ Lớn Hà Nội?,"[""Thánh lễ đầu tiên tại Nhà Thờ Lớn Hà Nội"",""Lễ khánh thành chính thức Nhà Thờ Lớn Hà Nội"",""Nhà Thờ Lớn Hà Nội trở thành nhà thờ chính tòa""]","[""EVENT_000038"",""EVENT_000039"",""EVENT_000040""]","[[""Thánh lễ đầu tiên tại Nhà Thờ Lớn Hà Nội""],[""Lễ khánh thành chính thức Nhà Thờ Lớn Hà Nội""],[""Nhà Thờ Lớn Hà Nội trở thành nhà thờ chính tòa""]]","[""PLACE_000022""]",list,Event,1,"[""HAS_EVENT""]","[""EDGE_000863"",""EDGE_000865"",""EDGE_000867""]","[""EVD_000361"",""EVD_000362"",""EVD_000363""]","[""SRC_000121""]",T_LS_HAS_EVENT,FACT_HNQ_LS_PLACE_000022_PLACE_000022_HAS_EVENT,template,easy,approved,
HNQ_RV_PLACE_000022_PLACE_000022_RENOVATED_IN,HNQ_RV_PLACE_000022_PLACE_000022_RENOVATED_IN,PLACE_000022,PLACE_000022,PLACE_000022,Nhà Thờ Lớn Hà Nội được trùng tu hoặc xây dựng lại vào thời điểm nào?,"[""Năm 1999"",""Giai đoạn 2013–2014"",""Năm 2022""]","[""TIME_000090"",""TIME_000091"",""TIME_000093""]","[[""Năm 1999"",""1999""],[""Giai đoạn 2013–2014"",""2013-2014""],[""Năm 2022"",""2022""]]","[""PLACE_000022""]",list,Time,1,"[""RENOVATED_IN""]","[""EDGE_000869"",""EDGE_000870"",""EDGE_000872""]","[""EVD_000367"",""EVD_000368"",""EVD_000365""]","[""SRC_000124""]",T_1H_RENOVATED_IN,FACT_HNQ_RV_PLACE_000022_PLACE_000022_RENOVATED_IN,template,easy,approved,
HNQ_2H_PLACE_000022_T_2H_COMPONENT_BUILT_WITH_MATERIAL_000001,HNQ_2H_PLACE_000022_T_2H_COMPONENT_BUILT_WITH_MATERIAL_000001,PLACE_000022,PLACE_000022,PLACE_000022,Hạng mục nào của Nhà Thờ Lớn Hà Nội được xây dựng bằng Gỗ?,"[""Bàn thờ Đức Mẹ Nhà Thờ Lớn Hà Nội"",""Bàn thờ Trái Tim Nhà Thờ Lớn Hà Nội"",""Nhóm màn gỗ chạm Nhà Thờ Lớn Hà Nội""]","[""ARCH_000185"",""ARCH_000186"",""HOBJ_000067""]","[[""Bàn thờ Đức Mẹ Nhà Thờ Lớn Hà Nội""],[""Bàn thờ Trái Tim Nhà Thờ Lớn Hà Nội""],[""Nhóm màn gỗ chạm Nhà Thờ Lớn Hà Nội""]]","[""PLACE_000022"",""MATERIAL_000001""]",multi_hop,Architecture|HeritageObject,2,"[""HAS_COMPONENT"",""BUILT_WITH""]","[""EDGE_000850"",""EDGE_000876"",""EDGE_000851"",""EDGE_000877"",""EDGE_000855"",""EDGE_000874""]","[""EVD_000364"",""EVD_000365"",""EVD_000366""]","[""SRC_000124""]",T_2H_COMPONENT_BUILT_WITH,FACT_HNQ_2H_PLACE_000022_T_2H_COMPONENT_BUILT_WITH_MATERIAL_000001,template,medium,approved,
HNQ_2H_PLACE_000022_T_2H_COMPONENT_BUILT_WITH_MATERIAL_000003,HNQ_2H_PLACE_000022_T_2H_COMPONENT_BUILT_WITH_MATERIAL_000003,PLACE_000022,PLACE_000022,PLACE_000022,Hạng mục nào của Nhà Thờ Lớn Hà Nội được xây dựng bằng Gạch?,"[""Mặt đứng chính Nhà Thờ Lớn Hà Nội""]","[""ARCH_000179""]","[[""Mặt đứng chính Nhà Thờ Lớn Hà Nội""]]","[""PLACE_000022"",""MATERIAL_000003""]",multi_hop,Architecture,2,"[""HAS_COMPONENT"",""BUILT_WITH""]","[""EDGE_000844"",""EDGE_000873""]","[""EVD_000364"",""EVD_000366""]","[""SRC_000124""]",T_2H_COMPONENT_BUILT_WITH,FACT_HNQ_2H_PLACE_000022_T_2H_COMPONENT_BUILT_WITH_MATERIAL_000003,template,medium,approved,
HNQ_2H_PLACE_000022_T_2H_COMPONENT_BUILT_WITH_MATERIAL_000007,HNQ_2H_PLACE_000022_T_2H_COMPONENT_BUILT_WITH_MATERIAL_000007,PLACE_000022,PLACE_000022,PLACE_000022,Hạng mục nào của Nhà Thờ Lớn Hà Nội được xây dựng bằng Đá cẩm thạch?,"[""Cung thánh Nhà Thờ Lớn Hà Nội""]","[""ARCH_000181""]","[[""Cung thánh Nhà Thờ Lớn Hà Nội""]]","[""PLACE_000022"",""MATERIAL_000007""]",multi_hop,Architecture,2,"[""HAS_COMPONENT"",""BUILT_WITH""]","[""EDGE_000846"",""EDGE_000875""]","[""EVD_000364"",""EVD_000369""]","[""SRC_000124""]",T_2H_COMPONENT_BUILT_WITH,FACT_HNQ_2H_PLACE_000022_T_2H_COMPONENT_BUILT_WITH_MATERIAL_000007,template,medium,approved,
HNQ_2H_PLACE_000022_T_2H_COMPONENT_STYLE_ASTYLE_000005,HNQ_2H_PLACE_000022_T_2H_COMPONENT_STYLE_ASTYLE_000005,PLACE_000022,PLACE_000022,PLACE_000022,Hạng mục nào của Nhà Thờ Lớn Hà Nội mang phong cách Kiến trúc Gothic?,"[""Mặt đứng chính Nhà Thờ Lớn Hà Nội""]","[""ARCH_000179""]","[[""Mặt đứng chính Nhà Thờ Lớn Hà Nội""]]","[""PLACE_000022"",""ASTYLE_000005""]",multi_hop,Architecture,2,"[""HAS_COMPONENT"",""HAS_ARCHITECTURAL_STYLE""]","[""EDGE_000844"",""EDGE_000862""]","[""EVD_000364""]","[""SRC_000124""]",T_2H_COMPONENT_STYLE,FACT_HNQ_2H_PLACE_000022_T_2H_COMPONENT_STYLE_ASTYLE_000005,template,medium,approved,
HNQ_2H_PLACE_000022_T_2H_EVENT_LOCATION_all,HNQ_2H_PLACE_000022_T_2H_EVENT_LOCATION_all,PLACE_000022,PLACE_000022,PLACE_000022,Các sự kiện gắn với Nhà Thờ Lớn Hà Nội được ghi nhận là diễn ra tại những đâu?,"[""Ngày 24 tháng 12 năm 1886"",""Ngày 23 tháng 12 năm 1887"",""Ngày 3 tháng 12 năm 1924""]","[""TIME_000087"",""TIME_000088"",""TIME_000089""]","[[""Ngày 24 tháng 12 năm 1886"",""24/12/1886"",""1886-12-24""],[""Ngày 23 tháng 12 năm 1887"",""23/12/1887"",""1887-12-23""],[""Ngày 3 tháng 12 năm 1924"",""03/12/1924"",""1924-12-03""]]","[""PLACE_000022""]",multi_hop,Time,2,"[""HAS_EVENT"",""OCCURRED_IN""]","[""EDGE_000863"",""EDGE_000864"",""EDGE_000865"",""EDGE_000866"",""EDGE_000867"",""EDGE_000868""]","[""EVD_000361"",""EVD_000362"",""EVD_000363""]","[""SRC_000121""]",T_2H_EVENT_LOCATION,FACT_HNQ_2H_PLACE_000022_T_2H_EVENT_LOCATION_all,template,medium,approved,
HNQ_1H_PLACE_000022_EDGE_000838,HNQ_1H_PLACE_000022_EDGE_000838,PLACE_000022,PLACE_000022,PLACE_000022,"Theo nguồn đã lưu, Nhà Thờ Lớn Hà Nội có địa chỉ nào?","[""Số 40 phố Nhà Chung, phường Hoàn Kiếm, Hà Nội""]","[""ADDRESS_000019""]","[[""Số 40 phố Nhà Chung, phường Hoàn Kiếm, Hà Nội""]]","[""PLACE_000022""]",single_hop,Address,1,"[""HAS_ADDRESS""]","[""EDGE_000838""]","[""EVD_000358""]","[""SRC_000121""]",T_1H_HAS_ADDRESS,FACT_HNQ_1H_PLACE_000022_EDGE_000838,template,easy,approved,
HNQ_1H_PLACE_000022_EDGE_000839,HNQ_1H_PLACE_000022_EDGE_000839,PLACE_000022,PLACE_000022,PLACE_000022,Nhà Thờ Lớn Hà Nội nằm tại vị trí nào?,"[""Phố Nhà Chung""]","[""LOCATION_000021""]","[[""Phố Nhà Chung""]]","[""PLACE_000022""]",single_hop,Location,1,"[""LOCATED_IN""]","[""EDGE_000839""]","[""EVD_000358""]","[""SRC_000121""]",T_1H_LOCATED_IN,FACT_HNQ_1H_PLACE_000022_EDGE_000839,template,easy,approved,
HNQ_1H_PLACE_000022_EDGE_000840,HNQ_1H_PLACE_000022_EDGE_000840,PLACE_000022,PLACE_000022,PLACE_000022,Nhà Thờ Lớn Hà Nội nằm tại phường nào?,"[""Phường Hoàn Kiếm""]","[""ADMIN_000006""]","[[""Phường Hoàn Kiếm""]]","[""PLACE_000022""]",single_hop,AdministrativeArea,1,"[""LOCATED_IN""]","[""EDGE_000840""]","[""EVD_000358""]","[""SRC_000121""]",T_1H_LOCATED_IN,FACT_HNQ_1H_PLACE_000022_EDGE_000840,template,easy,approved,
HNQ_1H_PLACE_000022_EDGE_000841,HNQ_1H_PLACE_000022_EDGE_000841,PLACE_000022,PLACE_000022,PLACE_000022,Nhà Thờ Lớn Hà Nội nằm tại thành phố nào?,"[""Thành phố Hà Nội""]","[""ADMIN_000002""]","[[""Thành phố Hà Nội"",""Hà Nội""]]","[""PLACE_000022""]",single_hop,AdministrativeArea,1,"[""LOCATED_IN""]","[""EDGE_000841""]","[""EVD_000358""]","[""SRC_000121""]",T_1H_LOCATED_IN,FACT_HNQ_1H_PLACE_000022_EDGE_000841,template,easy,approved,
HNQ_1H_PLACE_000022_EDGE_000857,HNQ_1H_PLACE_000022_EDGE_000857,PLACE_000022,PLACE_000022,PLACE_000022,Nhà Thờ Lớn Hà Nội được xây dựng vào thời điểm nào?,"[""Giai đoạn 1882–1886""]","[""TIME_000086""]","[[""Giai đoạn 1882–1886"",""1882-1886""]]","[""PLACE_000022""]",single_hop,Time,1,"[""BUILT_IN""]","[""EDGE_000857""]","[""EVD_000360""]","[""SRC_000121""]",T_1H_BUILT_IN,FACT_HNQ_1H_PLACE_000022_EDGE_000857,template,easy,approved,
HNQ_1H_PLACE_000022_EDGE_000858,HNQ_1H_PLACE_000022_EDGE_000858,PLACE_000022,PLACE_000022,PLACE_000022,Nhân vật nào cho xây dựng Nhà Thờ Lớn Hà Nội?,"[""Paul-François Puginier""]","[""PERSON_000049""]","[[""Paul-François Puginier"",""Đức cha Puginier"",""Đức cha Puginier Phước""]]","[""PLACE_000022""]",single_hop,Person,1,"[""BUILT_BY""]","[""EDGE_000858""]","[""EVD_000360""]","[""SRC_000121""]",T_1H_BUILT_BY,FACT_HNQ_1H_PLACE_000022_EDGE_000858,template,easy,approved,
HNQ_1H_PLACE_000022_EDGE_000860,HNQ_1H_PLACE_000022_EDGE_000860,PLACE_000022,PLACE_000022,PLACE_000022,Đơn vị nào quản lý Nhà Thờ Lớn Hà Nội?,"[""Tổng Giáo phận Hà Nội""]","[""ORG_000010""]","[[""Tổng Giáo phận Hà Nội"",""Tổng Giáo phận Công giáo Hà Nội"",""Archdiocese of Hanoi""]]","[""PLACE_000022""]",single_hop,Organization,1,"[""MANAGED_BY""]","[""EDGE_000860""]","[""EVD_000359""]","[""SRC_000121""]",T_1H_MANAGED_BY,FACT_HNQ_1H_PLACE_000022_EDGE_000860,template,easy,approved,
HNQ_1H_PLACE_000022_EDGE_000861,HNQ_1H_PLACE_000022_EDGE_000861,PLACE_000022,PLACE_000022,PLACE_000022,Nhà Thờ Lớn Hà Nội mang phong cách kiến trúc nào?,"[""Kiến trúc Gothic""]","[""ASTYLE_000005""]","[[""Kiến trúc Gothic"",""Kiến trúc gô-tích"",""Gothic""]]","[""PLACE_000022""]",single_hop,ArchitecturalStyle,1,"[""HAS_ARCHITECTURAL_STYLE""]","[""EDGE_000861""]","[""EVD_000364""]","[""SRC_000124""]",T_1H_HAS_ARCHITECTURAL_STYLE,FACT_HNQ_1H_PLACE_000022_EDGE_000861,template,easy,approved,
HNQ_1H_PLACE_000022_EDGE_000862,HNQ_1H_PLACE_000022_EDGE_000862,PLACE_000022,PLACE_000022,ARCH_000179,Mặt đứng chính Nhà Thờ Lớn Hà Nội mang phong cách kiến trúc nào?,"[""Kiến trúc Gothic""]","[""ASTYLE_000005""]","[[""Kiến trúc Gothic"",""Kiến trúc gô-tích"",""Gothic""]]","[""ARCH_000179""]",single_hop,ArchitecturalStyle,1,"[""HAS_ARCHITECTURAL_STYLE""]","[""EDGE_000862""]","[""EVD_000364""]","[""SRC_000124""]",T_1H_HAS_ARCHITECTURAL_STYLE,FACT_HNQ_1H_PLACE_000022_EDGE_000862,template,easy,approved,
HNQ_1H_PLACE_000022_EDGE_000871,HNQ_1H_PLACE_000022_EDGE_000871,PLACE_000022,PLACE_000022,ARCH_000181,Cung thánh Nhà Thờ Lớn Hà Nội được trùng tu hoặc xây dựng lại vào thời điểm nào?,"[""Năm 2018""]","[""TIME_000092""]","[[""Năm 2018"",""2018""]]","[""ARCH_000181""]",single_hop,Time,1,"[""RENOVATED_IN""]","[""EDGE_000871""]","[""EVD_000369""]","[""SRC_000124""]",T_1H_RENOVATED_IN,FACT_HNQ_1H_PLACE_000022_EDGE_000871,template,easy,approved,
